-- MySQL dump 10.13  Distrib 8.0.37, for Win64 (x86_64)
--
-- Host: localhost    Database: weighbridge_prod
-- ------------------------------------------------------
-- Server version	8.0.37

/*!40101 SET @OLD_CHARACTER_SET_CLIENT=@@CHARACTER_SET_CLIENT */;
/*!40101 SET @OLD_CHARACTER_SET_RESULTS=@@CHARACTER_SET_RESULTS */;
/*!40101 SET @OLD_COLLATION_CONNECTION=@@COLLATION_CONNECTION */;
/*!50503 SET NAMES utf8mb4 */;
/*!40103 SET @OLD_TIME_ZONE=@@TIME_ZONE */;
/*!40103 SET TIME_ZONE='+00:00' */;
/*!40014 SET @OLD_UNIQUE_CHECKS=@@UNIQUE_CHECKS, UNIQUE_CHECKS=0 */;
/*!40014 SET @OLD_FOREIGN_KEY_CHECKS=@@FOREIGN_KEY_CHECKS, FOREIGN_KEY_CHECKS=0 */;
/*!40101 SET @OLD_SQL_MODE=@@SQL_MODE, SQL_MODE='NO_AUTO_VALUE_ON_ZERO' */;
/*!40111 SET @OLD_SQL_NOTES=@@SQL_NOTES, SQL_NOTES=0 */;

--
-- Table structure for table `camera_master`
--

DROP TABLE IF EXISTS `camera_master`;
/*!40101 SET @saved_cs_client     = @@character_set_client */;
/*!50503 SET character_set_client = utf8mb4 */;
CREATE TABLE `camera_master` (
  `id` bigint NOT NULL AUTO_INCREMENT,
  `right_cam_url6` varchar(255) DEFAULT NULL,
  `back_cam_url4` varchar(255) DEFAULT NULL,
  `bottom_cam_url2` varchar(255) DEFAULT NULL,
  `company_id` varchar(255) DEFAULT NULL,
  `created_by` varchar(255) DEFAULT NULL,
  `created_date` datetime(6) DEFAULT NULL,
  `front_cam_url3` varchar(255) DEFAULT NULL,
  `left_cam_url5` varchar(255) DEFAULT NULL,
  `modified_by` varchar(255) DEFAULT NULL,
  `modified_date` datetime(6) DEFAULT NULL,
  `role_id` int DEFAULT NULL,
  `site_id` varchar(255) DEFAULT NULL,
  `top_cam_url1` varchar(255) DEFAULT NULL,
  PRIMARY KEY (`id`)
) ENGINE=InnoDB DEFAULT CHARSET=utf8mb4 COLLATE=utf8mb4_0900_ai_ci;
/*!40101 SET character_set_client = @saved_cs_client */;

--
-- Dumping data for table `camera_master`
--

LOCK TABLES `camera_master` WRITE;
/*!40000 ALTER TABLE `camera_master` DISABLE KEYS */;
/*!40000 ALTER TABLE `camera_master` ENABLE KEYS */;
UNLOCK TABLES;

--
-- Table structure for table `camera_view`
--

DROP TABLE IF EXISTS `camera_view`;
/*!40101 SET @saved_cs_client     = @@character_set_client */;
/*!50503 SET character_set_client = utf8mb4 */;
CREATE TABLE `camera_view` (
  `id` bigint NOT NULL AUTO_INCREMENT,
  `back_img2` varchar(255) DEFAULT NULL,
  `bottom_img4` varchar(255) DEFAULT NULL,
  `date` date DEFAULT NULL,
  `front_img1` varchar(255) DEFAULT NULL,
  `left_img5` varchar(255) DEFAULT NULL,
  `right_img6` varchar(255) DEFAULT NULL,
  `role_id` int DEFAULT NULL,
  `ticket_no` int DEFAULT NULL,
  `top_img3` varchar(255) DEFAULT NULL,
  `truck_status` varchar(255) DEFAULT NULL,
  PRIMARY KEY (`id`)
) ENGINE=InnoDB AUTO_INCREMENT=899 DEFAULT CHARSET=utf8mb4 COLLATE=utf8mb4_0900_ai_ci;
/*!40101 SET character_set_client = @saved_cs_client */;

--
-- Dumping data for table `camera_view`
--

LOCK TABLES `camera_view` WRITE;
/*!40000 ALTER TABLE `camera_view` DISABLE KEYS */;
INSERT INTO `camera_view` VALUES (1,'C:\\VIKRAM PRIVATE LIMITED\\SUNDARGARH\\GATE_USER\\backImg2_GATE_USER_VK01@01_1721975020452.jpg',NULL,'2024-07-26',NULL,NULL,NULL,6,1,NULL,'ENTRY'),(2,'C:\\VIKRAM PRIVATE LIMITED\\SUNDARGARH\\GATE_USER\\backImg2_GATE_USER_VK01@01_1721975320039.jpg',NULL,'2024-07-26',NULL,NULL,NULL,6,2,NULL,'ENTRY'),(3,'C:\\VIKRAM PRIVATE LIMITED\\SUNDARGARH\\GATE_USER\\backImg2_GATE_USER_VK01@01_1721975617406.jpg',NULL,'2024-07-26',NULL,NULL,NULL,6,3,NULL,'ENTRY'),(4,'C:\\VIKRAM PRIVATE LIMITED\\SUNDARGARH\\GATE_USER\\backImg2_GATE_USER_VK01@01_1721975954249.jpg',NULL,'2024-07-26',NULL,NULL,NULL,6,4,NULL,'ENTRY'),(5,'C:\\VIKRAM PRIVATE LIMITED\\SUNDARGARH\\GATE_USER\\backImg2_GATE_USER_VK01@01_1721976187710.jpg',NULL,'2024-07-26',NULL,NULL,NULL,6,5,NULL,'ENTRY'),(6,'C:\\VIKRAM PRIVATE LIMITED\\SUNDARGARH\\GATE_USER\\backImg2_GATE_USER_VK01@01_1721977178427.jpg',NULL,'2024-07-26',NULL,NULL,NULL,6,1,'C:\\VIKRAM PRIVATE LIMITED\\SUNDARGARH\\GATE_USER\\topImg3_GATE_USER_VK01@01_1721977178428.jpg','EXIT'),(7,'C:\\VIKRAM PRIVATE LIMITED\\SUNDARGARH\\GATE_USER\\backImg2_GATE_USER_VK01@01_1721977209067.jpg',NULL,'2024-07-26',NULL,NULL,NULL,6,1,'C:\\VIKRAM PRIVATE LIMITED\\SUNDARGARH\\GATE_USER\\topImg3_GATE_USER_VK01@01_1721977209069.jpg','EXIT'),(8,'C:\\VIKRAM PRIVATE LIMITED\\SUNDARGARH\\GATE_USER\\backImg2_GATE_USER_VK01@01_1721980249707.jpg',NULL,'2024-07-26',NULL,NULL,NULL,6,1,'C:\\VIKRAM PRIVATE LIMITED\\SUNDARGARH\\GATE_USER\\topImg3_GATE_USER_VK01@01_1721980249707.jpg','EXIT'),(9,'C:\\VIKRAM PRIVATE LIMITED\\SUNDARGARH\\GATE_USER\\backImg2_GATE_USER_VK01@01_1721980284259.jpg',NULL,'2024-07-26',NULL,NULL,NULL,6,2,'C:\\VIKRAM PRIVATE LIMITED\\SUNDARGARH\\GATE_USER\\topImg3_GATE_USER_VK01@01_1721980284261.jpg','EXIT'),(10,'C:\\VIKRAM PRIVATE LIMITED\\SUNDARGARH\\GATE_USER\\backImg2_GATE_USER_VK01@01_1721980303798.jpg',NULL,'2024-07-26',NULL,NULL,NULL,6,3,'C:\\VIKRAM PRIVATE LIMITED\\SUNDARGARH\\GATE_USER\\topImg3_GATE_USER_VK01@01_1721980303798.jpg','EXIT'),(11,'C:\\VIKRAM PRIVATE LIMITED\\SUNDARGARH\\GATE_USER\\backImg2_GATE_USER_VK01@01_1721980324770.jpg',NULL,'2024-07-26',NULL,NULL,NULL,6,4,'C:\\VIKRAM PRIVATE LIMITED\\SUNDARGARH\\GATE_USER\\topImg3_GATE_USER_VK01@01_1721980324770.jpg','EXIT'),(12,'C:\\VIKRAM PRIVATE LIMITED\\SUNDARGARH\\GATE_USER\\backImg2_GATE_USER_VK01@01_1721980342727.jpg',NULL,'2024-07-26',NULL,NULL,NULL,6,5,'C:\\VIKRAM PRIVATE LIMITED\\SUNDARGARH\\GATE_USER\\topImg3_GATE_USER_VK01@01_1721980342728.jpg','EXIT'),(13,'C:\\VIKRAM PRIVATE LIMITED\\SUNDARGARH\\GATE_USER\\backImg2_GATE_USER_VK01@01_1721981914503.jpg',NULL,'2024-07-26',NULL,NULL,NULL,6,6,NULL,'ENTRY'),(14,'C:\\VIKRAM PRIVATE LIMITED\\SUNDARGARH\\GATE_USER\\backImg2_GATE_USER_VK01@01_1721984332391.jpg',NULL,'2024-07-26',NULL,NULL,NULL,6,7,'C:\\VIKRAM PRIVATE LIMITED\\SUNDARGARH\\GATE_USER\\topImg3_GATE_USER_VK01@01_1721984332392.jpg','ENTRY'),(15,'C:\\VIKRAM PRIVATE LIMITED\\SUNDARGARH\\GATE_USER\\backImg2_GATE_USER_VK01@01_1721995045227.jpg',NULL,'2024-07-26',NULL,NULL,NULL,6,8,NULL,'ENTRY'),(16,'C:\\VIKRAM PRIVATE LIMITED\\SUNDARGARH\\GATE_USER\\backImg2_GATE_USER_VK01@01_1721995328403.jpg',NULL,'2024-07-26',NULL,NULL,NULL,6,9,NULL,'ENTRY'),(17,'C:\\VIKRAM PRIVATE LIMITED\\SUNDARGARH\\GATE_USER\\backImg2_GATE_USER_VK01@01_1721995651296.jpg',NULL,'2024-07-26',NULL,NULL,NULL,6,10,'C:\\VIKRAM PRIVATE LIMITED\\SUNDARGARH\\GATE_USER\\topImg3_GATE_USER_VK01@01_1721995651297.jpg','ENTRY'),(18,'C:\\VIKRAM PRIVATE LIMITED\\SUNDARGARH\\GATE_USER\\backImg2_GATE_USER_VK01@01_1721996566207.jpg',NULL,'2024-07-26',NULL,NULL,NULL,6,8,'C:\\VIKRAM PRIVATE LIMITED\\SUNDARGARH\\GATE_USER\\topImg3_GATE_USER_VK01@01_1721996566207.jpg','EXIT'),(19,'C:\\VIKRAM PRIVATE LIMITED\\SUNDARGARH\\GATE_USER\\backImg2_GATE_USER_VK01@01_1721996590514.jpg',NULL,'2024-07-26',NULL,NULL,NULL,6,9,'C:\\VIKRAM PRIVATE LIMITED\\SUNDARGARH\\GATE_USER\\topImg3_GATE_USER_VK01@01_1721996590514.jpg','EXIT'),(20,'C:\\VIKRAM PRIVATE LIMITED\\SUNDARGARH\\GATE_USER\\backImg2_GATE_USER_VK01@01_1722000083088.jpg',NULL,'2024-07-26',NULL,NULL,NULL,6,11,NULL,'ENTRY'),(21,'C:\\VIKRAM PRIVATE LIMITED\\SUNDARGARH\\GATE_USER\\backImg2_GATE_USER_VK01@01_1722000344979.jpg',NULL,'2024-07-26',NULL,NULL,NULL,6,12,NULL,'ENTRY'),(22,'C:\\VIKRAM PRIVATE LIMITED\\SUNDARGARH\\GATE_USER\\backImg2_GATE_USER_VK01@01_1722000738054.jpg',NULL,'2024-07-26',NULL,NULL,NULL,6,13,NULL,'ENTRY'),(23,'C:\\VIKRAM PRIVATE LIMITED\\SUNDARGARH\\GATE_USER\\backImg2_GATE_USER_VK01@01_1722001577172.jpg',NULL,'2024-07-26',NULL,NULL,NULL,6,11,'C:\\VIKRAM PRIVATE LIMITED\\SUNDARGARH\\GATE_USER\\topImg3_GATE_USER_VK01@01_1722001577172.jpg','EXIT'),(24,'C:\\VIKRAM PRIVATE LIMITED\\SUNDARGARH\\GATE_USER\\backImg2_GATE_USER_VK01@01_1722001703128.jpg',NULL,'2024-07-26',NULL,NULL,NULL,6,12,'C:\\VIKRAM PRIVATE LIMITED\\SUNDARGARH\\GATE_USER\\topImg3_GATE_USER_VK01@01_1722001703128.jpg','EXIT'),(25,'C:\\VIKRAM PRIVATE LIMITED\\SUNDARGARH\\GATE_USER\\backImg2_GATE_USER_VK01@01_1722001716246.jpg',NULL,'2024-07-26',NULL,NULL,NULL,6,12,'C:\\VIKRAM PRIVATE LIMITED\\SUNDARGARH\\GATE_USER\\topImg3_GATE_USER_VK01@01_1722001716247.jpg','EXIT'),(26,'C:\\VIKRAM PRIVATE LIMITED\\SUNDARGARH\\GATE_USER\\backImg2_GATE_USER_VK01@01_1722001743372.jpg',NULL,'2024-07-26',NULL,NULL,NULL,6,12,'C:\\VIKRAM PRIVATE LIMITED\\SUNDARGARH\\GATE_USER\\topImg3_GATE_USER_VK01@01_1722001743372.jpg','EXIT'),(27,'C:\\VIKRAM PRIVATE LIMITED\\SUNDARGARH\\GATE_USER\\backImg2_GATE_USER_VK01@01_1722001847156.jpg',NULL,'2024-07-26',NULL,NULL,NULL,6,13,'C:\\VIKRAM PRIVATE LIMITED\\SUNDARGARH\\GATE_USER\\topImg3_GATE_USER_VK01@01_1722001847156.jpg','EXIT'),(28,'C:\\VIKRAM PRIVATE LIMITED\\SUNDARGARH\\GATE_USER\\backImg2_GATE_USER_VK01@01_1722001867963.jpg',NULL,'2024-07-26',NULL,NULL,NULL,6,13,'C:\\VIKRAM PRIVATE LIMITED\\SUNDARGARH\\GATE_USER\\topImg3_GATE_USER_VK01@01_1722001867974.jpg','EXIT'),(29,'C:\\VIKRAM PRIVATE LIMITED\\SUNDARGARH\\GATE_USER\\backImg2_GATE_USER_VK01@01_1722001984796.jpg',NULL,'2024-07-26',NULL,NULL,NULL,6,12,'C:\\VIKRAM PRIVATE LIMITED\\SUNDARGARH\\GATE_USER\\topImg3_GATE_USER_VK01@01_1722001984796.jpg','EXIT'),(30,'C:\\VIKRAM PRIVATE LIMITED\\SUNDARGARH\\GATE_USER\\backImg2_GATE_USER_VK01@01_1722002153972.jpg',NULL,'2024-07-26',NULL,NULL,NULL,6,12,'C:\\VIKRAM PRIVATE LIMITED\\SUNDARGARH\\GATE_USER\\topImg3_GATE_USER_VK01@01_1722002153972.jpg','EXIT'),(31,'C:\\VIKRAM PRIVATE LIMITED\\SUNDARGARH\\GATE_USER\\backImg2_GATE_USER_VK01@01_1722002268297.jpg',NULL,'2024-07-26',NULL,NULL,NULL,6,12,'C:\\VIKRAM PRIVATE LIMITED\\SUNDARGARH\\GATE_USER\\topImg3_GATE_USER_VK01@01_1722002268297.jpg','EXIT'),(32,'C:\\VIKRAM PRIVATE LIMITED\\SUNDARGARH\\GATE_USER\\backImg2_GATE_USER_VK01@01_1722002497629.jpg',NULL,'2024-07-26',NULL,NULL,NULL,6,14,NULL,'ENTRY'),(33,'C:\\VIKRAM PRIVATE LIMITED\\SUNDARGARH\\GATE_USER\\backImg2_GATE_USER_VK01@01_1722002560364.jpg',NULL,'2024-07-26',NULL,NULL,NULL,6,13,'C:\\VIKRAM PRIVATE LIMITED\\SUNDARGARH\\GATE_USER\\topImg3_GATE_USER_VK01@01_1722002560364.jpg','EXIT'),(34,'C:\\VIKRAM PRIVATE LIMITED\\SUNDARGARH\\GATE_USER\\backImg2_GATE_USER_VK01@01_1722003826064.jpg',NULL,'2024-07-26',NULL,NULL,NULL,6,14,'C:\\VIKRAM PRIVATE LIMITED\\SUNDARGARH\\GATE_USER\\topImg3_GATE_USER_VK01@01_1722003826064.jpg','EXIT'),(35,'C:\\VIKRAM PRIVATE LIMITED\\SUNDARGARH\\GATE_USER\\backImg2_GATE_USER_VK01@01_1722003882315.jpg',NULL,'2024-07-26',NULL,NULL,NULL,6,12,'C:\\VIKRAM PRIVATE LIMITED\\SUNDARGARH\\GATE_USER\\topImg3_GATE_USER_VK01@01_1722003882315.jpg','EXIT'),(36,'C:\\VIKRAM PRIVATE LIMITED\\SUNDARGARH\\GATE_USER\\backImg2_GATE_USER_VK01@01_1722003896562.jpg',NULL,'2024-07-26',NULL,NULL,NULL,6,13,'C:\\VIKRAM PRIVATE LIMITED\\SUNDARGARH\\GATE_USER\\topImg3_GATE_USER_VK01@01_1722003896565.jpg','EXIT'),(37,'C:\\VIKRAM PRIVATE LIMITED\\SUNDARGARH\\GATE_USER\\backImg2_GATE_USER_VK01@01_1722004019232.jpg',NULL,'2024-07-26',NULL,NULL,NULL,6,13,'C:\\VIKRAM PRIVATE LIMITED\\SUNDARGARH\\GATE_USER\\topImg3_GATE_USER_VK01@01_1722004019233.jpg','EXIT'),(38,'C:\\VIKRAM PRIVATE LIMITED\\SUNDARGARH\\GATE_USER\\backImg2_GATE_USER_VK01@01_1722006575138.jpg',NULL,'2024-07-26',NULL,NULL,NULL,6,15,NULL,'ENTRY'),(39,'C:\\VIKRAM PRIVATE LIMITED\\SUNDARGARH\\GATE_USER\\backImg2_GATE_USER_VK01@01_1722008840202.jpg',NULL,'2024-07-26',NULL,NULL,NULL,6,15,'C:\\VIKRAM PRIVATE LIMITED\\SUNDARGARH\\GATE_USER\\topImg3_GATE_USER_VK01@01_1722008840203.jpg','EXIT'),(40,'C:\\VIKRAM PRIVATE LIMITED\\SUNDARGARH\\GATE_USER\\backImg2_GATE_USER_VK01@01_1722010192595.jpg',NULL,'2024-07-26',NULL,NULL,NULL,6,16,NULL,'ENTRY'),(41,'C:\\VIKRAM PRIVATE LIMITED\\SUNDARGARH\\GATE_USER\\backImg2_GATE_USER_VK01@01_1722010583617.jpg',NULL,'2024-07-26',NULL,NULL,NULL,6,17,NULL,'ENTRY'),(42,'C:\\VIKRAM PRIVATE LIMITED\\SUNDARGARH\\GATE_USER\\backImg2_GATE_USER_VK01@01_1722012281100.jpg',NULL,'2024-07-26',NULL,NULL,NULL,6,16,'C:\\VIKRAM PRIVATE LIMITED\\SUNDARGARH\\GATE_USER\\topImg3_GATE_USER_VK01@01_1722012281102.jpg','EXIT'),(43,'C:\\VIKRAM PRIVATE LIMITED\\SUNDARGARH\\GATE_USER\\backImg2_GATE_USER_VK01@01_1722012378483.jpg',NULL,'2024-07-26',NULL,NULL,NULL,6,7,'C:\\VIKRAM PRIVATE LIMITED\\SUNDARGARH\\GATE_USER\\topImg3_GATE_USER_VK01@01_1722012378483.jpg','EXIT'),(44,'C:\\VIKRAM PRIVATE LIMITED\\SUNDARGARH\\GATE_USER\\backImg2_GATE_USER_VK01@01_1722012469109.jpg',NULL,'2024-07-26',NULL,NULL,NULL,6,17,'C:\\VIKRAM PRIVATE LIMITED\\SUNDARGARH\\GATE_USER\\topImg3_GATE_USER_VK01@01_1722012469109.jpg','EXIT'),(45,'C:\\VIKRAM PRIVATE LIMITED\\SUNDARGARH\\GATE_USER\\backImg2_GATE_USER_VK01@01_1722012951088.jpg',NULL,'2024-07-26',NULL,NULL,NULL,6,18,NULL,'ENTRY'),(46,'C:\\VIKRAM PRIVATE LIMITED\\SUNDARGARH\\GATE_USER\\backImg2_GATE_USER_VK01@01_1722014896994.jpg',NULL,'2024-07-26',NULL,NULL,NULL,6,18,'C:\\VIKRAM PRIVATE LIMITED\\SUNDARGARH\\GATE_USER\\topImg3_GATE_USER_VK01@01_1722014896994.jpg','EXIT'),(47,'C:\\VIKRAM PRIVATE LIMITED\\SUNDARGARH\\GATE_USER\\backImg2_GATE_USER_VK01@01_1722014919830.jpg',NULL,'2024-07-26',NULL,NULL,NULL,6,18,'C:\\VIKRAM PRIVATE LIMITED\\SUNDARGARH\\GATE_USER\\topImg3_GATE_USER_VK01@01_1722014919831.jpg','EXIT'),(48,'C:\\VIKRAM PRIVATE LIMITED\\SUNDARGARH\\GATE_USER\\backImg2_GATE_USER_VK01@01_1722014974533.jpg',NULL,'2024-07-26',NULL,NULL,NULL,6,18,'C:\\VIKRAM PRIVATE LIMITED\\SUNDARGARH\\GATE_USER\\topImg3_GATE_USER_VK01@01_1722014974545.jpg','EXIT'),(49,'C:\\VIKRAM PRIVATE LIMITED\\SUNDARGARH\\GATE_USER\\backImg2_GATE_USER_VK01@01_1722015008838.jpg',NULL,'2024-07-26',NULL,NULL,NULL,6,18,'C:\\VIKRAM PRIVATE LIMITED\\SUNDARGARH\\GATE_USER\\topImg3_GATE_USER_VK01@01_1722015008839.jpg','EXIT'),(50,'C:\\VIKRAM PRIVATE LIMITED\\SUNDARGARH\\GATE_USER\\backImg2_GATE_USER_VK01@01_1722015067160.jpg',NULL,'2024-07-26',NULL,NULL,NULL,6,18,'C:\\VIKRAM PRIVATE LIMITED\\SUNDARGARH\\GATE_USER\\topImg3_GATE_USER_VK01@01_1722015067162.jpg','EXIT'),(51,'C:\\VIKRAM PRIVATE LIMITED\\SUNDARGARH\\GATE_USER\\backImg2_GATE_USER_VK01@01_1722050264346.jpg',NULL,'2024-07-27',NULL,NULL,NULL,6,12,'C:\\VIKRAM PRIVATE LIMITED\\SUNDARGARH\\GATE_USER\\topImg3_GATE_USER_VK01@01_1722050264346.jpg','EXIT'),(52,'C:\\VIKRAM PRIVATE LIMITED\\SUNDARGARH\\GATE_USER\\backImg2_GATE_USER_VK01@01_1722050276564.jpg',NULL,'2024-07-27',NULL,NULL,NULL,6,18,'C:\\VIKRAM PRIVATE LIMITED\\SUNDARGARH\\GATE_USER\\topImg3_GATE_USER_VK01@01_1722050276564.jpg','EXIT'),(53,'C:\\VIKRAM PRIVATE LIMITED\\SUNDARGARH\\GATE_USER\\backImg2_GATE_USER_VK01@01_1722050297111.jpg',NULL,'2024-07-27',NULL,NULL,NULL,6,18,'C:\\VIKRAM PRIVATE LIMITED\\SUNDARGARH\\GATE_USER\\topImg3_GATE_USER_VK01@01_1722050297111.jpg','EXIT'),(54,'C:\\VIKRAM PRIVATE LIMITED\\SUNDARGARH\\GATE_USER\\backImg2_GATE_USER_VK01@01_1722050396258.jpg',NULL,'2024-07-27',NULL,NULL,NULL,6,18,'C:\\VIKRAM PRIVATE LIMITED\\SUNDARGARH\\GATE_USER\\topImg3_GATE_USER_VK01@01_1722050396258.jpg','EXIT'),(55,'C:\\VIKRAM PRIVATE LIMITED\\SUNDARGARH\\GATE_USER\\backImg2_GATE_USER_VK01@01_1722050902721.jpg',NULL,'2024-07-27',NULL,NULL,NULL,6,19,NULL,'ENTRY'),(56,'C:\\VIKRAM PRIVATE LIMITED\\SUNDARGARH\\GATE_USER\\backImg2_GATE_USER_VK01@01_1722052333164.jpg',NULL,'2024-07-27',NULL,NULL,NULL,6,19,'C:\\VIKRAM PRIVATE LIMITED\\SUNDARGARH\\GATE_USER\\topImg3_GATE_USER_VK01@01_1722052333164.jpg','EXIT'),(57,'C:\\VIKRAM PRIVATE LIMITED\\SUNDARGARH\\GATE_USER\\backImg2_GATE_USER_VK01@01_1722052551779.jpg',NULL,'2024-07-27',NULL,NULL,NULL,6,20,NULL,'ENTRY'),(58,'C:\\VIKRAM PRIVATE LIMITED\\SUNDARGARH\\GATE_USER\\backImg2_GATE_USER_VK01@01_1722054287190.jpg',NULL,'2024-07-27',NULL,NULL,NULL,6,20,'C:\\VIKRAM PRIVATE LIMITED\\SUNDARGARH\\GATE_USER\\topImg3_GATE_USER_VK01@01_1722054287191.jpg','EXIT'),(59,'C:\\VIKRAM PRIVATE LIMITED\\SUNDARGARH\\GATE_USER\\backImg2_GATE_USER_VK01@01_1722060255181.jpg',NULL,'2024-07-27',NULL,NULL,NULL,6,41,'C:\\VIKRAM PRIVATE LIMITED\\SUNDARGARH\\GATE_USER\\topImg3_GATE_USER_VK01@01_1722060255181.jpg','ENTRY'),(60,'C:\\VIKRAM PRIVATE LIMITED\\SUNDARGARH\\GATE_USER\\backImg2_GATE_USER_VK01@01_1722088849690.jpg',NULL,'2024-07-27',NULL,NULL,NULL,6,42,NULL,'ENTRY'),(61,'C:\\VIKRAM PRIVATE LIMITED\\SUNDARGARH\\GATE_USER\\backImg2_GATE_USER_VK01@01_1722088918854.jpg',NULL,'2024-07-27',NULL,NULL,NULL,6,18,'C:\\VIKRAM PRIVATE LIMITED\\SUNDARGARH\\GATE_USER\\topImg3_GATE_USER_VK01@01_1722088918854.jpg','EXIT'),(62,'C:\\VIKRAM PRIVATE LIMITED\\SUNDARGARH\\GATE_USER\\backImg2_GATE_USER_VK01@01_1722088930138.jpg',NULL,'2024-07-27',NULL,NULL,NULL,6,13,'C:\\VIKRAM PRIVATE LIMITED\\SUNDARGARH\\GATE_USER\\topImg3_GATE_USER_VK01@01_1722088930139.jpg','EXIT'),(63,'C:\\VIKRAM PRIVATE LIMITED\\SUNDARGARH\\GATE_USER\\backImg2_GATE_USER_VK01@01_1722089194500.jpg',NULL,'2024-07-27',NULL,NULL,NULL,6,43,NULL,'ENTRY'),(64,'C:\\VIKRAM PRIVATE LIMITED\\SUNDARGARH\\GATE_USER\\backImg2_GATE_USER_VK01@01_1722089285161.jpg',NULL,'2024-07-27',NULL,NULL,NULL,6,41,'C:\\VIKRAM PRIVATE LIMITED\\SUNDARGARH\\GATE_USER\\topImg3_GATE_USER_VK01@01_1722089285162.jpg','EXIT'),(65,'C:\\VIKRAM PRIVATE LIMITED\\SUNDARGARH\\GATE_USER\\backImg2_GATE_USER_VK01@01_1722089476074.jpg',NULL,'2024-07-27',NULL,NULL,NULL,6,13,'C:\\VIKRAM PRIVATE LIMITED\\SUNDARGARH\\GATE_USER\\topImg3_GATE_USER_VK01@01_1722089476074.jpg','EXIT'),(66,'C:\\VIKRAM PRIVATE LIMITED\\SUNDARGARH\\GATE_USER\\backImg2_GATE_USER_VK01@01_1722089945336.jpg',NULL,'2024-07-27',NULL,NULL,NULL,6,44,NULL,'ENTRY'),(67,'C:\\VIKRAM PRIVATE LIMITED\\SUNDARGARH\\GATE_USER\\backImg2_GATE_USER_VK01@01_1722090128813.jpg',NULL,'2024-07-27',NULL,NULL,NULL,6,42,'C:\\VIKRAM PRIVATE LIMITED\\SUNDARGARH\\GATE_USER\\topImg3_GATE_USER_VK01@01_1722090128813.jpg','EXIT'),(68,'C:\\VIKRAM PRIVATE LIMITED\\SUNDARGARH\\GATE_USER\\backImg2_GATE_USER_VK01@01_1722090478442.jpg',NULL,'2024-07-27',NULL,NULL,NULL,6,43,'C:\\VIKRAM PRIVATE LIMITED\\SUNDARGARH\\GATE_USER\\topImg3_GATE_USER_VK01@01_1722090478442.jpg','EXIT'),(69,'C:\\VIKRAM PRIVATE LIMITED\\SUNDARGARH\\GATE_USER\\backImg2_GATE_USER_VK01@01_1722090742038.jpg',NULL,'2024-07-27',NULL,NULL,NULL,6,45,NULL,'ENTRY'),(70,'C:\\VIKRAM PRIVATE LIMITED\\SUNDARGARH\\GATE_USER\\backImg2_GATE_USER_VK01@01_1722091689080.jpg',NULL,'2024-07-27',NULL,NULL,NULL,6,44,'C:\\VIKRAM PRIVATE LIMITED\\SUNDARGARH\\GATE_USER\\topImg3_GATE_USER_VK01@01_1722091689080.jpg','EXIT'),(71,'C:\\VIKRAM PRIVATE LIMITED\\SUNDARGARH\\GATE_USER\\backImg2_GATE_USER_VK01@01_1722091893762.jpg',NULL,'2024-07-27',NULL,NULL,NULL,6,45,'C:\\VIKRAM PRIVATE LIMITED\\SUNDARGARH\\GATE_USER\\topImg3_GATE_USER_VK01@01_1722091893762.jpg','EXIT'),(72,'C:\\VIKRAM PRIVATE LIMITED\\SUNDARGARH\\GATE_USER\\backImg2_GATE_USER_VK01@01_1722092639059.jpg',NULL,'2024-07-27',NULL,NULL,NULL,6,52,NULL,'ENTRY'),(73,'C:\\VIKRAM PRIVATE LIMITED\\SUNDARGARH\\GATE_USER\\backImg2_GATE_USER_VK01@01_1722092892180.jpg',NULL,'2024-07-27',NULL,NULL,NULL,6,53,NULL,'ENTRY'),(74,'C:\\VIKRAM PRIVATE LIMITED\\SUNDARGARH\\GATE_USER\\backImg2_GATE_USER_VK01@01_1722094217004.jpg',NULL,'2024-07-27',NULL,NULL,NULL,6,53,NULL,'EXIT'),(75,'C:\\VIKRAM PRIVATE LIMITED\\SUNDARGARH\\GATE_USER\\backImg2_GATE_USER_VK01@01_1722132670105.jpg',NULL,'2024-07-28',NULL,NULL,NULL,6,54,NULL,'ENTRY'),(76,'C:\\VIKRAM PRIVATE LIMITED\\SUNDARGARH\\GATE_USER\\backImg2_GATE_USER_VK01@01_1722132935770.jpg',NULL,'2024-07-28',NULL,NULL,NULL,6,55,NULL,'ENTRY'),(77,'C:\\VIKRAM PRIVATE LIMITED\\SUNDARGARH\\GATE_USER\\backImg2_GATE_USER_VK01@01_1722134937852.jpg',NULL,'2024-07-28',NULL,NULL,NULL,6,54,'C:\\VIKRAM PRIVATE LIMITED\\SUNDARGARH\\GATE_USER\\topImg3_GATE_USER_VK01@01_1722134937852.jpg','EXIT'),(78,'C:\\VIKRAM PRIVATE LIMITED\\SUNDARGARH\\GATE_USER\\backImg2_GATE_USER_VK01@01_1722134957594.jpg',NULL,'2024-07-28',NULL,NULL,NULL,6,54,'C:\\VIKRAM PRIVATE LIMITED\\SUNDARGARH\\GATE_USER\\topImg3_GATE_USER_VK01@01_1722134957595.jpg','EXIT'),(79,'C:\\VIKRAM PRIVATE LIMITED\\SUNDARGARH\\GATE_USER\\backImg2_GATE_USER_VK01@01_1722135121833.jpg',NULL,'2024-07-28',NULL,NULL,NULL,6,55,'C:\\VIKRAM PRIVATE LIMITED\\SUNDARGARH\\GATE_USER\\topImg3_GATE_USER_VK01@01_1722135121833.jpg','EXIT'),(80,'C:\\VIKRAM PRIVATE LIMITED\\SUNDARGARH\\GATE_USER\\backImg2_GATE_USER_VK01@01_1722135165819.jpg',NULL,'2024-07-28',NULL,NULL,NULL,6,52,'C:\\VIKRAM PRIVATE LIMITED\\SUNDARGARH\\GATE_USER\\topImg3_GATE_USER_VK01@01_1722135165820.jpg','EXIT'),(81,'C:\\VIKRAM PRIVATE LIMITED\\SUNDARGARH\\GATE_USER\\backImg2_GATE_USER_VK01@01_1722135187254.jpg',NULL,'2024-07-28',NULL,NULL,NULL,6,18,'C:\\VIKRAM PRIVATE LIMITED\\SUNDARGARH\\GATE_USER\\topImg3_GATE_USER_VK01@01_1722135187257.jpg','EXIT'),(82,'C:\\VIKRAM PRIVATE LIMITED\\SUNDARGARH\\GATE_USER\\backImg2_GATE_USER_VK01@01_1722135196013.jpg',NULL,'2024-07-28',NULL,NULL,NULL,6,13,'C:\\VIKRAM PRIVATE LIMITED\\SUNDARGARH\\GATE_USER\\topImg3_GATE_USER_VK01@01_1722135196013.jpg','EXIT'),(83,'C:\\VIKRAM PRIVATE LIMITED\\SUNDARGARH\\GATE_USER\\backImg2_GATE_USER_VK01@01_1722135204803.jpg',NULL,'2024-07-28',NULL,NULL,NULL,6,13,'C:\\VIKRAM PRIVATE LIMITED\\SUNDARGARH\\GATE_USER\\topImg3_GATE_USER_VK01@01_1722135204804.jpg','EXIT'),(84,'C:\\VIKRAM PRIVATE LIMITED\\SUNDARGARH\\GATE_USER\\backImg2_GATE_USER_VK01@01_1722135310655.jpg',NULL,'2024-07-28',NULL,NULL,NULL,6,54,'C:\\VIKRAM PRIVATE LIMITED\\SUNDARGARH\\GATE_USER\\topImg3_GATE_USER_VK01@01_1722135310655.jpg','EXIT'),(85,'C:\\VIKRAM PRIVATE LIMITED\\SUNDARGARH\\GATE_USER\\backImg2_GATE_USER_VK01@01_1722135349377.jpg',NULL,'2024-07-28',NULL,NULL,NULL,6,10,'C:\\VIKRAM PRIVATE LIMITED\\SUNDARGARH\\GATE_USER\\topImg3_GATE_USER_VK01@01_1722135349377.jpg','EXIT'),(86,'C:\\VIKRAM PRIVATE LIMITED\\SUNDARGARH\\GATE_USER\\backImg2_GATE_USER_VK01@01_1722135381641.jpg',NULL,'2024-07-28',NULL,NULL,NULL,6,6,'C:\\VIKRAM PRIVATE LIMITED\\SUNDARGARH\\GATE_USER\\topImg3_GATE_USER_VK01@01_1722135381641.jpg','EXIT'),(87,'C:\\VIKRAM PRIVATE LIMITED\\SUNDARGARH\\GATE_USER\\backImg2_GATE_USER_VK01@01_1722135396716.jpg',NULL,'2024-07-28',NULL,NULL,NULL,6,54,'C:\\VIKRAM PRIVATE LIMITED\\SUNDARGARH\\GATE_USER\\topImg3_GATE_USER_VK01@01_1722135396716.jpg','EXIT'),(88,'C:\\VIKRAM PRIVATE LIMITED\\SUNDARGARH\\GATE_USER\\backImg2_GATE_USER_VK01@01_1722141534808.jpg',NULL,'2024-07-28',NULL,NULL,NULL,6,56,NULL,'ENTRY'),(89,'C:\\VIKRAM PRIVATE LIMITED\\SUNDARGARH\\GATE_USER\\backImg2_GATE_USER_VK01@01_1722142029904.jpg',NULL,'2024-07-28',NULL,NULL,NULL,6,57,NULL,'ENTRY'),(90,'C:\\VIKRAM PRIVATE LIMITED\\SUNDARGARH\\GATE_USER\\backImg2_GATE_USER_VK01@01_1722142353616.jpg',NULL,'2024-07-28',NULL,NULL,NULL,6,58,NULL,'ENTRY'),(91,'C:\\VIKRAM PRIVATE LIMITED\\SUNDARGARH\\GATE_USER\\backImg2_GATE_USER_VK01@01_1722142674107.jpg',NULL,'2024-07-28',NULL,NULL,NULL,6,59,NULL,'ENTRY'),(92,'C:\\VIKRAM PRIVATE LIMITED\\SUNDARGARH\\GATE_USER\\backImg2_GATE_USER_VK01@01_1722144943182.jpg',NULL,'2024-07-28',NULL,NULL,NULL,6,59,'C:\\VIKRAM PRIVATE LIMITED\\SUNDARGARH\\GATE_USER\\topImg3_GATE_USER_VK01@01_1722144943182.jpg','EXIT'),(93,'C:\\VIKRAM PRIVATE LIMITED\\SUNDARGARH\\GATE_USER\\backImg2_GATE_USER_VK01@01_1722144966868.jpg',NULL,'2024-07-28',NULL,NULL,NULL,6,58,'C:\\VIKRAM PRIVATE LIMITED\\SUNDARGARH\\GATE_USER\\topImg3_GATE_USER_VK01@01_1722144966868.jpg','EXIT'),(94,'C:\\VIKRAM PRIVATE LIMITED\\SUNDARGARH\\GATE_USER\\backImg2_GATE_USER_VK01@01_1722144976593.jpg',NULL,'2024-07-28',NULL,NULL,NULL,6,57,'C:\\VIKRAM PRIVATE LIMITED\\SUNDARGARH\\GATE_USER\\topImg3_GATE_USER_VK01@01_1722144976594.jpg','EXIT'),(95,'C:\\VIKRAM PRIVATE LIMITED\\SUNDARGARH\\GATE_USER\\backImg2_GATE_USER_VK01@01_1722145028555.jpg',NULL,'2024-07-28',NULL,NULL,NULL,6,58,'C:\\VIKRAM PRIVATE LIMITED\\SUNDARGARH\\GATE_USER\\topImg3_GATE_USER_VK01@01_1722145028555.jpg','EXIT'),(96,'C:\\VIKRAM PRIVATE LIMITED\\SUNDARGARH\\GATE_USER\\backImg2_GATE_USER_VK01@01_1722145084550.jpg',NULL,'2024-07-28',NULL,NULL,NULL,6,56,'C:\\VIKRAM PRIVATE LIMITED\\SUNDARGARH\\GATE_USER\\topImg3_GATE_USER_VK01@01_1722145084550.jpg','EXIT'),(97,'C:\\VIKRAM PRIVATE LIMITED\\SUNDARGARH\\GATE_USER\\backImg2_GATE_USER_VK01@01_1722145118916.jpg',NULL,'2024-07-28',NULL,NULL,NULL,6,57,'C:\\VIKRAM PRIVATE LIMITED\\SUNDARGARH\\GATE_USER\\topImg3_GATE_USER_VK01@01_1722145118917.jpg','EXIT'),(98,'C:\\VIKRAM PRIVATE LIMITED\\SUNDARGARH\\GATE_USER\\backImg2_GATE_USER_VK01@01_1722145145965.jpg',NULL,'2024-07-28',NULL,NULL,NULL,6,18,'C:\\VIKRAM PRIVATE LIMITED\\SUNDARGARH\\GATE_USER\\topImg3_GATE_USER_VK01@01_1722145145966.jpg','EXIT'),(99,'C:\\VIKRAM PRIVATE LIMITED\\SUNDARGARH\\GATE_USER\\backImg2_GATE_USER_VK01@01_1722145156234.jpg',NULL,'2024-07-28',NULL,NULL,NULL,6,13,'C:\\VIKRAM PRIVATE LIMITED\\SUNDARGARH\\GATE_USER\\topImg3_GATE_USER_VK01@01_1722145156234.jpg','EXIT'),(100,'C:\\VIKRAM PRIVATE LIMITED\\SUNDARGARH\\GATE_USER\\backImg2_GATE_USER_VK01@01_1722145182102.jpg',NULL,'2024-07-28',NULL,NULL,NULL,6,12,'C:\\VIKRAM PRIVATE LIMITED\\SUNDARGARH\\GATE_USER\\topImg3_GATE_USER_VK01@01_1722145182103.jpg','EXIT'),(101,'C:\\VIKRAM PRIVATE LIMITED\\SUNDARGARH\\GATE_USER\\backImg2_GATE_USER_VK01@01_1722145272511.jpg',NULL,'2024-07-28',NULL,NULL,NULL,6,58,'C:\\VIKRAM PRIVATE LIMITED\\SUNDARGARH\\GATE_USER\\topImg3_GATE_USER_VK01@01_1722145272512.jpg','EXIT'),(102,'C:\\VIKRAM PRIVATE LIMITED\\SUNDARGARH\\GATE_USER\\backImg2_GATE_USER_VK01@01_1722145282134.jpg',NULL,'2024-07-28',NULL,NULL,NULL,6,57,'C:\\VIKRAM PRIVATE LIMITED\\SUNDARGARH\\GATE_USER\\topImg3_GATE_USER_VK01@01_1722145282135.jpg','EXIT'),(103,'C:\\VIKRAM PRIVATE LIMITED\\SUNDARGARH\\GATE_USER\\backImg2_GATE_USER_VK01@01_1722228561045.jpg',NULL,'2024-07-29',NULL,NULL,NULL,6,60,NULL,'ENTRY'),(104,'C:\\VIKRAM PRIVATE LIMITED\\SUNDARGARH\\GATE_USER\\backImg2_GATE_USER_VK01@01_1722228638000.jpg',NULL,'2024-07-29',NULL,NULL,NULL,6,61,NULL,'ENTRY'),(105,'C:\\VIKRAM PRIVATE LIMITED\\SUNDARGARH\\GATE_USER\\backImg2_GATE_USER_VK01@01_1722229298807.jpg',NULL,'2024-07-29',NULL,NULL,NULL,6,62,'C:\\VIKRAM PRIVATE LIMITED\\SUNDARGARH\\GATE_USER\\topImg3_GATE_USER_VK01@01_1722229298808.jpg','ENTRY'),(106,'C:\\VIKRAM PRIVATE LIMITED\\SUNDARGARH\\GATE_USER\\backImg2_GATE_USER_VK01@01_1722230741489.jpg',NULL,'2024-07-29',NULL,NULL,NULL,6,63,'C:\\VIKRAM PRIVATE LIMITED\\SUNDARGARH\\GATE_USER\\topImg3_GATE_USER_VK01@01_1722230741492.jpg','ENTRY'),(107,'C:\\VIKRAM PRIVATE LIMITED\\SUNDARGARH\\GATE_USER\\backImg2_GATE_USER_VK01@01_1722235394036.jpg',NULL,'2024-07-29',NULL,NULL,NULL,6,74,'C:\\VIKRAM PRIVATE LIMITED\\SUNDARGARH\\GATE_USER\\topImg3_GATE_USER_VK01@01_1722235394036.jpg','ENTRY'),(108,'C:\\VIKRAM PRIVATE LIMITED\\SUNDARGARH\\GATE_USER\\backImg2_GATE_USER_VK01@01_1722245117381.jpg',NULL,'2024-07-29',NULL,NULL,NULL,6,61,'C:\\VIKRAM PRIVATE LIMITED\\SUNDARGARH\\GATE_USER\\topImg3_GATE_USER_VK01@01_1722245117381.jpg','EXIT'),(109,'C:\\VIKRAM PRIVATE LIMITED\\SUNDARGARH\\GATE_USER\\backImg2_GATE_USER_VK01@01_1722247719736.jpg',NULL,'2024-07-29',NULL,NULL,NULL,6,75,'C:\\VIKRAM PRIVATE LIMITED\\SUNDARGARH\\GATE_USER\\topImg3_GATE_USER_VK01@01_1722247719737.jpg','ENTRY'),(110,'C:\\VIKRAM PRIVATE LIMITED\\SUNDARGARH\\GATE_USER\\backImg2_GATE_USER_VK01@01_1722247904595.jpg',NULL,'2024-07-29',NULL,NULL,NULL,6,76,'C:\\VIKRAM PRIVATE LIMITED\\SUNDARGARH\\GATE_USER\\topImg3_GATE_USER_VK01@01_1722247904596.jpg','ENTRY'),(111,'C:\\VIKRAM PRIVATE LIMITED\\SUNDARGARH\\GATE_USER\\backImg2_GATE_USER_VK01@01_1722277304081.jpg',NULL,'2024-07-29',NULL,NULL,NULL,6,77,NULL,'ENTRY'),(112,'C:\\VIKRAM PRIVATE LIMITED\\SUNDARGARH\\GATE_USER\\backImg2_GATE_USER_VK01@01_1722302076872.jpg',NULL,'2024-07-30',NULL,NULL,NULL,6,78,NULL,'ENTRY'),(113,'C:\\VIKRAM PRIVATE LIMITED\\SUNDARGARH\\GATE_USER\\backImg2_GATE_USER_VK01@01_1722314339729.jpg',NULL,'2024-07-30',NULL,NULL,NULL,6,77,'C:\\VIKRAM PRIVATE LIMITED\\SUNDARGARH\\GATE_USER\\topImg3_GATE_USER_VK01@01_1722314339729.jpg','EXIT'),(114,'C:\\VIKRAM PRIVATE LIMITED\\SUNDARGARH\\GATE_USER\\backImg2_GATE_USER_VK01@01_1722314367482.jpg',NULL,'2024-07-30',NULL,NULL,NULL,6,78,'C:\\VIKRAM PRIVATE LIMITED\\SUNDARGARH\\GATE_USER\\topImg3_GATE_USER_VK01@01_1722314367483.jpg','EXIT'),(115,'C:\\VIKRAM PRIVATE LIMITED\\SUNDARGARH\\GATE_USER\\backImg2_GATE_USER_VK01@01_1722319287305.jpg',NULL,'2024-07-30',NULL,NULL,NULL,6,79,'C:\\VIKRAM PRIVATE LIMITED\\SUNDARGARH\\GATE_USER\\topImg3_GATE_USER_VK01@01_1722319287305.jpg','ENTRY'),(116,'C:\\VIKRAM PRIVATE LIMITED\\SUNDARGARH\\GATE_USER\\backImg2_GATE_USER_VK01@01_1722319546689.jpg',NULL,'2024-07-30',NULL,NULL,NULL,6,80,'C:\\VIKRAM PRIVATE LIMITED\\SUNDARGARH\\GATE_USER\\topImg3_GATE_USER_VK01@01_1722319546689.jpg','ENTRY'),(117,'C:\\VIKRAM PRIVATE LIMITED\\SUNDARGARH\\GATE_USER\\backImg2_GATE_USER_VK01@01_1722319818831.jpg',NULL,'2024-07-30',NULL,NULL,NULL,6,74,'C:\\VIKRAM PRIVATE LIMITED\\SUNDARGARH\\GATE_USER\\topImg3_GATE_USER_VK01@01_1722319818831.jpg','EXIT'),(118,'C:\\VIKRAM PRIVATE LIMITED\\SUNDARGARH\\GATE_USER\\backImg2_GATE_USER_VK01@01_1722319968051.jpg',NULL,'2024-07-30',NULL,NULL,NULL,6,81,'C:\\VIKRAM PRIVATE LIMITED\\SUNDARGARH\\GATE_USER\\topImg3_GATE_USER_VK01@01_1722319968051.jpg','ENTRY'),(119,'C:\\VIKRAM PRIVATE LIMITED\\SUNDARGARH\\GATE_USER\\backImg2_GATE_USER_VK01@01_1722325368051.jpg',NULL,'2024-07-30',NULL,NULL,NULL,6,82,NULL,'ENTRY'),(120,'C:\\VIKRAM PRIVATE LIMITED\\SUNDARGARH\\GATE_USER\\backImg2_GATE_USER_VK01@01_1722325591268.jpg',NULL,'2024-07-30',NULL,NULL,NULL,6,83,NULL,'ENTRY'),(121,'C:\\VIKRAM PRIVATE LIMITED\\SUNDARGARH\\GATE_USER\\backImg2_GATE_USER_VK01@01_1722325832761.jpg',NULL,'2024-07-30',NULL,NULL,NULL,6,84,NULL,'ENTRY'),(122,'C:\\VIKRAM PRIVATE LIMITED\\SUNDARGARH\\GATE_USER\\backImg2_GATE_USER_VK01@01_1722326197849.jpg',NULL,'2024-07-30',NULL,NULL,NULL,6,85,NULL,'ENTRY'),(123,'C:\\VIKRAM PRIVATE LIMITED\\SUNDARGARH\\GATE_USER\\backImg2_GATE_USER_VK01@01_1722326398536.jpg',NULL,'2024-07-30',NULL,NULL,NULL,6,86,NULL,'ENTRY'),(124,'C:\\VIKRAM PRIVATE LIMITED\\SUNDARGARH\\GATE_USER\\backImg2_GATE_USER_VK01@01_1722326465761.jpg',NULL,'2024-07-30',NULL,NULL,NULL,6,82,'C:\\VIKRAM PRIVATE LIMITED\\SUNDARGARH\\GATE_USER\\topImg3_GATE_USER_VK01@01_1722326465761.jpg','EXIT'),(125,'C:\\VIKRAM PRIVATE LIMITED\\SUNDARGARH\\GATE_USER\\backImg2_GATE_USER_VK01@01_1722326783466.jpg',NULL,'2024-07-30',NULL,NULL,NULL,6,83,'C:\\VIKRAM PRIVATE LIMITED\\SUNDARGARH\\GATE_USER\\topImg3_GATE_USER_VK01@01_1722326783466.jpg','EXIT'),(126,'C:\\VIKRAM PRIVATE LIMITED\\SUNDARGARH\\GATE_USER\\backImg2_GATE_USER_VK01@01_1722326902494.jpg',NULL,'2024-07-30',NULL,NULL,NULL,6,84,'C:\\VIKRAM PRIVATE LIMITED\\SUNDARGARH\\GATE_USER\\topImg3_GATE_USER_VK01@01_1722326902494.jpg','EXIT'),(127,'C:\\VIKRAM PRIVATE LIMITED\\SUNDARGARH\\GATE_USER\\backImg2_GATE_USER_VK01@01_1722327054307.jpg',NULL,'2024-07-30',NULL,NULL,NULL,6,85,'C:\\VIKRAM PRIVATE LIMITED\\SUNDARGARH\\GATE_USER\\topImg3_GATE_USER_VK01@01_1722327054307.jpg','EXIT'),(128,'C:\\VIKRAM PRIVATE LIMITED\\SUNDARGARH\\GATE_USER\\backImg2_GATE_USER_VK01@01_1722327405592.jpg',NULL,'2024-07-30',NULL,NULL,NULL,6,86,'C:\\VIKRAM PRIVATE LIMITED\\SUNDARGARH\\GATE_USER\\topImg3_GATE_USER_VK01@01_1722327405592.jpg','EXIT'),(129,'C:\\VIKRAM PRIVATE LIMITED\\SUNDARGARH\\GATE_USER\\backImg2_GATE_USER_VK01@01_1722331071414.jpg',NULL,'2024-07-30',NULL,NULL,NULL,6,87,NULL,'ENTRY'),(130,'C:\\VIKRAM PRIVATE LIMITED\\SUNDARGARH\\GATE_USER\\backImg2_GATE_USER_VK01@01_1722331371043.jpg',NULL,'2024-07-30',NULL,NULL,NULL,6,88,NULL,'ENTRY'),(131,NULL,NULL,'2024-07-30',NULL,NULL,NULL,6,89,NULL,'ENTRY'),(132,NULL,NULL,'2024-07-30',NULL,NULL,NULL,6,88,NULL,'EXIT'),(133,'C:\\VIKRAM PRIVATE LIMITED\\SUNDARGARH\\GATE_USER\\backImg2_GATE_USER_VK01@01_1722332397888.jpg',NULL,'2024-07-30',NULL,NULL,NULL,6,87,NULL,'EXIT'),(134,'C:\\VIKRAM PRIVATE LIMITED\\SUNDARGARH\\GATE_USER\\backImg2_GATE_USER_VK01@01_1722332651427.jpg',NULL,'2024-07-30',NULL,NULL,NULL,6,89,'C:\\VIKRAM PRIVATE LIMITED\\SUNDARGARH\\GATE_USER\\topImg3_GATE_USER_VK01@01_1722332651427.jpg','EXIT'),(135,'C:\\VIKRAM PRIVATE LIMITED\\SUNDARGARH\\GATE_USER\\backImg2_GATE_USER_VK01@01_1722333070879.jpg',NULL,'2024-07-30',NULL,NULL,NULL,6,90,NULL,'ENTRY'),(136,'C:\\VIKRAM PRIVATE LIMITED\\SUNDARGARH\\GATE_USER\\backImg2_GATE_USER_VK01@01_1722334488733.jpg',NULL,'2024-07-30',NULL,NULL,NULL,6,90,'C:\\VIKRAM PRIVATE LIMITED\\SUNDARGARH\\GATE_USER\\topImg3_GATE_USER_VK01@01_1722334488733.jpg','EXIT'),(137,'C:\\VIKRAM PRIVATE LIMITED\\SUNDARGARH\\GATE_USER\\backImg2_GATE_USER_VK01@01_1722339750837.jpg',NULL,'2024-07-30',NULL,NULL,NULL,6,91,NULL,'ENTRY'),(138,'C:\\VIKRAM PRIVATE LIMITED\\SUNDARGARH\\GATE_USER\\backImg2_GATE_USER_VK01@01_1722340876586.jpg',NULL,'2024-07-30',NULL,NULL,NULL,6,91,NULL,'EXIT'),(139,'C:\\VIKRAM PRIVATE LIMITED\\SUNDARGARH\\GATE_USER\\backImg2_GATE_USER_VK01@01_1722348694800.jpg',NULL,'2024-07-30',NULL,NULL,NULL,6,92,NULL,'ENTRY'),(140,'C:\\VIKRAM PRIVATE LIMITED\\SUNDARGARH\\GATE_USER\\backImg2_GATE_USER_VK01@01_1722390879006.jpg',NULL,'2024-07-31',NULL,NULL,NULL,6,92,'C:\\VIKRAM PRIVATE LIMITED\\SUNDARGARH\\GATE_USER\\topImg3_GATE_USER_VK01@01_1722390879008.jpg','EXIT'),(141,'C:\\VIKRAM PRIVATE LIMITED\\SUNDARGARH\\GATE_USER\\backImg2_GATE_USER_VK01@01_1722391185704.jpg',NULL,'2024-07-31',NULL,NULL,NULL,6,81,'C:\\VIKRAM PRIVATE LIMITED\\SUNDARGARH\\GATE_USER\\topImg3_GATE_USER_VK01@01_1722391185704.jpg','EXIT'),(142,'C:\\VIKRAM PRIVATE LIMITED\\SUNDARGARH\\GATE_USER\\backImg2_GATE_USER_VK01@01_1722391209210.jpg',NULL,'2024-07-31',NULL,NULL,NULL,6,80,'C:\\VIKRAM PRIVATE LIMITED\\SUNDARGARH\\GATE_USER\\topImg3_GATE_USER_VK01@01_1722391209210.jpg','EXIT'),(143,'C:\\VIKRAM PRIVATE LIMITED\\SUNDARGARH\\GATE_USER\\backImg2_GATE_USER_VK01@01_1722391233713.jpg',NULL,'2024-07-31',NULL,NULL,NULL,6,79,'C:\\VIKRAM PRIVATE LIMITED\\SUNDARGARH\\GATE_USER\\topImg3_GATE_USER_VK01@01_1722391233714.jpg','EXIT'),(144,'C:\\VIKRAM PRIVATE LIMITED\\SUNDARGARH\\GATE_USER\\backImg2_GATE_USER_VK01@01_1722391481759.jpg',NULL,'2024-07-31',NULL,NULL,NULL,6,63,'C:\\VIKRAM PRIVATE LIMITED\\SUNDARGARH\\GATE_USER\\topImg3_GATE_USER_VK01@01_1722391481759.jpg','EXIT'),(145,'C:\\VIKRAM PRIVATE LIMITED\\SUNDARGARH\\GATE_USER\\backImg2_GATE_USER_VK01@01_1722400393085.jpg',NULL,'2024-07-31',NULL,NULL,NULL,6,93,NULL,'ENTRY'),(146,'C:\\VIKRAM PRIVATE LIMITED\\SUNDARGARH\\GATE_USER\\backImg2_GATE_USER_VK01@01_1722402238162.jpg',NULL,'2024-07-31',NULL,NULL,NULL,6,93,'C:\\VIKRAM PRIVATE LIMITED\\SUNDARGARH\\GATE_USER\\topImg3_GATE_USER_VK01@01_1722402238163.jpg','EXIT'),(147,'C:\\VIKRAM PRIVATE LIMITED\\SUNDARGARH\\GATE_USER\\backImg2_GATE_USER_VK01@01_1722416469490.jpg',NULL,'2024-07-31',NULL,NULL,NULL,6,12,'C:\\VIKRAM PRIVATE LIMITED\\SUNDARGARH\\GATE_USER\\topImg3_GATE_USER_VK01@01_1722416469490.jpg','EXIT'),(148,'C:\\VIKRAM PRIVATE LIMITED\\SUNDARGARH\\GATE_USER\\backImg2_GATE_USER_VK01@01_1722416499994.jpg',NULL,'2024-07-31',NULL,NULL,NULL,6,58,'C:\\VIKRAM PRIVATE LIMITED\\SUNDARGARH\\GATE_USER\\topImg3_GATE_USER_VK01@01_1722416499995.jpg','EXIT'),(149,'C:\\VIKRAM PRIVATE LIMITED\\SUNDARGARH\\GATE_USER\\backImg2_GATE_USER_VK01@01_1722434695218.jpg',NULL,'2024-07-31',NULL,'C:\\VIKRAM PRIVATE LIMITED\\SUNDARGARH\\GATE_USER\\leftImg5_GATE_USER_VK01@01_1722434695218.jpg',NULL,6,94,NULL,'ENTRY'),(150,'C:\\VIKRAM PRIVATE LIMITED\\SUNDARGARH\\GATE_USER\\backImg2_GATE_USER_VK01@01_1722435734128.jpg',NULL,'2024-07-31',NULL,NULL,NULL,6,95,NULL,'ENTRY'),(151,'C:\\VIKRAM PRIVATE LIMITED\\SUNDARGARH\\GATE_USER\\backImg2_GATE_USER_VK01@01_1722440315562.jpg',NULL,'2024-07-31',NULL,NULL,NULL,6,96,NULL,'ENTRY'),(152,'C:\\VIKRAM PRIVATE LIMITED\\SUNDARGARH\\GATE_USER\\backImg2_GATE_USER_VK01@01_1722474106033.jpg',NULL,'2024-08-01',NULL,NULL,NULL,6,97,NULL,'ENTRY'),(153,'C:\\VIKRAM PRIVATE LIMITED\\SUNDARGARH\\GATE_USER\\backImg2_GATE_USER_VK01@01_1722474424554.jpg',NULL,'2024-08-01',NULL,NULL,NULL,6,98,NULL,'ENTRY'),(154,'C:\\VIKRAM PRIVATE LIMITED\\SUNDARGARH\\GATE_USER\\backImg2_GATE_USER_VK01@01_1722474730293.jpg',NULL,'2024-08-01',NULL,NULL,NULL,6,99,NULL,'ENTRY'),(155,'C:\\VIKRAM PRIVATE LIMITED\\SUNDARGARH\\GATE_USER\\backImg2_GATE_USER_VK01@01_1722476104770.jpg',NULL,'2024-08-01',NULL,NULL,NULL,6,95,'C:\\VIKRAM PRIVATE LIMITED\\SUNDARGARH\\GATE_USER\\topImg3_GATE_USER_VK01@01_1722476104771.jpg','EXIT'),(156,'C:\\VIKRAM PRIVATE LIMITED\\SUNDARGARH\\GATE_USER\\backImg2_GATE_USER_VK01@01_1722477674567.jpg',NULL,'2024-08-01',NULL,NULL,NULL,6,97,'C:\\VIKRAM PRIVATE LIMITED\\SUNDARGARH\\GATE_USER\\topImg3_GATE_USER_VK01@01_1722477674567.jpg','EXIT'),(157,'C:\\VIKRAM PRIVATE LIMITED\\SUNDARGARH\\GATE_USER\\backImg2_GATE_USER_VK01@01_1722478126513.jpg',NULL,'2024-08-01',NULL,NULL,NULL,6,99,'C:\\VIKRAM PRIVATE LIMITED\\SUNDARGARH\\GATE_USER\\topImg3_GATE_USER_VK01@01_1722478126517.jpg','EXIT'),(158,'C:\\VIKRAM PRIVATE LIMITED\\SUNDARGARH\\GATE_USER\\backImg2_GATE_USER_VK01@01_1722478156562.jpg',NULL,'2024-08-01',NULL,NULL,NULL,6,98,'C:\\VIKRAM PRIVATE LIMITED\\SUNDARGARH\\GATE_USER\\topImg3_GATE_USER_VK01@01_1722478156562.jpg','EXIT'),(159,'C:\\VIKRAM PRIVATE LIMITED\\SUNDARGARH\\GATE_USER\\backImg2_GATE_USER_VK01@01_1722478197743.jpg',NULL,'2024-08-01',NULL,NULL,NULL,6,96,'C:\\VIKRAM PRIVATE LIMITED\\SUNDARGARH\\GATE_USER\\topImg3_GATE_USER_VK01@01_1722478197743.jpg','EXIT'),(160,'C:\\VIKRAM PRIVATE LIMITED\\SUNDARGARH\\GATE_USER\\backImg2_GATE_USER_VK01@01_1722478217087.jpg',NULL,'2024-08-01',NULL,NULL,NULL,6,95,'C:\\VIKRAM PRIVATE LIMITED\\SUNDARGARH\\GATE_USER\\topImg3_GATE_USER_VK01@01_1722478217087.jpg','EXIT'),(161,'C:\\VIKRAM PRIVATE LIMITED\\SUNDARGARH\\GATE_USER\\backImg2_GATE_USER_VK01@01_1722478227152.jpg',NULL,'2024-08-01',NULL,NULL,NULL,6,94,'C:\\VIKRAM PRIVATE LIMITED\\SUNDARGARH\\GATE_USER\\topImg3_GATE_USER_VK01@01_1722478227153.jpg','EXIT'),(162,'C:\\VIKRAM PRIVATE LIMITED\\SUNDARGARH\\GATE_USER\\backImg2_GATE_USER_VK01@01_1722478397309.jpg',NULL,'2024-08-01',NULL,NULL,NULL,6,76,'C:\\VIKRAM PRIVATE LIMITED\\SUNDARGARH\\GATE_USER\\topImg3_GATE_USER_VK01@01_1722478397309.jpg','EXIT'),(163,'C:\\VIKRAM PRIVATE LIMITED\\SUNDARGARH\\GATE_USER\\backImg2_GATE_USER_VK01@01_1722478418951.jpg',NULL,'2024-08-01',NULL,NULL,NULL,6,75,'C:\\VIKRAM PRIVATE LIMITED\\SUNDARGARH\\GATE_USER\\topImg3_GATE_USER_VK01@01_1722478418951.jpg','EXIT'),(164,'C:\\VIKRAM PRIVATE LIMITED\\SUNDARGARH\\GATE_USER\\backImg2_GATE_USER_VK01@01_1722478440215.jpg',NULL,'2024-08-01',NULL,NULL,NULL,6,62,'C:\\VIKRAM PRIVATE LIMITED\\SUNDARGARH\\GATE_USER\\topImg3_GATE_USER_VK01@01_1722478440215.jpg','EXIT'),(165,'C:\\VIKRAM PRIVATE LIMITED\\SUNDARGARH\\GATE_USER\\backImg2_GATE_USER_VK01@01_1722478495651.jpg',NULL,'2024-08-01',NULL,NULL,NULL,6,58,'C:\\VIKRAM PRIVATE LIMITED\\SUNDARGARH\\GATE_USER\\topImg3_GATE_USER_VK01@01_1722478495651.jpg','EXIT'),(166,'C:\\VIKRAM PRIVATE LIMITED\\SUNDARGARH\\GATE_USER\\backImg2_GATE_USER_VK01@01_1722496930159.jpg',NULL,'2024-08-01',NULL,NULL,NULL,6,100,'C:\\VIKRAM PRIVATE LIMITED\\SUNDARGARH\\GATE_USER\\topImg3_GATE_USER_VK01@01_1722496930159.jpg','ENTRY'),(167,'C:\\VIKRAM PRIVATE LIMITED\\SUNDARGARH\\GATE_USER\\backImg2_GATE_USER_VK01@01_1722497078887.jpg',NULL,'2024-08-01',NULL,NULL,NULL,6,101,'C:\\VIKRAM PRIVATE LIMITED\\SUNDARGARH\\GATE_USER\\topImg3_GATE_USER_VK01@01_1722497078887.jpg','ENTRY'),(168,'C:\\VIKRAM PRIVATE LIMITED\\SUNDARGARH\\GATE_USER\\backImg2_GATE_USER_VK01@01_1722497649525.jpg',NULL,'2024-08-01',NULL,NULL,NULL,6,102,'C:\\VIKRAM PRIVATE LIMITED\\SUNDARGARH\\GATE_USER\\topImg3_GATE_USER_VK01@01_1722497649525.jpg','ENTRY'),(169,'C:\\VIKRAM PRIVATE LIMITED\\SUNDARGARH\\GATE_USER\\backImg2_GATE_USER_VK01@01_1722514520912.jpg',NULL,'2024-08-01',NULL,NULL,NULL,6,95,'C:\\VIKRAM PRIVATE LIMITED\\SUNDARGARH\\GATE_USER\\topImg3_GATE_USER_VK01@01_1722514520912.jpg','EXIT'),(170,'C:\\VIKRAM PRIVATE LIMITED\\SUNDARGARH\\GATE_USER\\backImg2_GATE_USER_VK01@01_1722514564828.jpg',NULL,'2024-08-01',NULL,NULL,NULL,6,58,'C:\\VIKRAM PRIVATE LIMITED\\SUNDARGARH\\GATE_USER\\topImg3_GATE_USER_VK01@01_1722514564828.jpg','EXIT'),(171,'C:\\VIKRAM PRIVATE LIMITED\\SUNDARGARH\\GATE_USER\\backImg2_GATE_USER_VK01@01_1722576361604.jpg',NULL,'2024-08-02',NULL,NULL,NULL,6,102,'C:\\VIKRAM PRIVATE LIMITED\\SUNDARGARH\\GATE_USER\\topImg3_GATE_USER_VK01@01_1722576361604.jpg','EXIT'),(172,'C:\\VIKRAM PRIVATE LIMITED\\SUNDARGARH\\GATE_USER\\backImg2_GATE_USER_VK01@01_1722576384126.jpg',NULL,'2024-08-02',NULL,NULL,NULL,6,101,'C:\\VIKRAM PRIVATE LIMITED\\SUNDARGARH\\GATE_USER\\topImg3_GATE_USER_VK01@01_1722576384126.jpg','EXIT'),(173,'C:\\VIKRAM PRIVATE LIMITED\\SUNDARGARH\\GATE_USER\\backImg2_GATE_USER_VK01@01_1722576402611.jpg',NULL,'2024-08-02',NULL,NULL,NULL,6,100,'C:\\VIKRAM PRIVATE LIMITED\\SUNDARGARH\\GATE_USER\\topImg3_GATE_USER_VK01@01_1722576402611.jpg','EXIT'),(174,'C:\\VIKRAM PRIVATE LIMITED\\SUNDARGARH\\GATE_USER\\backImg2_GATE_USER_VK01@01_1722576504889.jpg',NULL,'2024-08-02',NULL,NULL,NULL,6,95,'C:\\VIKRAM PRIVATE LIMITED\\SUNDARGARH\\GATE_USER\\topImg3_GATE_USER_VK01@01_1722576504889.jpg','EXIT'),(175,'C:\\VIKRAM PRIVATE LIMITED\\SUNDARGARH\\GATE_USER\\backImg2_GATE_USER_VK01@01_1722577892104.jpg',NULL,'2024-08-02',NULL,NULL,NULL,6,103,'C:\\VIKRAM PRIVATE LIMITED\\SUNDARGARH\\GATE_USER\\topImg3_GATE_USER_VK01@01_1722577892104.jpg','ENTRY'),(176,'C:\\VIKRAM PRIVATE LIMITED\\SUNDARGARH\\GATE_USER\\backImg2_GATE_USER_VK01@01_1722578082185.jpg',NULL,'2024-08-02',NULL,NULL,NULL,6,104,'C:\\VIKRAM PRIVATE LIMITED\\SUNDARGARH\\GATE_USER\\topImg3_GATE_USER_VK01@01_1722578082185.jpg','ENTRY'),(177,'C:\\VIKRAM PRIVATE LIMITED\\SUNDARGARH\\GATE_USER\\backImg2_GATE_USER_VK01@01_1722651216240.jpg',NULL,'2024-08-03',NULL,NULL,NULL,6,104,'C:\\VIKRAM PRIVATE LIMITED\\SUNDARGARH\\GATE_USER\\topImg3_GATE_USER_VK01@01_1722651216242.jpg','EXIT'),(178,'C:\\VIKRAM PRIVATE LIMITED\\SUNDARGARH\\GATE_USER\\backImg2_GATE_USER_VK01@01_1722651260732.jpg',NULL,'2024-08-03',NULL,NULL,NULL,6,103,'C:\\VIKRAM PRIVATE LIMITED\\SUNDARGARH\\GATE_USER\\topImg3_GATE_USER_VK01@01_1722651260732.jpg','EXIT'),(179,'C:\\VIKRAM PRIVATE LIMITED\\SUNDARGARH\\GATE_USER\\backImg2_GATE_USER_VK01@01_1722667066120.jpg',NULL,'2024-08-03',NULL,NULL,NULL,6,105,'C:\\VIKRAM PRIVATE LIMITED\\SUNDARGARH\\GATE_USER\\topImg3_GATE_USER_VK01@01_1722667066120.jpg','ENTRY'),(180,'C:\\VIKRAM PRIVATE LIMITED\\SUNDARGARH\\GATE_USER\\backImg2_GATE_USER_VK01@01_1722670152523.jpg',NULL,'2024-08-03',NULL,NULL,NULL,6,106,'C:\\VIKRAM PRIVATE LIMITED\\SUNDARGARH\\GATE_USER\\topImg3_GATE_USER_VK01@01_1722670152523.jpg','ENTRY'),(181,'C:\\VIKRAM PRIVATE LIMITED\\SUNDARGARH\\GATE_USER\\backImg2_GATE_USER_VK01@01_1722818919467.jpg',NULL,'2024-08-05',NULL,NULL,NULL,6,106,'C:\\VIKRAM PRIVATE LIMITED\\SUNDARGARH\\GATE_USER\\topImg3_GATE_USER_VK01@01_1722818919467.jpg','EXIT'),(182,'C:\\VIKRAM PRIVATE LIMITED\\SUNDARGARH\\GATE_USER\\backImg2_GATE_USER_VK01@01_1722818941479.jpg',NULL,'2024-08-05',NULL,NULL,NULL,6,105,'C:\\VIKRAM PRIVATE LIMITED\\SUNDARGARH\\GATE_USER\\topImg3_GATE_USER_VK01@01_1722818941483.jpg','EXIT'),(183,'C:\\VIKRAM PRIVATE LIMITED\\SUNDARGARH\\GATE_USER\\backImg2_GATE_USER_VK01@01_1722863236142.jpg',NULL,'2024-08-05',NULL,NULL,NULL,6,107,NULL,'ENTRY'),(184,'C:\\VIKRAM PRIVATE LIMITED\\SUNDARGARH\\GATE_USER\\backImg2_GATE_USER_VK01@01_1722866594905.jpg',NULL,'2024-08-05',NULL,NULL,NULL,6,108,NULL,'ENTRY'),(185,'C:\\VIKRAM PRIVATE LIMITED\\SUNDARGARH\\GATE_USER\\backImg2_GATE_USER_VK01@01_1722866928970.jpg',NULL,'2024-08-05',NULL,NULL,NULL,6,107,'C:\\VIKRAM PRIVATE LIMITED\\SUNDARGARH\\GATE_USER\\topImg3_GATE_USER_VK01@01_1722866928971.jpg','EXIT'),(186,'C:\\VIKRAM PRIVATE LIMITED\\SUNDARGARH\\GATE_USER\\backImg2_GATE_USER_VK01@01_1722866949795.jpg',NULL,'2024-08-05',NULL,NULL,NULL,6,107,'C:\\VIKRAM PRIVATE LIMITED\\SUNDARGARH\\GATE_USER\\topImg3_GATE_USER_VK01@01_1722866949802.jpg','EXIT'),(187,'C:\\VIKRAM PRIVATE LIMITED\\SUNDARGARH\\GATE_USER\\backImg2_GATE_USER_VK01@01_1722867854003.jpg',NULL,'2024-08-05',NULL,NULL,NULL,6,108,'C:\\VIKRAM PRIVATE LIMITED\\SUNDARGARH\\GATE_USER\\topImg3_GATE_USER_VK01@01_1722867854004.jpg','EXIT'),(188,'C:\\VIKRAM PRIVATE LIMITED\\SUNDARGARH\\GATE_USER\\backImg2_GATE_USER_VK01@01_1722870596474.jpg',NULL,'2024-08-05',NULL,NULL,NULL,6,58,'C:\\VIKRAM PRIVATE LIMITED\\SUNDARGARH\\GATE_USER\\topImg3_GATE_USER_VK01@01_1722870596474.jpg','EXIT'),(189,'C:\\VIKRAM PRIVATE LIMITED\\SUNDARGARH\\GATE_USER\\backImg2_GATE_USER_VK01@01_1722871984041.jpg',NULL,'2024-08-05',NULL,NULL,NULL,6,107,'C:\\VIKRAM PRIVATE LIMITED\\SUNDARGARH\\GATE_USER\\topImg3_GATE_USER_VK01@01_1722871984042.jpg','EXIT'),(190,'C:\\VIKRAM PRIVATE LIMITED\\SUNDARGARH\\GATE_USER\\backImg2_GATE_USER_VK01@01_1722902836248.jpg',NULL,'2024-08-06',NULL,NULL,NULL,6,107,'C:\\VIKRAM PRIVATE LIMITED\\SUNDARGARH\\GATE_USER\\topImg3_GATE_USER_VK01@01_1722902836248.jpg','EXIT'),(191,'C:\\VIKRAM PRIVATE LIMITED\\SUNDARGARH\\GATE_USER\\backImg2_GATE_USER_VK01@01_1722913918891.jpg',NULL,'2024-08-06',NULL,NULL,NULL,6,109,NULL,'ENTRY'),(192,'C:\\VIKRAM PRIVATE LIMITED\\SUNDARGARH\\GATE_USER\\backImg2_GATE_USER_VK01@01_1722944619329.jpg',NULL,'2024-08-06',NULL,NULL,NULL,6,110,NULL,'ENTRY'),(193,'C:\\VIKRAM PRIVATE LIMITED\\SUNDARGARH\\GATE_USER\\backImg2_GATE_USER_VK01@01_1722945638424.jpg',NULL,'2024-08-06',NULL,NULL,NULL,6,111,NULL,'ENTRY'),(194,'C:\\VIKRAM PRIVATE LIMITED\\SUNDARGARH\\GATE_USER\\backImg2_GATE_USER_VK01@01_1722950697583.jpg',NULL,'2024-08-06',NULL,NULL,NULL,6,111,'C:\\VIKRAM PRIVATE LIMITED\\SUNDARGARH\\GATE_USER\\topImg3_GATE_USER_VK01@01_1722950697583.jpg','EXIT'),(195,'C:\\VIKRAM PRIVATE LIMITED\\SUNDARGARH\\GATE_USER\\backImg2_GATE_USER_VK01@01_1722950711625.jpg',NULL,'2024-08-06',NULL,NULL,NULL,6,110,'C:\\VIKRAM PRIVATE LIMITED\\SUNDARGARH\\GATE_USER\\topImg3_GATE_USER_VK01@01_1722950711625.jpg','EXIT'),(196,'C:\\VIKRAM PRIVATE LIMITED\\SUNDARGARH\\GATE_USER\\backImg2_GATE_USER_VK01@01_1722950724339.jpg',NULL,'2024-08-06',NULL,NULL,NULL,6,109,'C:\\VIKRAM PRIVATE LIMITED\\SUNDARGARH\\GATE_USER\\topImg3_GATE_USER_VK01@01_1722950724339.jpg','EXIT'),(197,'C:\\VIKRAM PRIVATE LIMITED\\SUNDARGARH\\GATE_USER\\backImg2_GATE_USER_VK01@01_1722950747194.jpg',NULL,'2024-08-06',NULL,NULL,NULL,6,110,'C:\\VIKRAM PRIVATE LIMITED\\SUNDARGARH\\GATE_USER\\topImg3_GATE_USER_VK01@01_1722950747194.jpg','EXIT'),(198,'C:\\VIKRAM PRIVATE LIMITED\\SUNDARGARH\\GATE_USER\\backImg2_GATE_USER_VK01@01_1722950754348.jpg',NULL,'2024-08-06',NULL,NULL,NULL,6,110,'C:\\VIKRAM PRIVATE LIMITED\\SUNDARGARH\\GATE_USER\\topImg3_GATE_USER_VK01@01_1722950754349.jpg','EXIT'),(199,'C:\\VIKRAM PRIVATE LIMITED\\SUNDARGARH\\GATE_USER\\backImg2_GATE_USER_VK01@01_1722952282552.jpg',NULL,'2024-08-06',NULL,NULL,NULL,6,112,'C:\\VIKRAM PRIVATE LIMITED\\SUNDARGARH\\GATE_USER\\topImg3_GATE_USER_VK01@01_1722952282552.jpg','ENTRY'),(200,'C:\\VIKRAM PRIVATE LIMITED\\SUNDARGARH\\WEIGHBRIDGE_OPERATOR\\1722952476597',NULL,'2024-08-06','C:\\VIKRAM PRIVATE LIMITED\\SUNDARGARH\\WEIGHBRIDGE_OPERATOR\\1722952476597','C:\\VIKRAM PRIVATE LIMITED\\SUNDARGARH\\WEIGHBRIDGE_OPERATOR\\1722952476597',NULL,7,112,'C:\\VIKRAM PRIVATE LIMITED\\SUNDARGARH\\WEIGHBRIDGE_OPERATOR\\1722952476597','ENTRY'),(201,'C:\\VIKRAM PRIVATE LIMITED\\SUNDARGARH\\GATE_USER\\backImg2_GATE_USER_VK01@01_1722953109355.jpg',NULL,'2024-08-06',NULL,NULL,NULL,6,111,'C:\\VIKRAM PRIVATE LIMITED\\SUNDARGARH\\GATE_USER\\topImg3_GATE_USER_VK01@01_1722953109355.jpg','EXIT'),(202,'C:\\VIKRAM PRIVATE LIMITED\\SUNDARGARH\\GATE_USER\\backImg2_GATE_USER_VK01@01_1722953125301.jpg',NULL,'2024-08-06',NULL,NULL,NULL,6,110,'C:\\VIKRAM PRIVATE LIMITED\\SUNDARGARH\\GATE_USER\\topImg3_GATE_USER_VK01@01_1722953125301.jpg','EXIT'),(203,'C:\\VIKRAM PRIVATE LIMITED\\SUNDARGARH\\GATE_USER\\backImg2_GATE_USER_VK01@01_1722953134808.jpg',NULL,'2024-08-06',NULL,NULL,NULL,6,110,'C:\\VIKRAM PRIVATE LIMITED\\SUNDARGARH\\GATE_USER\\topImg3_GATE_USER_VK01@01_1722953134808.jpg','EXIT'),(204,'C:\\VIKRAM PRIVATE LIMITED\\SUNDARGARH\\WEIGHBRIDGE_OPERATOR\\1722953578065',NULL,'2024-08-06','C:\\VIKRAM PRIVATE LIMITED\\SUNDARGARH\\WEIGHBRIDGE_OPERATOR\\1722953578065','C:\\VIKRAM PRIVATE LIMITED\\SUNDARGARH\\WEIGHBRIDGE_OPERATOR\\1722953578065',NULL,7,112,'C:\\VIKRAM PRIVATE LIMITED\\SUNDARGARH\\WEIGHBRIDGE_OPERATOR\\1722953578065','EXIT'),(205,'C:\\VIKRAM PRIVATE LIMITED\\SUNDARGARH\\GATE_USER\\backImg2_GATE_USER_VK01@01_1722953654238.jpg',NULL,'2024-08-06',NULL,NULL,NULL,6,112,'C:\\VIKRAM PRIVATE LIMITED\\SUNDARGARH\\GATE_USER\\topImg3_GATE_USER_VK01@01_1722953654238.jpg','EXIT'),(206,'C:\\VIKRAM PRIVATE LIMITED\\SUNDARGARH\\GATE_USER\\backImg2_GATE_USER_VK01@01_1722954002079.jpg',NULL,'2024-08-06',NULL,NULL,NULL,6,113,'C:\\VIKRAM PRIVATE LIMITED\\SUNDARGARH\\GATE_USER\\topImg3_GATE_USER_VK01@01_1722954002079.jpg','ENTRY'),(207,'C:\\VIKRAM PRIVATE LIMITED\\SUNDARGARH\\GATE_USER\\backImg2_GATE_USER_VK01@01_1722955216426.jpg',NULL,'2024-08-06',NULL,NULL,NULL,6,114,'C:\\VIKRAM PRIVATE LIMITED\\SUNDARGARH\\GATE_USER\\topImg3_GATE_USER_VK01@01_1722955216426.jpg','ENTRY'),(208,'C:\\VIKRAM PRIVATE LIMITED\\SUNDARGARH\\WEIGHBRIDGE_OPERATOR\\1722955403558',NULL,'2024-08-06','C:\\VIKRAM PRIVATE LIMITED\\SUNDARGARH\\WEIGHBRIDGE_OPERATOR\\1722955403558','C:\\VIKRAM PRIVATE LIMITED\\SUNDARGARH\\WEIGHBRIDGE_OPERATOR\\1722955403558',NULL,7,114,'C:\\VIKRAM PRIVATE LIMITED\\SUNDARGARH\\WEIGHBRIDGE_OPERATOR\\1722955403558','ENTRY'),(209,'C:\\VIKRAM PRIVATE LIMITED\\SUNDARGARH\\GATE_USER\\backImg2_GATE_USER_VK01@01_1722956585633.jpg',NULL,'2024-08-06',NULL,NULL,NULL,6,115,'C:\\VIKRAM PRIVATE LIMITED\\SUNDARGARH\\GATE_USER\\topImg3_GATE_USER_VK01@01_1722956585633.jpg','ENTRY'),(210,'C:\\VIKRAM PRIVATE LIMITED\\SUNDARGARH\\WEIGHBRIDGE_OPERATOR\\1722956839887',NULL,'2024-08-06','C:\\VIKRAM PRIVATE LIMITED\\SUNDARGARH\\WEIGHBRIDGE_OPERATOR\\1722956839887','C:\\VIKRAM PRIVATE LIMITED\\SUNDARGARH\\WEIGHBRIDGE_OPERATOR\\1722956839887',NULL,7,115,'C:\\VIKRAM PRIVATE LIMITED\\SUNDARGARH\\WEIGHBRIDGE_OPERATOR\\1722956839887','ENTRY'),(211,'C:\\VIKRAM PRIVATE LIMITED\\SUNDARGARH\\GATE_USER\\backImg2_GATE_USER_VK01@01_1722956914679.jpg',NULL,'2024-08-06',NULL,NULL,NULL,6,116,'C:\\VIKRAM PRIVATE LIMITED\\SUNDARGARH\\GATE_USER\\topImg3_GATE_USER_VK01@01_1722956914679.jpg','ENTRY'),(212,'C:\\VIKRAM PRIVATE LIMITED\\SUNDARGARH\\WEIGHBRIDGE_OPERATOR\\1722957275205',NULL,'2024-08-06','C:\\VIKRAM PRIVATE LIMITED\\SUNDARGARH\\WEIGHBRIDGE_OPERATOR\\1722957275205','C:\\VIKRAM PRIVATE LIMITED\\SUNDARGARH\\WEIGHBRIDGE_OPERATOR\\1722957275205',NULL,7,116,'C:\\VIKRAM PRIVATE LIMITED\\SUNDARGARH\\WEIGHBRIDGE_OPERATOR\\1722957275205','ENTRY'),(213,'C:\\VIKRAM PRIVATE LIMITED\\SUNDARGARH\\GATE_USER\\backImg2_GATE_USER_VK01@01_1722957484841.jpg',NULL,'2024-08-06',NULL,NULL,NULL,6,117,'C:\\VIKRAM PRIVATE LIMITED\\SUNDARGARH\\GATE_USER\\topImg3_GATE_USER_VK01@01_1722957484841.jpg','ENTRY'),(214,'C:\\VIKRAM PRIVATE LIMITED\\SUNDARGARH\\WEIGHBRIDGE_OPERATOR\\1722957616473',NULL,'2024-08-06','C:\\VIKRAM PRIVATE LIMITED\\SUNDARGARH\\WEIGHBRIDGE_OPERATOR\\1722957616473','C:\\VIKRAM PRIVATE LIMITED\\SUNDARGARH\\WEIGHBRIDGE_OPERATOR\\1722957616473',NULL,7,117,'C:\\VIKRAM PRIVATE LIMITED\\SUNDARGARH\\WEIGHBRIDGE_OPERATOR\\1722957616473','ENTRY'),(215,'C:\\VIKRAM PRIVATE LIMITED\\SUNDARGARH\\GATE_USER\\backImg2_GATE_USER_VK01@01_1722957703892.jpg',NULL,'2024-08-06',NULL,NULL,NULL,6,118,'C:\\VIKRAM PRIVATE LIMITED\\SUNDARGARH\\GATE_USER\\topImg3_GATE_USER_VK01@01_1722957703892.jpg','ENTRY'),(216,'C:\\VIKRAM PRIVATE LIMITED\\SUNDARGARH\\GATE_USER\\backImg2_GATE_USER_VK01@01_1722957825714.jpg',NULL,'2024-08-06',NULL,NULL,NULL,6,113,'C:\\VIKRAM PRIVATE LIMITED\\SUNDARGARH\\GATE_USER\\topImg3_GATE_USER_VK01@01_1722957825714.jpg','EXIT'),(217,'C:\\VIKRAM PRIVATE LIMITED\\SUNDARGARH\\WEIGHBRIDGE_OPERATOR\\1722957840162',NULL,'2024-08-06','C:\\VIKRAM PRIVATE LIMITED\\SUNDARGARH\\WEIGHBRIDGE_OPERATOR\\1722957840162','C:\\VIKRAM PRIVATE LIMITED\\SUNDARGARH\\WEIGHBRIDGE_OPERATOR\\1722957840162',NULL,7,118,'C:\\VIKRAM PRIVATE LIMITED\\SUNDARGARH\\WEIGHBRIDGE_OPERATOR\\1722957840162','ENTRY'),(218,'C:\\VIKRAM PRIVATE LIMITED\\SUNDARGARH\\GATE_USER\\backImg2_GATE_USER_VK01@01_1722958566867.jpg',NULL,'2024-08-06',NULL,NULL,NULL,6,119,'C:\\VIKRAM PRIVATE LIMITED\\SUNDARGARH\\GATE_USER\\topImg3_GATE_USER_VK01@01_1722958566868.jpg','ENTRY'),(219,'C:\\VIKRAM PRIVATE LIMITED\\SUNDARGARH\\GATE_USER\\backImg2_GATE_USER_VK01@01_1722958768195.jpg',NULL,'2024-08-06',NULL,NULL,NULL,6,120,'C:\\VIKRAM PRIVATE LIMITED\\SUNDARGARH\\GATE_USER\\topImg3_GATE_USER_VK01@01_1722958768196.jpg','ENTRY'),(220,'C:\\VIKRAM PRIVATE LIMITED\\SUNDARGARH\\WEIGHBRIDGE_OPERATOR\\1722959279403',NULL,'2024-08-06','C:\\VIKRAM PRIVATE LIMITED\\SUNDARGARH\\WEIGHBRIDGE_OPERATOR\\1722959279403','C:\\VIKRAM PRIVATE LIMITED\\SUNDARGARH\\WEIGHBRIDGE_OPERATOR\\1722959279403',NULL,7,120,'C:\\VIKRAM PRIVATE LIMITED\\SUNDARGARH\\WEIGHBRIDGE_OPERATOR\\1722959279403','ENTRY'),(221,'C:\\VIKRAM PRIVATE LIMITED\\SUNDARGARH\\WEIGHBRIDGE_OPERATOR\\1722959568135',NULL,'2024-08-06','C:\\VIKRAM PRIVATE LIMITED\\SUNDARGARH\\WEIGHBRIDGE_OPERATOR\\1722959568135','C:\\VIKRAM PRIVATE LIMITED\\SUNDARGARH\\WEIGHBRIDGE_OPERATOR\\1722959568135',NULL,7,117,'C:\\VIKRAM PRIVATE LIMITED\\SUNDARGARH\\WEIGHBRIDGE_OPERATOR\\1722959568135','EXIT'),(222,'C:\\VIKRAM PRIVATE LIMITED\\SUNDARGARH\\GATE_USER\\backImg2_GATE_USER_VK01@01_1722959649248.jpg',NULL,'2024-08-06',NULL,NULL,NULL,6,117,'C:\\VIKRAM PRIVATE LIMITED\\SUNDARGARH\\GATE_USER\\topImg3_GATE_USER_VK01@01_1722959649248.jpg','EXIT'),(223,'C:\\VIKRAM PRIVATE LIMITED\\SUNDARGARH\\WEIGHBRIDGE_OPERATOR\\1722959835730',NULL,'2024-08-06','C:\\VIKRAM PRIVATE LIMITED\\SUNDARGARH\\WEIGHBRIDGE_OPERATOR\\1722959835730','C:\\VIKRAM PRIVATE LIMITED\\SUNDARGARH\\WEIGHBRIDGE_OPERATOR\\1722959835730',NULL,7,116,'C:\\VIKRAM PRIVATE LIMITED\\SUNDARGARH\\WEIGHBRIDGE_OPERATOR\\1722959835730','EXIT'),(224,'C:\\VIKRAM PRIVATE LIMITED\\SUNDARGARH\\GATE_USER\\backImg2_GATE_USER_VK01@01_1722959908755.jpg',NULL,'2024-08-06',NULL,NULL,NULL,6,116,'C:\\VIKRAM PRIVATE LIMITED\\SUNDARGARH\\GATE_USER\\topImg3_GATE_USER_VK01@01_1722959908755.jpg','EXIT'),(225,'C:\\VIKRAM PRIVATE LIMITED\\SUNDARGARH\\WEIGHBRIDGE_OPERATOR\\1722960072910',NULL,'2024-08-06','C:\\VIKRAM PRIVATE LIMITED\\SUNDARGARH\\WEIGHBRIDGE_OPERATOR\\1722960072910','C:\\VIKRAM PRIVATE LIMITED\\SUNDARGARH\\WEIGHBRIDGE_OPERATOR\\1722960072910',NULL,7,118,'C:\\VIKRAM PRIVATE LIMITED\\SUNDARGARH\\WEIGHBRIDGE_OPERATOR\\1722960072910','EXIT'),(226,'C:\\VIKRAM PRIVATE LIMITED\\SUNDARGARH\\GATE_USER\\backImg2_GATE_USER_VK01@01_1722960187434.jpg',NULL,'2024-08-06',NULL,NULL,NULL,6,118,'C:\\VIKRAM PRIVATE LIMITED\\SUNDARGARH\\GATE_USER\\topImg3_GATE_USER_VK01@01_1722960187434.jpg','EXIT'),(227,NULL,NULL,'2024-08-06',NULL,NULL,NULL,6,121,NULL,'ENTRY'),(228,NULL,NULL,'2024-08-06',NULL,NULL,NULL,6,122,NULL,'ENTRY'),(229,NULL,NULL,'2024-08-06',NULL,NULL,NULL,6,123,NULL,'ENTRY'),(230,'C:\\VIKRAM PRIVATE LIMITED\\SUNDARGARH\\WEIGHBRIDGE_OPERATOR\\1722961187817',NULL,'2024-08-06','C:\\VIKRAM PRIVATE LIMITED\\SUNDARGARH\\WEIGHBRIDGE_OPERATOR\\1722961187817','C:\\VIKRAM PRIVATE LIMITED\\SUNDARGARH\\WEIGHBRIDGE_OPERATOR\\1722961187817',NULL,7,120,'C:\\VIKRAM PRIVATE LIMITED\\SUNDARGARH\\WEIGHBRIDGE_OPERATOR\\1722961187817','EXIT'),(231,NULL,NULL,'2024-08-06',NULL,NULL,NULL,6,124,NULL,'ENTRY'),(232,NULL,NULL,'2024-08-06',NULL,NULL,NULL,6,125,NULL,'ENTRY'),(233,'C:\\VIKRAM PRIVATE LIMITED\\SUNDARGARH\\WEIGHBRIDGE_OPERATOR\\1722963750145',NULL,'2024-08-06','C:\\VIKRAM PRIVATE LIMITED\\SUNDARGARH\\WEIGHBRIDGE_OPERATOR\\1722963750145','C:\\VIKRAM PRIVATE LIMITED\\SUNDARGARH\\WEIGHBRIDGE_OPERATOR\\1722963750145',NULL,7,125,'C:\\VIKRAM PRIVATE LIMITED\\SUNDARGARH\\WEIGHBRIDGE_OPERATOR\\1722963750145','ENTRY'),(234,'C:\\VIKRAM PRIVATE LIMITED\\SUNDARGARH\\WEIGHBRIDGE_OPERATOR\\1722963833815',NULL,'2024-08-06','C:\\VIKRAM PRIVATE LIMITED\\SUNDARGARH\\WEIGHBRIDGE_OPERATOR\\1722963833815','C:\\VIKRAM PRIVATE LIMITED\\SUNDARGARH\\WEIGHBRIDGE_OPERATOR\\1722963833815',NULL,7,125,'C:\\VIKRAM PRIVATE LIMITED\\SUNDARGARH\\WEIGHBRIDGE_OPERATOR\\1722963833815','EXIT'),(235,NULL,NULL,'2024-08-06',NULL,NULL,NULL,6,126,NULL,'ENTRY'),(236,'C:\\VIKRAM PRIVATE LIMITED\\SUNDARGARH\\WEIGHBRIDGE_OPERATOR\\1722964099154',NULL,'2024-08-06','C:\\VIKRAM PRIVATE LIMITED\\SUNDARGARH\\WEIGHBRIDGE_OPERATOR\\1722964099154','C:\\VIKRAM PRIVATE LIMITED\\SUNDARGARH\\WEIGHBRIDGE_OPERATOR\\1722964099154',NULL,7,126,'C:\\VIKRAM PRIVATE LIMITED\\SUNDARGARH\\WEIGHBRIDGE_OPERATOR\\1722964099154','ENTRY'),(237,'C:\\VIKRAM PRIVATE LIMITED\\SUNDARGARH\\WEIGHBRIDGE_OPERATOR\\1722964899182',NULL,'2024-08-06','C:\\VIKRAM PRIVATE LIMITED\\SUNDARGARH\\WEIGHBRIDGE_OPERATOR\\1722964899182','C:\\VIKRAM PRIVATE LIMITED\\SUNDARGARH\\WEIGHBRIDGE_OPERATOR\\1722964899182',NULL,7,122,'C:\\VIKRAM PRIVATE LIMITED\\SUNDARGARH\\WEIGHBRIDGE_OPERATOR\\1722964899182','ENTRY'),(238,'C:\\VIKRAM PRIVATE LIMITED\\SUNDARGARH\\WEIGHBRIDGE_OPERATOR\\1722965008276',NULL,'2024-08-06','C:\\VIKRAM PRIVATE LIMITED\\SUNDARGARH\\WEIGHBRIDGE_OPERATOR\\1722965008276','C:\\VIKRAM PRIVATE LIMITED\\SUNDARGARH\\WEIGHBRIDGE_OPERATOR\\1722965008276',NULL,7,121,'C:\\VIKRAM PRIVATE LIMITED\\SUNDARGARH\\WEIGHBRIDGE_OPERATOR\\1722965008276','ENTRY'),(239,'C:\\VIKRAM PRIVATE LIMITED\\SUNDARGARH\\WEIGHBRIDGE_OPERATOR\\1722965137029',NULL,'2024-08-06','C:\\VIKRAM PRIVATE LIMITED\\SUNDARGARH\\WEIGHBRIDGE_OPERATOR\\1722965137029','C:\\VIKRAM PRIVATE LIMITED\\SUNDARGARH\\WEIGHBRIDGE_OPERATOR\\1722965137029',NULL,7,124,'C:\\VIKRAM PRIVATE LIMITED\\SUNDARGARH\\WEIGHBRIDGE_OPERATOR\\1722965137029','ENTRY'),(240,'C:\\VIKRAM PRIVATE LIMITED\\SUNDARGARH\\WEIGHBRIDGE_OPERATOR\\1722965232466',NULL,'2024-08-06','C:\\VIKRAM PRIVATE LIMITED\\SUNDARGARH\\WEIGHBRIDGE_OPERATOR\\1722965232466','C:\\VIKRAM PRIVATE LIMITED\\SUNDARGARH\\WEIGHBRIDGE_OPERATOR\\1722965232466',NULL,7,126,'C:\\VIKRAM PRIVATE LIMITED\\SUNDARGARH\\WEIGHBRIDGE_OPERATOR\\1722965232466','EXIT'),(241,'C:\\VIKRAM PRIVATE LIMITED\\SUNDARGARH\\WEIGHBRIDGE_OPERATOR\\1722965527954',NULL,'2024-08-06','C:\\VIKRAM PRIVATE LIMITED\\SUNDARGARH\\WEIGHBRIDGE_OPERATOR\\1722965527954','C:\\VIKRAM PRIVATE LIMITED\\SUNDARGARH\\WEIGHBRIDGE_OPERATOR\\1722965527954',NULL,7,119,'C:\\VIKRAM PRIVATE LIMITED\\SUNDARGARH\\WEIGHBRIDGE_OPERATOR\\1722965527954','ENTRY'),(242,NULL,NULL,'2024-08-06',NULL,NULL,NULL,6,127,NULL,'ENTRY'),(243,NULL,NULL,'2024-08-06',NULL,NULL,NULL,6,128,NULL,'ENTRY'),(244,'C:\\VIKRAM PRIVATE LIMITED\\SUNDARGARH\\GATE_USER\\backImg2_GATE_USER_VK01@01_1722971231671.jpg',NULL,'2024-08-07',NULL,NULL,NULL,6,128,'C:\\VIKRAM PRIVATE LIMITED\\SUNDARGARH\\GATE_USER\\topImg3_GATE_USER_VK01@01_1722971231671.jpg','EXIT'),(245,'C:\\VIKRAM PRIVATE LIMITED\\SUNDARGARH\\GATE_USER\\backImg2_GATE_USER_VK01@01_1722971237775.jpg',NULL,'2024-08-07',NULL,NULL,NULL,6,127,'C:\\VIKRAM PRIVATE LIMITED\\SUNDARGARH\\GATE_USER\\topImg3_GATE_USER_VK01@01_1722971237775.jpg','EXIT'),(246,'C:\\VIKRAM PRIVATE LIMITED\\SUNDARGARH\\GATE_USER\\backImg2_GATE_USER_VK01@01_1722971244480.jpg',NULL,'2024-08-07',NULL,NULL,NULL,6,126,'C:\\VIKRAM PRIVATE LIMITED\\SUNDARGARH\\GATE_USER\\topImg3_GATE_USER_VK01@01_1722971244480.jpg','EXIT'),(247,'C:\\VIKRAM PRIVATE LIMITED\\SUNDARGARH\\GATE_USER\\backImg2_GATE_USER_VK01@01_1722971262490.jpg',NULL,'2024-08-07',NULL,NULL,NULL,6,125,'C:\\VIKRAM PRIVATE LIMITED\\SUNDARGARH\\GATE_USER\\topImg3_GATE_USER_VK01@01_1722971262490.jpg','EXIT'),(248,'C:\\VIKRAM PRIVATE LIMITED\\SUNDARGARH\\GATE_USER\\backImg2_GATE_USER_VK01@01_1722971276761.jpg',NULL,'2024-08-07',NULL,NULL,NULL,6,124,'C:\\VIKRAM PRIVATE LIMITED\\SUNDARGARH\\GATE_USER\\topImg3_GATE_USER_VK01@01_1722971276761.jpg','EXIT'),(249,'C:\\VIKRAM PRIVATE LIMITED\\SUNDARGARH\\GATE_USER\\backImg2_GATE_USER_VK01@01_1722971284200.jpg',NULL,'2024-08-07',NULL,NULL,NULL,6,123,'C:\\VIKRAM PRIVATE LIMITED\\SUNDARGARH\\GATE_USER\\topImg3_GATE_USER_VK01@01_1722971284200.jpg','EXIT'),(250,'C:\\VIKRAM PRIVATE LIMITED\\SUNDARGARH\\GATE_USER\\backImg2_GATE_USER_VK01@01_1722971290400.jpg',NULL,'2024-08-07',NULL,NULL,NULL,6,122,'C:\\VIKRAM PRIVATE LIMITED\\SUNDARGARH\\GATE_USER\\topImg3_GATE_USER_VK01@01_1722971290400.jpg','EXIT'),(251,'C:\\VIKRAM PRIVATE LIMITED\\SUNDARGARH\\GATE_USER\\backImg2_GATE_USER_VK01@01_1722971306152.jpg',NULL,'2024-08-07',NULL,NULL,NULL,6,121,'C:\\VIKRAM PRIVATE LIMITED\\SUNDARGARH\\GATE_USER\\topImg3_GATE_USER_VK01@01_1722971306152.jpg','EXIT'),(252,'C:\\VIKRAM PRIVATE LIMITED\\SUNDARGARH\\GATE_USER\\backImg2_GATE_USER_VK01@01_1722971315473.jpg',NULL,'2024-08-07',NULL,NULL,NULL,6,119,'C:\\VIKRAM PRIVATE LIMITED\\SUNDARGARH\\GATE_USER\\topImg3_GATE_USER_VK01@01_1722971315473.jpg','EXIT'),(253,'C:\\VIKRAM PRIVATE LIMITED\\SUNDARGARH\\GATE_USER\\backImg2_GATE_USER_VK01@01_1722971321151.jpg',NULL,'2024-08-07',NULL,NULL,NULL,6,115,'C:\\VIKRAM PRIVATE LIMITED\\SUNDARGARH\\GATE_USER\\topImg3_GATE_USER_VK01@01_1722971321151.jpg','EXIT'),(254,'C:\\VIKRAM PRIVATE LIMITED\\SUNDARGARH\\GATE_USER\\backImg2_GATE_USER_VK01@01_1722971765456.jpg',NULL,'2024-08-07',NULL,NULL,NULL,6,128,'C:\\VIKRAM PRIVATE LIMITED\\SUNDARGARH\\GATE_USER\\topImg3_GATE_USER_VK01@01_1722971765456.jpg','EXIT'),(255,'C:\\VIKRAM PRIVATE LIMITED\\SUNDARGARH\\GATE_USER\\backImg2_GATE_USER_VK01@01_1722971774424.jpg',NULL,'2024-08-07',NULL,NULL,NULL,6,124,'C:\\VIKRAM PRIVATE LIMITED\\SUNDARGARH\\GATE_USER\\topImg3_GATE_USER_VK01@01_1722971774424.jpg','EXIT'),(256,'C:\\VIKRAM PRIVATE LIMITED\\SUNDARGARH\\GATE_USER\\backImg2_GATE_USER_VK01@01_1722972460870.jpg',NULL,'2024-08-07',NULL,NULL,NULL,6,128,'C:\\VIKRAM PRIVATE LIMITED\\SUNDARGARH\\GATE_USER\\topImg3_GATE_USER_VK01@01_1722972460870.jpg','EXIT'),(257,'C:\\VIKRAM PRIVATE LIMITED\\SUNDARGARH\\GATE_USER\\backImg2_GATE_USER_VK01@01_1722989111349.jpg',NULL,'2024-08-07',NULL,NULL,NULL,6,122,'C:\\VIKRAM PRIVATE LIMITED\\SUNDARGARH\\GATE_USER\\topImg3_GATE_USER_VK01@01_1722989111349.jpg','EXIT'),(258,'C:\\VIKRAM PRIVATE LIMITED\\SUNDARGARH\\GATE_USER\\backImg2_GATE_USER_VK01@01_1722989118935.jpg',NULL,'2024-08-07',NULL,NULL,NULL,6,123,'C:\\VIKRAM PRIVATE LIMITED\\SUNDARGARH\\GATE_USER\\topImg3_GATE_USER_VK01@01_1722989118935.jpg','EXIT'),(259,'C:\\VIKRAM PRIVATE LIMITED\\SUNDARGARH\\GATE_USER\\backImg2_GATE_USER_VK01@01_1722989130139.jpg',NULL,'2024-08-07',NULL,NULL,NULL,6,124,'C:\\VIKRAM PRIVATE LIMITED\\SUNDARGARH\\GATE_USER\\topImg3_GATE_USER_VK01@01_1722989130139.jpg','EXIT'),(260,'C:\\VIKRAM PRIVATE LIMITED\\SUNDARGARH\\GATE_USER\\backImg2_GATE_USER_VK01@01_1722989183046.jpg',NULL,'2024-08-07',NULL,NULL,NULL,6,128,'C:\\VIKRAM PRIVATE LIMITED\\SUNDARGARH\\GATE_USER\\topImg3_GATE_USER_VK01@01_1722989183046.jpg','EXIT'),(261,'C:\\VIKRAM PRIVATE LIMITED\\SUNDARGARH\\GATE_USER\\backImg2_GATE_USER_VK01@01_1722989191120.jpg',NULL,'2024-08-07',NULL,NULL,NULL,6,127,'C:\\VIKRAM PRIVATE LIMITED\\SUNDARGARH\\GATE_USER\\topImg3_GATE_USER_VK01@01_1722989191120.jpg','EXIT'),(262,'C:\\VIKRAM PRIVATE LIMITED\\SUNDARGARH\\GATE_USER\\backImg2_GATE_USER_VK01@01_1722989199168.jpg',NULL,'2024-08-07',NULL,NULL,NULL,6,124,'C:\\VIKRAM PRIVATE LIMITED\\SUNDARGARH\\GATE_USER\\topImg3_GATE_USER_VK01@01_1722989199168.jpg','EXIT'),(263,'C:\\VIKRAM PRIVATE LIMITED\\SUNDARGARH\\GATE_USER\\backImg2_GATE_USER_VK01@01_1722989203880.jpg',NULL,'2024-08-07',NULL,NULL,NULL,6,123,'C:\\VIKRAM PRIVATE LIMITED\\SUNDARGARH\\GATE_USER\\topImg3_GATE_USER_VK01@01_1722989203880.jpg','EXIT'),(264,'C:\\VIKRAM PRIVATE LIMITED\\SUNDARGARH\\GATE_USER\\backImg2_GATE_USER_VK01@01_1722989215365.jpg',NULL,'2024-08-07',NULL,NULL,NULL,6,121,'C:\\VIKRAM PRIVATE LIMITED\\SUNDARGARH\\GATE_USER\\topImg3_GATE_USER_VK01@01_1722989215365.jpg','EXIT'),(265,'C:\\VIKRAM PRIVATE LIMITED\\SUNDARGARH\\GATE_USER\\backImg2_GATE_USER_VK01@01_1722989221279.jpg',NULL,'2024-08-07',NULL,NULL,NULL,6,119,'C:\\VIKRAM PRIVATE LIMITED\\SUNDARGARH\\GATE_USER\\topImg3_GATE_USER_VK01@01_1722989221279.jpg','EXIT'),(266,'C:\\VIKRAM PRIVATE LIMITED\\SUNDARGARH\\GATE_USER\\backImg2_GATE_USER_VK01@01_1722989234869.jpg',NULL,'2024-08-07',NULL,NULL,NULL,6,12,'C:\\VIKRAM PRIVATE LIMITED\\SUNDARGARH\\GATE_USER\\topImg3_GATE_USER_VK01@01_1722989234869.jpg','EXIT'),(267,'C:\\VIKRAM PRIVATE LIMITED\\SUNDARGARH\\GATE_USER\\backImg2_GATE_USER_VK01@01_1722989257973.jpg',NULL,'2024-08-07',NULL,NULL,NULL,6,13,'C:\\VIKRAM PRIVATE LIMITED\\SUNDARGARH\\GATE_USER\\topImg3_GATE_USER_VK01@01_1722989257973.jpg','EXIT'),(268,'C:\\VIKRAM PRIVATE LIMITED\\SUNDARGARH\\GATE_USER\\backImg2_GATE_USER_VK01@01_1722989265011.jpg',NULL,'2024-08-07',NULL,NULL,NULL,6,18,'C:\\VIKRAM PRIVATE LIMITED\\SUNDARGARH\\GATE_USER\\topImg3_GATE_USER_VK01@01_1722989265011.jpg','EXIT'),(269,'C:\\VIKRAM PRIVATE LIMITED\\SUNDARGARH\\GATE_USER\\backImg2_GATE_USER_VK01@01_1722989272671.jpg',NULL,'2024-08-07',NULL,NULL,NULL,6,6,'C:\\VIKRAM PRIVATE LIMITED\\SUNDARGARH\\GATE_USER\\topImg3_GATE_USER_VK01@01_1722989272671.jpg','EXIT'),(270,'C:\\VIKRAM PRIVATE LIMITED\\SUNDARGARH\\GATE_USER\\backImg2_GATE_USER_VK01@01_1722989284703.jpg',NULL,'2024-08-07',NULL,NULL,NULL,6,61,'C:\\VIKRAM PRIVATE LIMITED\\SUNDARGARH\\GATE_USER\\topImg3_GATE_USER_VK01@01_1722989284703.jpg','EXIT'),(271,'C:\\VIKRAM PRIVATE LIMITED\\SUNDARGARH\\GATE_USER\\backImg2_GATE_USER_VK01@01_1722989291232.jpg',NULL,'2024-08-07',NULL,NULL,NULL,6,60,'C:\\VIKRAM PRIVATE LIMITED\\SUNDARGARH\\GATE_USER\\topImg3_GATE_USER_VK01@01_1722989291232.jpg','EXIT'),(272,'C:\\VIKRAM PRIVATE LIMITED\\SUNDARGARH\\GATE_USER\\backImg2_GATE_USER_VK01@01_1722989297526.jpg',NULL,'2024-08-07',NULL,NULL,NULL,6,58,'C:\\VIKRAM PRIVATE LIMITED\\SUNDARGARH\\GATE_USER\\topImg3_GATE_USER_VK01@01_1722989297526.jpg','EXIT'),(273,'C:\\VIKRAM PRIVATE LIMITED\\SUNDARGARH\\GATE_USER\\backImg2_GATE_USER_VK01@01_1722989303531.jpg',NULL,'2024-08-07',NULL,NULL,NULL,6,57,'C:\\VIKRAM PRIVATE LIMITED\\SUNDARGARH\\GATE_USER\\topImg3_GATE_USER_VK01@01_1722989303531.jpg','EXIT'),(274,'C:\\VIKRAM PRIVATE LIMITED\\SUNDARGARH\\GATE_USER\\backImg2_GATE_USER_VK01@01_1722989313053.jpg',NULL,'2024-08-07',NULL,NULL,NULL,6,54,'C:\\VIKRAM PRIVATE LIMITED\\SUNDARGARH\\GATE_USER\\topImg3_GATE_USER_VK01@01_1722989313054.jpg','EXIT'),(275,'C:\\VIKRAM PRIVATE LIMITED\\SUNDARGARH\\GATE_USER\\backImg2_GATE_USER_VK01@01_1722989322606.jpg',NULL,'2024-08-07',NULL,NULL,NULL,6,95,'C:\\VIKRAM PRIVATE LIMITED\\SUNDARGARH\\GATE_USER\\topImg3_GATE_USER_VK01@01_1722989322606.jpg','EXIT'),(276,'C:\\VIKRAM PRIVATE LIMITED\\SUNDARGARH\\GATE_USER\\backImg2_GATE_USER_VK01@01_1722989330014.jpg',NULL,'2024-08-07',NULL,NULL,NULL,6,107,'C:\\VIKRAM PRIVATE LIMITED\\SUNDARGARH\\GATE_USER\\topImg3_GATE_USER_VK01@01_1722989330014.jpg','EXIT'),(277,'C:\\VIKRAM PRIVATE LIMITED\\SUNDARGARH\\GATE_USER\\backImg2_GATE_USER_VK01@01_1722989379902.jpg',NULL,'2024-08-07',NULL,NULL,NULL,6,111,'C:\\VIKRAM PRIVATE LIMITED\\SUNDARGARH\\GATE_USER\\topImg3_GATE_USER_VK01@01_1722989379902.jpg','EXIT'),(278,'C:\\VIKRAM PRIVATE LIMITED\\SUNDARGARH\\GATE_USER\\backImg2_GATE_USER_VK01@01_1722989390397.jpg',NULL,'2024-08-07',NULL,NULL,NULL,6,120,'C:\\VIKRAM PRIVATE LIMITED\\SUNDARGARH\\GATE_USER\\topImg3_GATE_USER_VK01@01_1722989390397.jpg','EXIT'),(279,NULL,NULL,'2024-08-07',NULL,NULL,NULL,6,121,NULL,'EXIT'),(280,'C:\\VIKRAM PRIVATE LIMITED\\SUNDARGARH\\GATE_USER\\backImg2_GATE_USER_VK01@01_1722989427022.jpg',NULL,'2024-08-07',NULL,NULL,NULL,6,119,'C:\\VIKRAM PRIVATE LIMITED\\SUNDARGARH\\GATE_USER\\topImg3_GATE_USER_VK01@01_1722989427022.jpg','EXIT'),(281,'C:\\VIKRAM PRIVATE LIMITED\\SUNDARGARH\\GATE_USER\\backImg2_GATE_USER_VK01@01_1722989433357.jpg',NULL,'2024-08-07',NULL,NULL,NULL,6,115,'C:\\VIKRAM PRIVATE LIMITED\\SUNDARGARH\\GATE_USER\\topImg3_GATE_USER_VK01@01_1722989433357.jpg','EXIT'),(282,'C:\\VIKRAM PRIVATE LIMITED\\SUNDARGARH\\GATE_USER\\backImg2_GATE_USER_VK01@01_1722989438878.jpg',NULL,'2024-08-07',NULL,NULL,NULL,6,114,'C:\\VIKRAM PRIVATE LIMITED\\SUNDARGARH\\GATE_USER\\topImg3_GATE_USER_VK01@01_1722989438878.jpg','EXIT'),(283,'C:\\VIKRAM PRIVATE LIMITED\\SUNDARGARH\\GATE_USER\\backImg2_GATE_USER_VK01@01_1722989444054.jpg',NULL,'2024-08-07',NULL,NULL,NULL,6,113,'C:\\VIKRAM PRIVATE LIMITED\\SUNDARGARH\\GATE_USER\\topImg3_GATE_USER_VK01@01_1722989444054.jpg','EXIT'),(284,'C:\\VIKRAM PRIVATE LIMITED\\SUNDARGARH\\GATE_USER\\backImg2_GATE_USER_VK01@01_1722989455254.jpg',NULL,'2024-08-07',NULL,NULL,NULL,6,128,'C:\\VIKRAM PRIVATE LIMITED\\SUNDARGARH\\GATE_USER\\topImg3_GATE_USER_VK01@01_1722989455254.jpg','EXIT'),(285,'C:\\VIKRAM PRIVATE LIMITED\\SUNDARGARH\\GATE_USER\\backImg2_GATE_USER_VK01@01_1722989466647.jpg',NULL,'2024-08-07',NULL,NULL,NULL,6,122,'C:\\VIKRAM PRIVATE LIMITED\\SUNDARGARH\\GATE_USER\\topImg3_GATE_USER_VK01@01_1722989466647.jpg','EXIT'),(286,NULL,NULL,'2024-08-07',NULL,NULL,NULL,6,129,NULL,'ENTRY'),(287,NULL,NULL,'2024-08-07',NULL,NULL,NULL,6,130,NULL,'ENTRY'),(288,'C:\\VIKRAM PRIVATE LIMITED\\SUNDARGARH\\WEIGHBRIDGE_OPERATOR\\1722994021024',NULL,'2024-08-07','C:\\VIKRAM PRIVATE LIMITED\\SUNDARGARH\\WEIGHBRIDGE_OPERATOR\\1722994021024','C:\\VIKRAM PRIVATE LIMITED\\SUNDARGARH\\WEIGHBRIDGE_OPERATOR\\1722994021024',NULL,7,129,'C:\\VIKRAM PRIVATE LIMITED\\SUNDARGARH\\WEIGHBRIDGE_OPERATOR\\1722994021024','ENTRY'),(289,'C:\\VIKRAM PRIVATE LIMITED\\SUNDARGARH\\WEIGHBRIDGE_OPERATOR\\1722994163244',NULL,'2024-08-07','C:\\VIKRAM PRIVATE LIMITED\\SUNDARGARH\\WEIGHBRIDGE_OPERATOR\\1722994163244','C:\\VIKRAM PRIVATE LIMITED\\SUNDARGARH\\WEIGHBRIDGE_OPERATOR\\1722994163244',NULL,7,130,'C:\\VIKRAM PRIVATE LIMITED\\SUNDARGARH\\WEIGHBRIDGE_OPERATOR\\1722994163244','ENTRY'),(290,'C:\\VIKRAM PRIVATE LIMITED\\SUNDARGARH\\WEIGHBRIDGE_OPERATOR\\1722994884782',NULL,'2024-08-07','C:\\VIKRAM PRIVATE LIMITED\\SUNDARGARH\\WEIGHBRIDGE_OPERATOR\\1722994884782','C:\\VIKRAM PRIVATE LIMITED\\SUNDARGARH\\WEIGHBRIDGE_OPERATOR\\1722994884782',NULL,7,129,'C:\\VIKRAM PRIVATE LIMITED\\SUNDARGARH\\WEIGHBRIDGE_OPERATOR\\1722994884782','EXIT'),(291,'C:\\VIKRAM PRIVATE LIMITED\\SUNDARGARH\\WEIGHBRIDGE_OPERATOR\\1722995975927',NULL,'2024-08-07','C:\\VIKRAM PRIVATE LIMITED\\SUNDARGARH\\WEIGHBRIDGE_OPERATOR\\1722995975927','C:\\VIKRAM PRIVATE LIMITED\\SUNDARGARH\\WEIGHBRIDGE_OPERATOR\\1722995975927',NULL,7,130,'C:\\VIKRAM PRIVATE LIMITED\\SUNDARGARH\\WEIGHBRIDGE_OPERATOR\\1722995975927','EXIT'),(292,NULL,NULL,'2024-08-07',NULL,NULL,NULL,6,131,NULL,'ENTRY'),(293,'C:\\VIKRAM PRIVATE LIMITED\\SUNDARGARH\\WEIGHBRIDGE_OPERATOR\\1723011161640',NULL,'2024-08-07','C:\\VIKRAM PRIVATE LIMITED\\SUNDARGARH\\WEIGHBRIDGE_OPERATOR\\1723011161639','C:\\VIKRAM PRIVATE LIMITED\\SUNDARGARH\\WEIGHBRIDGE_OPERATOR\\1723011161640',NULL,7,131,'C:\\VIKRAM PRIVATE LIMITED\\SUNDARGARH\\WEIGHBRIDGE_OPERATOR\\1723011161640','ENTRY'),(294,'C:\\VIKRAM PRIVATE LIMITED\\SUNDARGARH\\GATE_USER\\backImg2_GATE_USER_VK01@01_1723016635855.jpg',NULL,'2024-08-07',NULL,NULL,NULL,6,132,NULL,'ENTRY'),(295,'C:\\VIKRAM PRIVATE LIMITED\\SUNDARGARH\\WEIGHBRIDGE_OPERATOR\\1723017213933',NULL,'2024-08-07','C:\\VIKRAM PRIVATE LIMITED\\SUNDARGARH\\WEIGHBRIDGE_OPERATOR\\1723017213933','C:\\VIKRAM PRIVATE LIMITED\\SUNDARGARH\\WEIGHBRIDGE_OPERATOR\\1723017213933',NULL,7,132,'C:\\VIKRAM PRIVATE LIMITED\\SUNDARGARH\\WEIGHBRIDGE_OPERATOR\\1723017213933','ENTRY'),(296,NULL,NULL,'2024-08-07',NULL,NULL,NULL,6,133,NULL,'ENTRY'),(297,'C:\\VIKRAM PRIVATE LIMITED\\SUNDARGARH\\WEIGHBRIDGE_OPERATOR\\1723024532400',NULL,'2024-08-07','C:\\VIKRAM PRIVATE LIMITED\\SUNDARGARH\\WEIGHBRIDGE_OPERATOR\\1723024532400','C:\\VIKRAM PRIVATE LIMITED\\SUNDARGARH\\WEIGHBRIDGE_OPERATOR\\1723024532400',NULL,7,133,'C:\\VIKRAM PRIVATE LIMITED\\SUNDARGARH\\WEIGHBRIDGE_OPERATOR\\1723024532400','ENTRY'),(298,'C:\\VIKRAM PRIVATE LIMITED\\SUNDARGARH\\WEIGHBRIDGE_OPERATOR\\1723025275440',NULL,'2024-08-07','C:\\VIKRAM PRIVATE LIMITED\\SUNDARGARH\\WEIGHBRIDGE_OPERATOR\\1723025275440','C:\\VIKRAM PRIVATE LIMITED\\SUNDARGARH\\WEIGHBRIDGE_OPERATOR\\1723025275440',NULL,7,133,'C:\\VIKRAM PRIVATE LIMITED\\SUNDARGARH\\WEIGHBRIDGE_OPERATOR\\1723025275440','EXIT'),(299,'C:\\VIKRAM PRIVATE LIMITED\\SUNDARGARH\\GATE_USER\\backImg2_GATE_USER_VK01@01_1723025704005.jpg',NULL,'2024-08-07',NULL,NULL,NULL,6,134,NULL,'ENTRY'),(300,'C:\\VIKRAM PRIVATE LIMITED\\SUNDARGARH\\WEIGHBRIDGE_OPERATOR\\1723025799826',NULL,'2024-08-07','C:\\VIKRAM PRIVATE LIMITED\\SUNDARGARH\\WEIGHBRIDGE_OPERATOR\\1723025799826','C:\\VIKRAM PRIVATE LIMITED\\SUNDARGARH\\WEIGHBRIDGE_OPERATOR\\1723025799826',NULL,7,134,'C:\\VIKRAM PRIVATE LIMITED\\SUNDARGARH\\WEIGHBRIDGE_OPERATOR\\1723025799826','ENTRY'),(301,'C:\\VIKRAM PRIVATE LIMITED\\SUNDARGARH\\WEIGHBRIDGE_OPERATOR\\1723026650157',NULL,'2024-08-07','C:\\VIKRAM PRIVATE LIMITED\\SUNDARGARH\\WEIGHBRIDGE_OPERATOR\\1723026650157','C:\\VIKRAM PRIVATE LIMITED\\SUNDARGARH\\WEIGHBRIDGE_OPERATOR\\1723026650157',NULL,7,134,'C:\\VIKRAM PRIVATE LIMITED\\SUNDARGARH\\WEIGHBRIDGE_OPERATOR\\1723026650157','EXIT'),(302,'C:\\VIKRAM PRIVATE LIMITED\\SUNDARGARH\\WEIGHBRIDGE_OPERATOR\\1723029183538',NULL,'2024-08-07','C:\\VIKRAM PRIVATE LIMITED\\SUNDARGARH\\WEIGHBRIDGE_OPERATOR\\1723029183538','C:\\VIKRAM PRIVATE LIMITED\\SUNDARGARH\\WEIGHBRIDGE_OPERATOR\\1723029183538',NULL,7,132,'C:\\VIKRAM PRIVATE LIMITED\\SUNDARGARH\\WEIGHBRIDGE_OPERATOR\\1723029183538','EXIT'),(303,'C:\\VIKRAM PRIVATE LIMITED\\SUNDARGARH\\GATE_USER\\backImg2_GATE_USER_VK01@01_1723032738240.jpg',NULL,'2024-08-07',NULL,NULL,NULL,6,135,NULL,'ENTRY'),(304,'C:\\VIKRAM PRIVATE LIMITED\\SUNDARGARH\\WEIGHBRIDGE_OPERATOR\\1723033276630',NULL,'2024-08-07','C:\\VIKRAM PRIVATE LIMITED\\SUNDARGARH\\WEIGHBRIDGE_OPERATOR\\1723033276630','C:\\VIKRAM PRIVATE LIMITED\\SUNDARGARH\\WEIGHBRIDGE_OPERATOR\\1723033276630',NULL,7,135,'C:\\VIKRAM PRIVATE LIMITED\\SUNDARGARH\\WEIGHBRIDGE_OPERATOR\\1723033276630','ENTRY'),(305,'C:\\VIKRAM PRIVATE LIMITED\\SUNDARGARH\\WEIGHBRIDGE_OPERATOR\\1723034081534',NULL,'2024-08-07','C:\\VIKRAM PRIVATE LIMITED\\SUNDARGARH\\WEIGHBRIDGE_OPERATOR\\1723034081534','C:\\VIKRAM PRIVATE LIMITED\\SUNDARGARH\\WEIGHBRIDGE_OPERATOR\\1723034081534',NULL,7,135,'C:\\VIKRAM PRIVATE LIMITED\\SUNDARGARH\\WEIGHBRIDGE_OPERATOR\\1723034081534','EXIT'),(306,'C:\\VIKRAM PRIVATE LIMITED\\SUNDARGARH\\GATE_USER\\backImg2_GATE_USER_VK01@01_1723034514357.jpg',NULL,'2024-08-07',NULL,NULL,NULL,6,136,NULL,'ENTRY'),(307,'C:\\VIKRAM PRIVATE LIMITED\\SUNDARGARH\\WEIGHBRIDGE_OPERATOR\\1723034737674',NULL,'2024-08-07','C:\\VIKRAM PRIVATE LIMITED\\SUNDARGARH\\WEIGHBRIDGE_OPERATOR\\1723034737674','C:\\VIKRAM PRIVATE LIMITED\\SUNDARGARH\\WEIGHBRIDGE_OPERATOR\\1723034737674',NULL,7,136,'C:\\VIKRAM PRIVATE LIMITED\\SUNDARGARH\\WEIGHBRIDGE_OPERATOR\\1723034737674','ENTRY'),(308,'C:\\VIKRAM PRIVATE LIMITED\\SUNDARGARH\\GATE_USER\\backImg2_GATE_USER_VK01@01_1723035174343.jpg',NULL,'2024-08-07',NULL,NULL,NULL,6,137,NULL,'ENTRY'),(309,'C:\\VIKRAM PRIVATE LIMITED\\SUNDARGARH\\WEIGHBRIDGE_OPERATOR\\1723035282542',NULL,'2024-08-07','C:\\VIKRAM PRIVATE LIMITED\\SUNDARGARH\\WEIGHBRIDGE_OPERATOR\\1723035282542','C:\\VIKRAM PRIVATE LIMITED\\SUNDARGARH\\WEIGHBRIDGE_OPERATOR\\1723035282542',NULL,7,137,'C:\\VIKRAM PRIVATE LIMITED\\SUNDARGARH\\WEIGHBRIDGE_OPERATOR\\1723035282542','ENTRY'),(310,'C:\\VIKRAM PRIVATE LIMITED\\SUNDARGARH\\WEIGHBRIDGE_OPERATOR\\1723035496650',NULL,'2024-08-07','C:\\VIKRAM PRIVATE LIMITED\\SUNDARGARH\\WEIGHBRIDGE_OPERATOR\\1723035496650','C:\\VIKRAM PRIVATE LIMITED\\SUNDARGARH\\WEIGHBRIDGE_OPERATOR\\1723035496650',NULL,7,136,'C:\\VIKRAM PRIVATE LIMITED\\SUNDARGARH\\WEIGHBRIDGE_OPERATOR\\1723035496650','EXIT'),(311,'C:\\VIKRAM PRIVATE LIMITED\\SUNDARGARH\\GATE_USER\\backImg2_GATE_USER_VK01@01_1723036111304.jpg',NULL,'2024-08-07',NULL,NULL,NULL,6,138,NULL,'ENTRY'),(312,'C:\\VIKRAM PRIVATE LIMITED\\SUNDARGARH\\WEIGHBRIDGE_OPERATOR\\1723036288544',NULL,'2024-08-07','C:\\VIKRAM PRIVATE LIMITED\\SUNDARGARH\\WEIGHBRIDGE_OPERATOR\\1723036288544','C:\\VIKRAM PRIVATE LIMITED\\SUNDARGARH\\WEIGHBRIDGE_OPERATOR\\1723036288544',NULL,7,137,'C:\\VIKRAM PRIVATE LIMITED\\SUNDARGARH\\WEIGHBRIDGE_OPERATOR\\1723036288544','EXIT'),(313,'C:\\VIKRAM PRIVATE LIMITED\\SUNDARGARH\\WEIGHBRIDGE_OPERATOR\\1723036480082',NULL,'2024-08-07','C:\\VIKRAM PRIVATE LIMITED\\SUNDARGARH\\WEIGHBRIDGE_OPERATOR\\1723036480082','C:\\VIKRAM PRIVATE LIMITED\\SUNDARGARH\\WEIGHBRIDGE_OPERATOR\\1723036480082',NULL,7,138,'C:\\VIKRAM PRIVATE LIMITED\\SUNDARGARH\\WEIGHBRIDGE_OPERATOR\\1723036480082','ENTRY'),(314,'C:\\VIKRAM PRIVATE LIMITED\\SUNDARGARH\\GATE_USER\\backImg2_GATE_USER_VK01@01_1723036595389.jpg',NULL,'2024-08-07',NULL,NULL,NULL,6,139,NULL,'ENTRY'),(315,'C:\\VIKRAM PRIVATE LIMITED\\SUNDARGARH\\WEIGHBRIDGE_OPERATOR\\1723036738789',NULL,'2024-08-07','C:\\VIKRAM PRIVATE LIMITED\\SUNDARGARH\\WEIGHBRIDGE_OPERATOR\\1723036738789','C:\\VIKRAM PRIVATE LIMITED\\SUNDARGARH\\WEIGHBRIDGE_OPERATOR\\1723036738789',NULL,7,139,'C:\\VIKRAM PRIVATE LIMITED\\SUNDARGARH\\WEIGHBRIDGE_OPERATOR\\1723036738789','ENTRY'),(316,'C:\\VIKRAM PRIVATE LIMITED\\SUNDARGARH\\WEIGHBRIDGE_OPERATOR\\1723038465456',NULL,'2024-08-07','C:\\VIKRAM PRIVATE LIMITED\\SUNDARGARH\\WEIGHBRIDGE_OPERATOR\\1723038465456','C:\\VIKRAM PRIVATE LIMITED\\SUNDARGARH\\WEIGHBRIDGE_OPERATOR\\1723038465456',NULL,7,138,'C:\\VIKRAM PRIVATE LIMITED\\SUNDARGARH\\WEIGHBRIDGE_OPERATOR\\1723038465456','EXIT'),(317,'C:\\VIKRAM PRIVATE LIMITED\\SUNDARGARH\\GATE_USER\\backImg2_GATE_USER_VK01@01_1723038665521.jpg',NULL,'2024-08-07',NULL,NULL,NULL,6,138,'C:\\VIKRAM PRIVATE LIMITED\\SUNDARGARH\\GATE_USER\\topImg3_GATE_USER_VK01@01_1723038665521.jpg','EXIT'),(318,'C:\\VIKRAM PRIVATE LIMITED\\SUNDARGARH\\WEIGHBRIDGE_OPERATOR\\1723038675577',NULL,'2024-08-07','C:\\VIKRAM PRIVATE LIMITED\\SUNDARGARH\\WEIGHBRIDGE_OPERATOR\\1723038675577','C:\\VIKRAM PRIVATE LIMITED\\SUNDARGARH\\WEIGHBRIDGE_OPERATOR\\1723038675577',NULL,7,139,'C:\\VIKRAM PRIVATE LIMITED\\SUNDARGARH\\WEIGHBRIDGE_OPERATOR\\1723038675577','EXIT'),(319,NULL,NULL,'2024-08-07',NULL,NULL,NULL,6,140,NULL,'ENTRY'),(320,NULL,NULL,'2024-08-07',NULL,NULL,NULL,6,137,NULL,'EXIT'),(321,'C:\\VIKRAM PRIVATE LIMITED\\SUNDARGARH\\WEIGHBRIDGE_OPERATOR\\1723039264928',NULL,'2024-08-07','C:\\VIKRAM PRIVATE LIMITED\\SUNDARGARH\\WEIGHBRIDGE_OPERATOR\\1723039264928','C:\\VIKRAM PRIVATE LIMITED\\SUNDARGARH\\WEIGHBRIDGE_OPERATOR\\1723039264928',NULL,7,140,'C:\\VIKRAM PRIVATE LIMITED\\SUNDARGARH\\WEIGHBRIDGE_OPERATOR\\1723039264928','ENTRY'),(322,'C:\\VIKRAM PRIVATE LIMITED\\SUNDARGARH\\GATE_USER\\backImg2_GATE_USER_VK01@01_1723039270426.jpg',NULL,'2024-08-07',NULL,NULL,NULL,6,137,'C:\\VIKRAM PRIVATE LIMITED\\SUNDARGARH\\GATE_USER\\topImg3_GATE_USER_VK01@01_1723039270426.jpg','EXIT'),(323,'C:\\VIKRAM PRIVATE LIMITED\\SUNDARGARH\\GATE_USER\\backImg2_GATE_USER_VK01@01_1723039276193.jpg',NULL,'2024-08-07',NULL,NULL,NULL,6,136,'C:\\VIKRAM PRIVATE LIMITED\\SUNDARGARH\\GATE_USER\\topImg3_GATE_USER_VK01@01_1723039276193.jpg','EXIT'),(324,'C:\\VIKRAM PRIVATE LIMITED\\SUNDARGARH\\GATE_USER\\backImg2_GATE_USER_VK01@01_1723039326625.jpg',NULL,'2024-08-07',NULL,NULL,NULL,6,135,'C:\\VIKRAM PRIVATE LIMITED\\SUNDARGARH\\GATE_USER\\topImg3_GATE_USER_VK01@01_1723039326625.jpg','EXIT'),(325,'C:\\VIKRAM PRIVATE LIMITED\\SUNDARGARH\\GATE_USER\\backImg2_GATE_USER_VK01@01_1723039420750.jpg',NULL,'2024-08-07',NULL,NULL,NULL,6,134,'C:\\VIKRAM PRIVATE LIMITED\\SUNDARGARH\\GATE_USER\\topImg3_GATE_USER_VK01@01_1723039420751.jpg','EXIT'),(326,'C:\\VIKRAM PRIVATE LIMITED\\SUNDARGARH\\GATE_USER\\backImg2_GATE_USER_VK01@01_1723039439879.jpg',NULL,'2024-08-07',NULL,NULL,NULL,6,133,'C:\\VIKRAM PRIVATE LIMITED\\SUNDARGARH\\GATE_USER\\topImg3_GATE_USER_VK01@01_1723039439879.jpg','EXIT'),(327,'C:\\VIKRAM PRIVATE LIMITED\\SUNDARGARH\\GATE_USER\\backImg2_GATE_USER_VK01@01_1723039727262.jpg',NULL,'2024-08-07',NULL,NULL,NULL,6,131,'C:\\VIKRAM PRIVATE LIMITED\\SUNDARGARH\\GATE_USER\\topImg3_GATE_USER_VK01@01_1723039727262.jpg','EXIT'),(328,'C:\\VIKRAM PRIVATE LIMITED\\SUNDARGARH\\GATE_USER\\backImg2_GATE_USER_VK01@01_1723039738003.jpg',NULL,'2024-08-07',NULL,NULL,NULL,6,130,'C:\\VIKRAM PRIVATE LIMITED\\SUNDARGARH\\GATE_USER\\topImg3_GATE_USER_VK01@01_1723039738003.jpg','EXIT'),(329,'C:\\VIKRAM PRIVATE LIMITED\\SUNDARGARH\\GATE_USER\\backImg2_GATE_USER_VK01@01_1723039762782.jpg',NULL,'2024-08-07',NULL,NULL,NULL,6,129,'C:\\VIKRAM PRIVATE LIMITED\\SUNDARGARH\\GATE_USER\\topImg3_GATE_USER_VK01@01_1723039762782.jpg','EXIT'),(330,'C:\\VIKRAM PRIVATE LIMITED\\SUNDARGARH\\GATE_USER\\backImg2_GATE_USER_VK01@01_1723039779580.jpg',NULL,'2024-08-07',NULL,NULL,NULL,6,128,'C:\\VIKRAM PRIVATE LIMITED\\SUNDARGARH\\GATE_USER\\topImg3_GATE_USER_VK01@01_1723039779580.jpg','EXIT'),(331,'C:\\VIKRAM PRIVATE LIMITED\\SUNDARGARH\\GATE_USER\\backImg2_GATE_USER_VK01@01_1723039787221.jpg',NULL,'2024-08-07',NULL,NULL,NULL,6,127,'C:\\VIKRAM PRIVATE LIMITED\\SUNDARGARH\\GATE_USER\\topImg3_GATE_USER_VK01@01_1723039787221.jpg','EXIT'),(332,'C:\\VIKRAM PRIVATE LIMITED\\SUNDARGARH\\GATE_USER\\backImg2_GATE_USER_VK01@01_1723039793116.jpg',NULL,'2024-08-07',NULL,NULL,NULL,6,124,'C:\\VIKRAM PRIVATE LIMITED\\SUNDARGARH\\GATE_USER\\topImg3_GATE_USER_VK01@01_1723039793116.jpg','EXIT'),(333,'C:\\VIKRAM PRIVATE LIMITED\\SUNDARGARH\\GATE_USER\\backImg2_GATE_USER_VK01@01_1723039798228.jpg',NULL,'2024-08-07',NULL,NULL,NULL,6,123,'C:\\VIKRAM PRIVATE LIMITED\\SUNDARGARH\\GATE_USER\\topImg3_GATE_USER_VK01@01_1723039798228.jpg','EXIT'),(334,'C:\\VIKRAM PRIVATE LIMITED\\SUNDARGARH\\GATE_USER\\backImg2_GATE_USER_VK01@01_1723039806275.jpg',NULL,'2024-08-07',NULL,NULL,NULL,6,113,'C:\\VIKRAM PRIVATE LIMITED\\SUNDARGARH\\GATE_USER\\topImg3_GATE_USER_VK01@01_1723039806275.jpg','EXIT'),(335,'C:\\VIKRAM PRIVATE LIMITED\\SUNDARGARH\\GATE_USER\\backImg2_GATE_USER_VK01@01_1723039811541.jpg',NULL,'2024-08-07',NULL,NULL,NULL,6,114,'C:\\VIKRAM PRIVATE LIMITED\\SUNDARGARH\\GATE_USER\\topImg3_GATE_USER_VK01@01_1723039811541.jpg','EXIT'),(336,'C:\\VIKRAM PRIVATE LIMITED\\SUNDARGARH\\GATE_USER\\backImg2_GATE_USER_VK01@01_1723039824269.jpg',NULL,'2024-08-07',NULL,NULL,NULL,6,61,'C:\\VIKRAM PRIVATE LIMITED\\SUNDARGARH\\GATE_USER\\topImg3_GATE_USER_VK01@01_1723039824270.jpg','EXIT'),(337,'C:\\VIKRAM PRIVATE LIMITED\\SUNDARGARH\\WEIGHBRIDGE_OPERATOR\\1723039889846',NULL,'2024-08-07','C:\\VIKRAM PRIVATE LIMITED\\SUNDARGARH\\WEIGHBRIDGE_OPERATOR\\1723039889846','C:\\VIKRAM PRIVATE LIMITED\\SUNDARGARH\\WEIGHBRIDGE_OPERATOR\\1723039889846',NULL,7,140,'C:\\VIKRAM PRIVATE LIMITED\\SUNDARGARH\\WEIGHBRIDGE_OPERATOR\\1723039889846','EXIT'),(338,'C:\\VIKRAM PRIVATE LIMITED\\SUNDARGARH\\GATE_USER\\backImg2_GATE_USER_VK01@01_1723039944500.jpg',NULL,'2024-08-07',NULL,NULL,NULL,6,95,'C:\\VIKRAM PRIVATE LIMITED\\SUNDARGARH\\GATE_USER\\topImg3_GATE_USER_VK01@01_1723039944500.jpg','EXIT'),(339,'C:\\VIKRAM PRIVATE LIMITED\\SUNDARGARH\\GATE_USER\\backImg2_GATE_USER_VK01@01_1723039973262.jpg',NULL,'2024-08-07',NULL,NULL,NULL,6,140,'C:\\VIKRAM PRIVATE LIMITED\\SUNDARGARH\\GATE_USER\\topImg3_GATE_USER_VK01@01_1723039973262.jpg','EXIT'),(340,'C:\\VIKRAM PRIVATE LIMITED\\SUNDARGARH\\GATE_USER\\backImg2_GATE_USER_VK01@01_1723039996966.jpg',NULL,'2024-08-07',NULL,NULL,NULL,6,137,'C:\\VIKRAM PRIVATE LIMITED\\SUNDARGARH\\GATE_USER\\topImg3_GATE_USER_VK01@01_1723039996966.jpg','EXIT'),(341,'C:\\VIKRAM PRIVATE LIMITED\\SUNDARGARH\\GATE_USER\\backImg2_GATE_USER_VK01@01_1723040004766.jpg',NULL,'2024-08-07',NULL,NULL,NULL,6,131,'C:\\VIKRAM PRIVATE LIMITED\\SUNDARGARH\\GATE_USER\\topImg3_GATE_USER_VK01@01_1723040004766.jpg','EXIT'),(342,'C:\\VIKRAM PRIVATE LIMITED\\SUNDARGARH\\GATE_USER\\backImg2_GATE_USER_VK01@01_1723040026616.jpg',NULL,'2024-08-07',NULL,NULL,NULL,6,13,'C:\\VIKRAM PRIVATE LIMITED\\SUNDARGARH\\GATE_USER\\topImg3_GATE_USER_VK01@01_1723040026616.jpg','EXIT'),(343,'C:\\VIKRAM PRIVATE LIMITED\\SUNDARGARH\\GATE_USER\\backImg2_GATE_USER_VK01@01_1723040033595.jpg',NULL,'2024-08-07',NULL,NULL,NULL,6,18,'C:\\VIKRAM PRIVATE LIMITED\\SUNDARGARH\\GATE_USER\\topImg3_GATE_USER_VK01@01_1723040033595.jpg','EXIT'),(344,'C:\\VIKRAM PRIVATE LIMITED\\SUNDARGARH\\GATE_USER\\backImg2_GATE_USER_VK01@01_1723040039971.jpg',NULL,'2024-08-07',NULL,NULL,NULL,6,54,'C:\\VIKRAM PRIVATE LIMITED\\SUNDARGARH\\GATE_USER\\topImg3_GATE_USER_VK01@01_1723040039972.jpg','EXIT'),(345,'C:\\VIKRAM PRIVATE LIMITED\\SUNDARGARH\\GATE_USER\\backImg2_GATE_USER_VK01@01_1723040053885.jpg',NULL,'2024-08-07',NULL,NULL,NULL,6,95,'C:\\VIKRAM PRIVATE LIMITED\\SUNDARGARH\\GATE_USER\\topImg3_GATE_USER_VK01@01_1723040053885.jpg','EXIT'),(346,'C:\\VIKRAM PRIVATE LIMITED\\SUNDARGARH\\GATE_USER\\backImg2_GATE_USER_VK01@01_1723040064347.jpg',NULL,'2024-08-07',NULL,NULL,NULL,6,111,'C:\\VIKRAM PRIVATE LIMITED\\SUNDARGARH\\GATE_USER\\topImg3_GATE_USER_VK01@01_1723040064348.jpg','EXIT'),(347,'C:\\VIKRAM PRIVATE LIMITED\\SUNDARGARH\\GATE_USER\\backImg2_GATE_USER_VK01@01_1723040174426.jpg',NULL,'2024-08-07',NULL,NULL,NULL,6,131,'C:\\VIKRAM PRIVATE LIMITED\\SUNDARGARH\\GATE_USER\\topImg3_GATE_USER_VK01@01_1723040174426.jpg','EXIT'),(348,NULL,NULL,'2024-08-07',NULL,NULL,NULL,6,131,NULL,'EXIT'),(349,NULL,NULL,'2024-08-07',NULL,NULL,NULL,6,141,NULL,'ENTRY'),(350,'C:\\VIKRAM PRIVATE LIMITED\\SUNDARGARH\\WEIGHBRIDGE_OPERATOR\\1723044564755',NULL,'2024-08-07','C:\\VIKRAM PRIVATE LIMITED\\SUNDARGARH\\WEIGHBRIDGE_OPERATOR\\1723044564755','C:\\VIKRAM PRIVATE LIMITED\\SUNDARGARH\\WEIGHBRIDGE_OPERATOR\\1723044564755',NULL,7,141,'C:\\VIKRAM PRIVATE LIMITED\\SUNDARGARH\\WEIGHBRIDGE_OPERATOR\\1723044564755','ENTRY'),(351,'C:\\VIKRAM PRIVATE LIMITED\\SUNDARGARH\\WEIGHBRIDGE_OPERATOR\\1723044580233',NULL,'2024-08-07','C:\\VIKRAM PRIVATE LIMITED\\SUNDARGARH\\WEIGHBRIDGE_OPERATOR\\1723044580233','C:\\VIKRAM PRIVATE LIMITED\\SUNDARGARH\\WEIGHBRIDGE_OPERATOR\\1723044580233',NULL,7,141,'C:\\VIKRAM PRIVATE LIMITED\\SUNDARGARH\\WEIGHBRIDGE_OPERATOR\\1723044580233','EXIT'),(352,NULL,NULL,'2024-08-07',NULL,NULL,NULL,6,142,NULL,'ENTRY'),(353,'C:\\VIKRAM PRIVATE LIMITED\\SUNDARGARH\\WEIGHBRIDGE_OPERATOR\\1723044851004',NULL,'2024-08-07','C:\\VIKRAM PRIVATE LIMITED\\SUNDARGARH\\WEIGHBRIDGE_OPERATOR\\1723044851004','C:\\VIKRAM PRIVATE LIMITED\\SUNDARGARH\\WEIGHBRIDGE_OPERATOR\\1723044851004',NULL,7,142,'C:\\VIKRAM PRIVATE LIMITED\\SUNDARGARH\\WEIGHBRIDGE_OPERATOR\\1723044851004','ENTRY'),(354,NULL,NULL,'2024-08-07',NULL,NULL,NULL,6,143,NULL,'ENTRY'),(355,NULL,NULL,'2024-08-07',NULL,NULL,NULL,6,144,NULL,'ENTRY'),(356,'C:\\VIKRAM PRIVATE LIMITED\\SUNDARGARH\\WEIGHBRIDGE_OPERATOR\\1723045189037',NULL,'2024-08-07','C:\\VIKRAM PRIVATE LIMITED\\SUNDARGARH\\WEIGHBRIDGE_OPERATOR\\1723045189037','C:\\VIKRAM PRIVATE LIMITED\\SUNDARGARH\\WEIGHBRIDGE_OPERATOR\\1723045189037',NULL,7,143,'C:\\VIKRAM PRIVATE LIMITED\\SUNDARGARH\\WEIGHBRIDGE_OPERATOR\\1723045189037','ENTRY'),(357,'C:\\VIKRAM PRIVATE LIMITED\\SUNDARGARH\\WEIGHBRIDGE_OPERATOR\\1723045201833',NULL,'2024-08-07','C:\\VIKRAM PRIVATE LIMITED\\SUNDARGARH\\WEIGHBRIDGE_OPERATOR\\1723045201833','C:\\VIKRAM PRIVATE LIMITED\\SUNDARGARH\\WEIGHBRIDGE_OPERATOR\\1723045201833',NULL,7,143,'C:\\VIKRAM PRIVATE LIMITED\\SUNDARGARH\\WEIGHBRIDGE_OPERATOR\\1723045201833','EXIT'),(358,'C:\\VIKRAM PRIVATE LIMITED\\SUNDARGARH\\WEIGHBRIDGE_OPERATOR\\1723045322541',NULL,'2024-08-07','C:\\VIKRAM PRIVATE LIMITED\\SUNDARGARH\\WEIGHBRIDGE_OPERATOR\\1723045322541','C:\\VIKRAM PRIVATE LIMITED\\SUNDARGARH\\WEIGHBRIDGE_OPERATOR\\1723045322541',NULL,7,144,'C:\\VIKRAM PRIVATE LIMITED\\SUNDARGARH\\WEIGHBRIDGE_OPERATOR\\1723045322541','ENTRY'),(359,NULL,NULL,'2024-08-07',NULL,NULL,NULL,6,146,NULL,'ENTRY'),(360,'C:\\VIKRAM PRIVATE LIMITED\\SUNDARGARH\\WEIGHBRIDGE_OPERATOR\\1723045928868',NULL,'2024-08-07','C:\\VIKRAM PRIVATE LIMITED\\SUNDARGARH\\WEIGHBRIDGE_OPERATOR\\1723045928868','C:\\VIKRAM PRIVATE LIMITED\\SUNDARGARH\\WEIGHBRIDGE_OPERATOR\\1723045928868',NULL,7,146,'C:\\VIKRAM PRIVATE LIMITED\\SUNDARGARH\\WEIGHBRIDGE_OPERATOR\\1723045928868','ENTRY'),(361,'C:\\VIKRAM PRIVATE LIMITED\\SUNDARGARH\\WEIGHBRIDGE_OPERATOR\\1723046084069',NULL,'2024-08-07','C:\\VIKRAM PRIVATE LIMITED\\SUNDARGARH\\WEIGHBRIDGE_OPERATOR\\1723046084069','C:\\VIKRAM PRIVATE LIMITED\\SUNDARGARH\\WEIGHBRIDGE_OPERATOR\\1723046084069',NULL,7,142,'C:\\VIKRAM PRIVATE LIMITED\\SUNDARGARH\\WEIGHBRIDGE_OPERATOR\\1723046084069','EXIT'),(362,'C:\\VIKRAM PRIVATE LIMITED\\SUNDARGARH\\GATE_USER\\backImg2_GATE_USER_VK01@01_1723046203430.jpg',NULL,'2024-08-07',NULL,NULL,NULL,6,142,'C:\\VIKRAM PRIVATE LIMITED\\SUNDARGARH\\GATE_USER\\topImg3_GATE_USER_VK01@01_1723046203430.jpg','EXIT'),(363,'C:\\VIKRAM PRIVATE LIMITED\\SUNDARGARH\\GATE_USER\\backImg2_GATE_USER_VK01@01_1723046287472.jpg',NULL,'2024-08-07',NULL,NULL,NULL,6,143,'C:\\VIKRAM PRIVATE LIMITED\\SUNDARGARH\\GATE_USER\\topImg3_GATE_USER_VK01@01_1723046287472.jpg','EXIT'),(364,'C:\\VIKRAM PRIVATE LIMITED\\SUNDARGARH\\WEIGHBRIDGE_OPERATOR\\1723046312237',NULL,'2024-08-07','C:\\VIKRAM PRIVATE LIMITED\\SUNDARGARH\\WEIGHBRIDGE_OPERATOR\\1723046312237','C:\\VIKRAM PRIVATE LIMITED\\SUNDARGARH\\WEIGHBRIDGE_OPERATOR\\1723046312237',NULL,7,144,'C:\\VIKRAM PRIVATE LIMITED\\SUNDARGARH\\WEIGHBRIDGE_OPERATOR\\1723046312237','EXIT'),(365,'C:\\VIKRAM PRIVATE LIMITED\\SUNDARGARH\\WEIGHBRIDGE_OPERATOR\\1723046403740',NULL,'2024-08-07','C:\\VIKRAM PRIVATE LIMITED\\SUNDARGARH\\WEIGHBRIDGE_OPERATOR\\1723046403740','C:\\VIKRAM PRIVATE LIMITED\\SUNDARGARH\\WEIGHBRIDGE_OPERATOR\\1723046403740',NULL,7,128,'C:\\VIKRAM PRIVATE LIMITED\\SUNDARGARH\\WEIGHBRIDGE_OPERATOR\\1723046403740','ENTRY'),(366,'C:\\VIKRAM PRIVATE LIMITED\\SUNDARGARH\\GATE_USER\\backImg2_GATE_USER_VK01@01_1723046429706.jpg',NULL,'2024-08-07',NULL,NULL,NULL,6,144,'C:\\VIKRAM PRIVATE LIMITED\\SUNDARGARH\\GATE_USER\\topImg3_GATE_USER_VK01@01_1723046429706.jpg','EXIT'),(367,'C:\\VIKRAM PRIVATE LIMITED\\SUNDARGARH\\GATE_USER\\backImg2_GATE_USER_VK01@01_1723046470079.jpg',NULL,'2024-08-07',NULL,NULL,NULL,6,141,'C:\\VIKRAM PRIVATE LIMITED\\SUNDARGARH\\GATE_USER\\topImg3_GATE_USER_VK01@01_1723046470079.jpg','EXIT'),(368,'C:\\VIKRAM PRIVATE LIMITED\\SUNDARGARH\\GATE_USER\\backImg2_GATE_USER_VK01@01_1723046510253.jpg',NULL,'2024-08-07',NULL,NULL,NULL,6,139,'C:\\VIKRAM PRIVATE LIMITED\\SUNDARGARH\\GATE_USER\\topImg3_GATE_USER_VK01@01_1723046510253.jpg','EXIT'),(369,'C:\\VIKRAM PRIVATE LIMITED\\SUNDARGARH\\GATE_USER\\backImg2_GATE_USER_VK01@01_1723046545702.jpg',NULL,'2024-08-07',NULL,NULL,NULL,6,132,'C:\\VIKRAM PRIVATE LIMITED\\SUNDARGARH\\GATE_USER\\topImg3_GATE_USER_VK01@01_1723046545702.jpg','EXIT'),(370,'C:\\VIKRAM PRIVATE LIMITED\\SUNDARGARH\\WEIGHBRIDGE_OPERATOR\\1723047537172',NULL,'2024-08-07','C:\\VIKRAM PRIVATE LIMITED\\SUNDARGARH\\WEIGHBRIDGE_OPERATOR\\1723047537172','C:\\VIKRAM PRIVATE LIMITED\\SUNDARGARH\\WEIGHBRIDGE_OPERATOR\\1723047537172',NULL,7,146,'C:\\VIKRAM PRIVATE LIMITED\\SUNDARGARH\\WEIGHBRIDGE_OPERATOR\\1723047537172','EXIT'),(371,'C:\\VIKRAM PRIVATE LIMITED\\SUNDARGARH\\GATE_USER\\backImg2_GATE_USER_VK01@01_1723047703365.jpg',NULL,'2024-08-07',NULL,NULL,NULL,6,146,'C:\\VIKRAM PRIVATE LIMITED\\SUNDARGARH\\GATE_USER\\topImg3_GATE_USER_VK01@01_1723047703365.jpg','EXIT'),(372,NULL,NULL,'2024-08-07',NULL,NULL,NULL,6,147,NULL,'ENTRY'),(373,'C:\\VIKRAM PRIVATE LIMITED\\SUNDARGARH\\WEIGHBRIDGE_OPERATOR\\1723049478253',NULL,'2024-08-07','C:\\VIKRAM PRIVATE LIMITED\\SUNDARGARH\\WEIGHBRIDGE_OPERATOR\\1723049478253','C:\\VIKRAM PRIVATE LIMITED\\SUNDARGARH\\WEIGHBRIDGE_OPERATOR\\1723049478253',NULL,7,147,'C:\\VIKRAM PRIVATE LIMITED\\SUNDARGARH\\WEIGHBRIDGE_OPERATOR\\1723049478253','ENTRY'),(374,NULL,NULL,'2024-08-07',NULL,NULL,NULL,6,148,NULL,'ENTRY'),(375,'C:\\VIKRAM PRIVATE LIMITED\\SUNDARGARH\\WEIGHBRIDGE_OPERATOR\\1723049696331',NULL,'2024-08-07','C:\\VIKRAM PRIVATE LIMITED\\SUNDARGARH\\WEIGHBRIDGE_OPERATOR\\1723049696331','C:\\VIKRAM PRIVATE LIMITED\\SUNDARGARH\\WEIGHBRIDGE_OPERATOR\\1723049696331',NULL,7,148,'C:\\VIKRAM PRIVATE LIMITED\\SUNDARGARH\\WEIGHBRIDGE_OPERATOR\\1723049696331','ENTRY'),(376,NULL,NULL,'2024-08-07',NULL,NULL,NULL,6,149,NULL,'ENTRY'),(377,'C:\\VIKRAM PRIVATE LIMITED\\SUNDARGARH\\WEIGHBRIDGE_OPERATOR\\1723050347680',NULL,'2024-08-07','C:\\VIKRAM PRIVATE LIMITED\\SUNDARGARH\\WEIGHBRIDGE_OPERATOR\\1723050347680','C:\\VIKRAM PRIVATE LIMITED\\SUNDARGARH\\WEIGHBRIDGE_OPERATOR\\1723050347680',NULL,7,149,'C:\\VIKRAM PRIVATE LIMITED\\SUNDARGARH\\WEIGHBRIDGE_OPERATOR\\1723050347680','ENTRY'),(378,'C:\\VIKRAM PRIVATE LIMITED\\SUNDARGARH\\WEIGHBRIDGE_OPERATOR\\1723051649837',NULL,'2024-08-07','C:\\VIKRAM PRIVATE LIMITED\\SUNDARGARH\\WEIGHBRIDGE_OPERATOR\\1723051649837','C:\\VIKRAM PRIVATE LIMITED\\SUNDARGARH\\WEIGHBRIDGE_OPERATOR\\1723051649837',NULL,7,148,'C:\\VIKRAM PRIVATE LIMITED\\SUNDARGARH\\WEIGHBRIDGE_OPERATOR\\1723051649837','EXIT'),(379,'C:\\VIKRAM PRIVATE LIMITED\\SUNDARGARH\\WEIGHBRIDGE_OPERATOR\\1723051833921',NULL,'2024-08-07','C:\\VIKRAM PRIVATE LIMITED\\SUNDARGARH\\WEIGHBRIDGE_OPERATOR\\1723051833921','C:\\VIKRAM PRIVATE LIMITED\\SUNDARGARH\\WEIGHBRIDGE_OPERATOR\\1723051833921',NULL,7,149,'C:\\VIKRAM PRIVATE LIMITED\\SUNDARGARH\\WEIGHBRIDGE_OPERATOR\\1723051833921','EXIT'),(380,NULL,NULL,'2024-08-07',NULL,NULL,NULL,6,150,NULL,'ENTRY'),(381,'C:\\VIKRAM PRIVATE LIMITED\\SUNDARGARH\\WEIGHBRIDGE_OPERATOR\\1723052281208',NULL,'2024-08-07','C:\\VIKRAM PRIVATE LIMITED\\SUNDARGARH\\WEIGHBRIDGE_OPERATOR\\1723052281208','C:\\VIKRAM PRIVATE LIMITED\\SUNDARGARH\\WEIGHBRIDGE_OPERATOR\\1723052281208',NULL,7,150,'C:\\VIKRAM PRIVATE LIMITED\\SUNDARGARH\\WEIGHBRIDGE_OPERATOR\\1723052281208','ENTRY'),(382,'C:\\VIKRAM PRIVATE LIMITED\\SUNDARGARH\\WEIGHBRIDGE_OPERATOR\\1723052418556',NULL,'2024-08-07','C:\\VIKRAM PRIVATE LIMITED\\SUNDARGARH\\WEIGHBRIDGE_OPERATOR\\1723052418556','C:\\VIKRAM PRIVATE LIMITED\\SUNDARGARH\\WEIGHBRIDGE_OPERATOR\\1723052418556',NULL,7,147,'C:\\VIKRAM PRIVATE LIMITED\\SUNDARGARH\\WEIGHBRIDGE_OPERATOR\\1723052418556','EXIT'),(383,'C:\\VIKRAM PRIVATE LIMITED\\SUNDARGARH\\GATE_USER\\backImg2_GATE_USER_VK01@01_1723052541337.jpg',NULL,'2024-08-07',NULL,NULL,NULL,6,147,'C:\\VIKRAM PRIVATE LIMITED\\SUNDARGARH\\GATE_USER\\topImg3_GATE_USER_VK01@01_1723052541338.jpg','EXIT'),(384,NULL,NULL,'2024-08-07',NULL,NULL,NULL,6,151,NULL,'ENTRY'),(385,'C:\\VIKRAM PRIVATE LIMITED\\SUNDARGARH\\WEIGHBRIDGE_OPERATOR\\1723053021364',NULL,'2024-08-07','C:\\VIKRAM PRIVATE LIMITED\\SUNDARGARH\\WEIGHBRIDGE_OPERATOR\\1723053021364','C:\\VIKRAM PRIVATE LIMITED\\SUNDARGARH\\WEIGHBRIDGE_OPERATOR\\1723053021364',NULL,7,151,'C:\\VIKRAM PRIVATE LIMITED\\SUNDARGARH\\WEIGHBRIDGE_OPERATOR\\1723053021364','ENTRY'),(386,'C:\\VIKRAM PRIVATE LIMITED\\SUNDARGARH\\WEIGHBRIDGE_OPERATOR\\1723053772803',NULL,'2024-08-07','C:\\VIKRAM PRIVATE LIMITED\\SUNDARGARH\\WEIGHBRIDGE_OPERATOR\\1723053772803','C:\\VIKRAM PRIVATE LIMITED\\SUNDARGARH\\WEIGHBRIDGE_OPERATOR\\1723053772803',NULL,7,150,'C:\\VIKRAM PRIVATE LIMITED\\SUNDARGARH\\WEIGHBRIDGE_OPERATOR\\1723053772803','EXIT'),(387,'C:\\VIKRAM PRIVATE LIMITED\\SUNDARGARH\\GATE_USER\\backImg2_GATE_USER_VK01@01_1723053852157.jpg',NULL,'2024-08-07',NULL,NULL,NULL,6,150,'C:\\VIKRAM PRIVATE LIMITED\\SUNDARGARH\\GATE_USER\\topImg3_GATE_USER_VK01@01_1723053852157.jpg','EXIT'),(388,'C:\\VIKRAM PRIVATE LIMITED\\SUNDARGARH\\WEIGHBRIDGE_OPERATOR\\1723054184945',NULL,'2024-08-07','C:\\VIKRAM PRIVATE LIMITED\\SUNDARGARH\\WEIGHBRIDGE_OPERATOR\\1723054184945','C:\\VIKRAM PRIVATE LIMITED\\SUNDARGARH\\WEIGHBRIDGE_OPERATOR\\1723054184945',NULL,7,151,'C:\\VIKRAM PRIVATE LIMITED\\SUNDARGARH\\WEIGHBRIDGE_OPERATOR\\1723054184945','EXIT'),(389,NULL,NULL,'2024-08-07',NULL,NULL,NULL,6,152,NULL,'ENTRY'),(390,'C:\\VIKRAM PRIVATE LIMITED\\SUNDARGARH\\WEIGHBRIDGE_OPERATOR\\1723054670622',NULL,'2024-08-07','C:\\VIKRAM PRIVATE LIMITED\\SUNDARGARH\\WEIGHBRIDGE_OPERATOR\\1723054670622','C:\\VIKRAM PRIVATE LIMITED\\SUNDARGARH\\WEIGHBRIDGE_OPERATOR\\1723054670622',NULL,7,152,'C:\\VIKRAM PRIVATE LIMITED\\SUNDARGARH\\WEIGHBRIDGE_OPERATOR\\1723054670622','ENTRY'),(391,'C:\\VIKRAM PRIVATE LIMITED\\SUNDARGARH\\WEIGHBRIDGE_OPERATOR\\1723055621068',NULL,'2024-08-08','C:\\VIKRAM PRIVATE LIMITED\\SUNDARGARH\\WEIGHBRIDGE_OPERATOR\\1723055621068','C:\\VIKRAM PRIVATE LIMITED\\SUNDARGARH\\WEIGHBRIDGE_OPERATOR\\1723055621068',NULL,7,152,'C:\\VIKRAM PRIVATE LIMITED\\SUNDARGARH\\WEIGHBRIDGE_OPERATOR\\1723055621068','EXIT'),(392,'C:\\VIKRAM PRIVATE LIMITED\\SUNDARGARH\\GATE_USER\\backImg2_GATE_USER_VK01@01_1723056508798.jpg',NULL,'2024-08-08',NULL,NULL,NULL,6,152,'C:\\VIKRAM PRIVATE LIMITED\\SUNDARGARH\\GATE_USER\\topImg3_GATE_USER_VK01@01_1723056508798.jpg','EXIT'),(393,'C:\\VIKRAM PRIVATE LIMITED\\SUNDARGARH\\GATE_USER\\backImg2_GATE_USER_VK01@01_1723056526469.jpg',NULL,'2024-08-08',NULL,NULL,NULL,6,151,'C:\\VIKRAM PRIVATE LIMITED\\SUNDARGARH\\GATE_USER\\topImg3_GATE_USER_VK01@01_1723056526470.jpg','EXIT'),(394,'C:\\VIKRAM PRIVATE LIMITED\\SUNDARGARH\\GATE_USER\\backImg2_GATE_USER_VK01@01_1723056541775.jpg',NULL,'2024-08-08',NULL,NULL,NULL,6,149,'C:\\VIKRAM PRIVATE LIMITED\\SUNDARGARH\\GATE_USER\\topImg3_GATE_USER_VK01@01_1723056541775.jpg','EXIT'),(395,'C:\\VIKRAM PRIVATE LIMITED\\SUNDARGARH\\GATE_USER\\backImg2_GATE_USER_VK01@01_1723056556173.jpg',NULL,'2024-08-08',NULL,NULL,NULL,6,148,'C:\\VIKRAM PRIVATE LIMITED\\SUNDARGARH\\GATE_USER\\topImg3_GATE_USER_VK01@01_1723056556174.jpg','EXIT'),(396,'C:\\VIKRAM PRIVATE LIMITED\\SUNDARGARH\\GATE_USER\\backImg2_GATE_USER_VK01@01_1723089052388.jpg',NULL,'2024-08-08',NULL,NULL,NULL,6,153,NULL,'ENTRY'),(397,'C:\\VIKRAM PRIVATE LIMITED\\SUNDARGARH\\WEIGHBRIDGE_OPERATOR\\1723089194098',NULL,'2024-08-08','C:\\VIKRAM PRIVATE LIMITED\\SUNDARGARH\\WEIGHBRIDGE_OPERATOR\\1723089194098','C:\\VIKRAM PRIVATE LIMITED\\SUNDARGARH\\WEIGHBRIDGE_OPERATOR\\1723089194098',NULL,7,153,'C:\\VIKRAM PRIVATE LIMITED\\SUNDARGARH\\WEIGHBRIDGE_OPERATOR\\1723089194098','ENTRY'),(398,NULL,NULL,'2024-08-08',NULL,NULL,NULL,6,154,NULL,'ENTRY'),(399,'C:\\VIKRAM PRIVATE LIMITED\\SUNDARGARH\\WEIGHBRIDGE_OPERATOR\\1723089419539',NULL,'2024-08-08','C:\\VIKRAM PRIVATE LIMITED\\SUNDARGARH\\WEIGHBRIDGE_OPERATOR\\1723089419539','C:\\VIKRAM PRIVATE LIMITED\\SUNDARGARH\\WEIGHBRIDGE_OPERATOR\\1723089419539',NULL,7,154,'C:\\VIKRAM PRIVATE LIMITED\\SUNDARGARH\\WEIGHBRIDGE_OPERATOR\\1723089419539','ENTRY'),(400,'C:\\VIKRAM PRIVATE LIMITED\\SUNDARGARH\\WEIGHBRIDGE_OPERATOR\\1723090136998',NULL,'2024-08-08','C:\\VIKRAM PRIVATE LIMITED\\SUNDARGARH\\WEIGHBRIDGE_OPERATOR\\1723090136998','C:\\VIKRAM PRIVATE LIMITED\\SUNDARGARH\\WEIGHBRIDGE_OPERATOR\\1723090136998',NULL,7,154,'C:\\VIKRAM PRIVATE LIMITED\\SUNDARGARH\\WEIGHBRIDGE_OPERATOR\\1723090136998','EXIT'),(401,'C:\\VIKRAM PRIVATE LIMITED\\SUNDARGARH\\WEIGHBRIDGE_OPERATOR\\1723090858248',NULL,'2024-08-08','C:\\VIKRAM PRIVATE LIMITED\\SUNDARGARH\\WEIGHBRIDGE_OPERATOR\\1723090858248','C:\\VIKRAM PRIVATE LIMITED\\SUNDARGARH\\WEIGHBRIDGE_OPERATOR\\1723090858248',NULL,7,153,'C:\\VIKRAM PRIVATE LIMITED\\SUNDARGARH\\WEIGHBRIDGE_OPERATOR\\1723090858248','EXIT'),(402,'C:\\VIKRAM PRIVATE LIMITED\\SUNDARGARH\\GATE_USER\\backImg2_GATE_USER_VK01@01_1723094407425.jpg',NULL,'2024-08-08',NULL,NULL,NULL,6,155,NULL,'ENTRY'),(403,'C:\\VIKRAM PRIVATE LIMITED\\SUNDARGARH\\WEIGHBRIDGE_OPERATOR\\1723094831519',NULL,'2024-08-08','C:\\VIKRAM PRIVATE LIMITED\\SUNDARGARH\\WEIGHBRIDGE_OPERATOR\\1723094831519','C:\\VIKRAM PRIVATE LIMITED\\SUNDARGARH\\WEIGHBRIDGE_OPERATOR\\1723094831519',NULL,7,155,'C:\\VIKRAM PRIVATE LIMITED\\SUNDARGARH\\WEIGHBRIDGE_OPERATOR\\1723094831519','ENTRY'),(404,'C:\\VIKRAM PRIVATE LIMITED\\SUNDARGARH\\WEIGHBRIDGE_OPERATOR\\1723104282176',NULL,'2024-08-08','C:\\VIKRAM PRIVATE LIMITED\\SUNDARGARH\\WEIGHBRIDGE_OPERATOR\\1723104282176','C:\\VIKRAM PRIVATE LIMITED\\SUNDARGARH\\WEIGHBRIDGE_OPERATOR\\1723104282176',NULL,7,155,'C:\\VIKRAM PRIVATE LIMITED\\SUNDARGARH\\WEIGHBRIDGE_OPERATOR\\1723104282176','EXIT'),(405,NULL,NULL,'2024-08-08',NULL,NULL,NULL,6,156,NULL,'ENTRY'),(406,'C:\\VIKRAM PRIVATE LIMITED\\SUNDARGARH\\WEIGHBRIDGE_OPERATOR\\1723117233853',NULL,'2024-08-08','C:\\VIKRAM PRIVATE LIMITED\\SUNDARGARH\\WEIGHBRIDGE_OPERATOR\\1723117233853','C:\\VIKRAM PRIVATE LIMITED\\SUNDARGARH\\WEIGHBRIDGE_OPERATOR\\1723117233853',NULL,7,156,'C:\\VIKRAM PRIVATE LIMITED\\SUNDARGARH\\WEIGHBRIDGE_OPERATOR\\1723117233853','ENTRY'),(407,'C:\\VIKRAM PRIVATE LIMITED\\SUNDARGARH\\GATE_USER\\backImg2_GATE_USER_VK01@01_1723117272939.jpg',NULL,'2024-08-08',NULL,NULL,NULL,6,157,'C:\\VIKRAM PRIVATE LIMITED\\SUNDARGARH\\GATE_USER\\topImg3_GATE_USER_VK01@01_1723117272939.jpg','ENTRY'),(408,'C:\\VIKRAM PRIVATE LIMITED\\SUNDARGARH\\WEIGHBRIDGE_OPERATOR\\1723117430182',NULL,'2024-08-08','C:\\VIKRAM PRIVATE LIMITED\\SUNDARGARH\\WEIGHBRIDGE_OPERATOR\\1723117430182','C:\\VIKRAM PRIVATE LIMITED\\SUNDARGARH\\WEIGHBRIDGE_OPERATOR\\1723117430182',NULL,7,157,'C:\\VIKRAM PRIVATE LIMITED\\SUNDARGARH\\WEIGHBRIDGE_OPERATOR\\1723117430182','ENTRY'),(409,'C:\\VIKRAM PRIVATE LIMITED\\SUNDARGARH\\WEIGHBRIDGE_OPERATOR\\1723118033904',NULL,'2024-08-08','C:\\VIKRAM PRIVATE LIMITED\\SUNDARGARH\\WEIGHBRIDGE_OPERATOR\\1723118033904','C:\\VIKRAM PRIVATE LIMITED\\SUNDARGARH\\WEIGHBRIDGE_OPERATOR\\1723118033904',NULL,7,157,'C:\\VIKRAM PRIVATE LIMITED\\SUNDARGARH\\WEIGHBRIDGE_OPERATOR\\1723118033904','EXIT'),(410,'C:\\VIKRAM PRIVATE LIMITED\\SUNDARGARH\\WEIGHBRIDGE_OPERATOR\\1723118601891',NULL,'2024-08-08','C:\\VIKRAM PRIVATE LIMITED\\SUNDARGARH\\WEIGHBRIDGE_OPERATOR\\1723118601891','C:\\VIKRAM PRIVATE LIMITED\\SUNDARGARH\\WEIGHBRIDGE_OPERATOR\\1723118601891',NULL,7,156,'C:\\VIKRAM PRIVATE LIMITED\\SUNDARGARH\\WEIGHBRIDGE_OPERATOR\\1723118601891','EXIT'),(411,NULL,NULL,'2024-08-08',NULL,NULL,NULL,6,158,NULL,'ENTRY'),(412,'C:\\VIKRAM PRIVATE LIMITED\\SUNDARGARH\\WEIGHBRIDGE_OPERATOR\\1723123788944',NULL,'2024-08-08','C:\\VIKRAM PRIVATE LIMITED\\SUNDARGARH\\WEIGHBRIDGE_OPERATOR\\1723123788944','C:\\VIKRAM PRIVATE LIMITED\\SUNDARGARH\\WEIGHBRIDGE_OPERATOR\\1723123788944',NULL,7,158,'C:\\VIKRAM PRIVATE LIMITED\\SUNDARGARH\\WEIGHBRIDGE_OPERATOR\\1723123788944','ENTRY'),(413,'C:\\VIKRAM PRIVATE LIMITED\\SUNDARGARH\\GATE_USER\\backImg2_GATE_USER_VK01@01_1723124957228.jpg',NULL,'2024-08-08',NULL,NULL,NULL,6,154,'C:\\VIKRAM PRIVATE LIMITED\\SUNDARGARH\\GATE_USER\\topImg3_GATE_USER_VK01@01_1723124957228.jpg','EXIT'),(414,'C:\\VIKRAM PRIVATE LIMITED\\SUNDARGARH\\GATE_USER\\backImg2_GATE_USER_VK01@01_1723124976139.jpg',NULL,'2024-08-08',NULL,NULL,NULL,6,153,'C:\\VIKRAM PRIVATE LIMITED\\SUNDARGARH\\GATE_USER\\topImg3_GATE_USER_VK01@01_1723124976139.jpg','EXIT'),(415,'C:\\VIKRAM PRIVATE LIMITED\\SUNDARGARH\\GATE_USER\\backImg2_GATE_USER_VK01@01_1723125002938.jpg',NULL,'2024-08-08',NULL,NULL,NULL,6,156,'C:\\VIKRAM PRIVATE LIMITED\\SUNDARGARH\\GATE_USER\\topImg3_GATE_USER_VK01@01_1723125002938.jpg','EXIT'),(416,'C:\\VIKRAM PRIVATE LIMITED\\SUNDARGARH\\GATE_USER\\backImg2_GATE_USER_VK01@01_1723125020954.jpg',NULL,'2024-08-08',NULL,NULL,NULL,6,155,'C:\\VIKRAM PRIVATE LIMITED\\SUNDARGARH\\GATE_USER\\topImg3_GATE_USER_VK01@01_1723125020954.jpg','EXIT'),(417,'C:\\VIKRAM PRIVATE LIMITED\\SUNDARGARH\\GATE_USER\\backImg2_GATE_USER_VK01@01_1723125036327.jpg',NULL,'2024-08-08',NULL,NULL,NULL,6,157,'C:\\VIKRAM PRIVATE LIMITED\\SUNDARGARH\\GATE_USER\\topImg3_GATE_USER_VK01@01_1723125036327.jpg','EXIT'),(418,'C:\\VIKRAM PRIVATE LIMITED\\SUNDARGARH\\GATE_USER\\backImg2_GATE_USER_VK01@01_1723125049222.jpg',NULL,'2024-08-08',NULL,NULL,NULL,6,158,'C:\\VIKRAM PRIVATE LIMITED\\SUNDARGARH\\GATE_USER\\topImg3_GATE_USER_VK01@01_1723125049223.jpg','EXIT'),(419,'C:\\VIKRAM PRIVATE LIMITED\\SUNDARGARH\\GATE_USER\\backImg2_GATE_USER_VK01@01_1723125128116.jpg',NULL,'2024-08-08',NULL,NULL,NULL,6,158,'C:\\VIKRAM PRIVATE LIMITED\\SUNDARGARH\\GATE_USER\\topImg3_GATE_USER_VK01@01_1723125128116.jpg','EXIT'),(420,'C:\\VIKRAM PRIVATE LIMITED\\SUNDARGARH\\WEIGHBRIDGE_OPERATOR\\1723125254272',NULL,'2024-08-08','C:\\VIKRAM PRIVATE LIMITED\\SUNDARGARH\\WEIGHBRIDGE_OPERATOR\\1723125254272','C:\\VIKRAM PRIVATE LIMITED\\SUNDARGARH\\WEIGHBRIDGE_OPERATOR\\1723125254272',NULL,7,158,'C:\\VIKRAM PRIVATE LIMITED\\SUNDARGARH\\WEIGHBRIDGE_OPERATOR\\1723125254272','EXIT'),(421,'C:\\VIKRAM PRIVATE LIMITED\\SUNDARGARH\\GATE_USER\\backImg2_GATE_USER_VK01@01_1723125330634.jpg',NULL,'2024-08-08',NULL,NULL,NULL,6,158,'C:\\VIKRAM PRIVATE LIMITED\\SUNDARGARH\\GATE_USER\\topImg3_GATE_USER_VK01@01_1723125330634.jpg','EXIT'),(422,NULL,NULL,'2024-08-08',NULL,NULL,NULL,6,159,NULL,'ENTRY'),(423,'C:\\VIKRAM PRIVATE LIMITED\\SUNDARGARH\\WEIGHBRIDGE_OPERATOR\\1723128476971',NULL,'2024-08-08','C:\\VIKRAM PRIVATE LIMITED\\SUNDARGARH\\WEIGHBRIDGE_OPERATOR\\1723128476971','C:\\VIKRAM PRIVATE LIMITED\\SUNDARGARH\\WEIGHBRIDGE_OPERATOR\\1723128476971',NULL,7,159,'C:\\VIKRAM PRIVATE LIMITED\\SUNDARGARH\\WEIGHBRIDGE_OPERATOR\\1723128476971','ENTRY'),(424,'C:\\VIKRAM PRIVATE LIMITED\\SUNDARGARH\\WEIGHBRIDGE_OPERATOR\\1723131076159',NULL,'2024-08-08','C:\\VIKRAM PRIVATE LIMITED\\SUNDARGARH\\WEIGHBRIDGE_OPERATOR\\1723131076159','C:\\VIKRAM PRIVATE LIMITED\\SUNDARGARH\\WEIGHBRIDGE_OPERATOR\\1723131076159',NULL,7,159,'C:\\VIKRAM PRIVATE LIMITED\\SUNDARGARH\\WEIGHBRIDGE_OPERATOR\\1723131076159','EXIT'),(425,'C:\\VIKRAM PRIVATE LIMITED\\SUNDARGARH\\GATE_USER\\backImg2_GATE_USER_VK01@01_1723131184091.jpg',NULL,'2024-08-08',NULL,NULL,NULL,6,159,'C:\\VIKRAM PRIVATE LIMITED\\SUNDARGARH\\GATE_USER\\topImg3_GATE_USER_VK01@01_1723131184091.jpg','EXIT'),(426,NULL,NULL,'2024-08-08',NULL,NULL,NULL,6,160,NULL,'ENTRY'),(427,'C:\\VIKRAM PRIVATE LIMITED\\SUNDARGARH\\WEIGHBRIDGE_OPERATOR\\1723137265732',NULL,'2024-08-08','C:\\VIKRAM PRIVATE LIMITED\\SUNDARGARH\\WEIGHBRIDGE_OPERATOR\\1723137265731','C:\\VIKRAM PRIVATE LIMITED\\SUNDARGARH\\WEIGHBRIDGE_OPERATOR\\1723137265732',NULL,7,160,'C:\\VIKRAM PRIVATE LIMITED\\SUNDARGARH\\WEIGHBRIDGE_OPERATOR\\1723137265732','ENTRY'),(428,'C:\\VIKRAM PRIVATE LIMITED\\SUNDARGARH\\WEIGHBRIDGE_OPERATOR\\1723139331688',NULL,'2024-08-08','C:\\VIKRAM PRIVATE LIMITED\\SUNDARGARH\\WEIGHBRIDGE_OPERATOR\\1723139331688','C:\\VIKRAM PRIVATE LIMITED\\SUNDARGARH\\WEIGHBRIDGE_OPERATOR\\1723139331688',NULL,7,160,'C:\\VIKRAM PRIVATE LIMITED\\SUNDARGARH\\WEIGHBRIDGE_OPERATOR\\1723139331688','EXIT'),(429,'C:\\VIKRAM PRIVATE LIMITED\\SUNDARGARH\\GATE_USER\\backImg2_GATE_USER_VK01@01_1723139467496.jpg',NULL,'2024-08-08',NULL,NULL,NULL,6,160,'C:\\VIKRAM PRIVATE LIMITED\\SUNDARGARH\\GATE_USER\\topImg3_GATE_USER_VK01@01_1723139467496.jpg','EXIT'),(430,'C:\\VIKRAM PRIVATE LIMITED\\SUNDARGARH\\GATE_USER\\backImg2_GATE_USER_VK01@01_1723139627679.jpg',NULL,'2024-08-08',NULL,NULL,NULL,6,161,NULL,'ENTRY'),(431,'C:\\VIKRAM PRIVATE LIMITED\\SUNDARGARH\\WEIGHBRIDGE_OPERATOR\\1723139904435',NULL,'2024-08-08','C:\\VIKRAM PRIVATE LIMITED\\SUNDARGARH\\WEIGHBRIDGE_OPERATOR\\1723139904435','C:\\VIKRAM PRIVATE LIMITED\\SUNDARGARH\\WEIGHBRIDGE_OPERATOR\\1723139904435',NULL,7,161,'C:\\VIKRAM PRIVATE LIMITED\\SUNDARGARH\\WEIGHBRIDGE_OPERATOR\\1723139904435','ENTRY'),(432,'C:\\VIKRAM PRIVATE LIMITED\\SUNDARGARH\\WEIGHBRIDGE_OPERATOR\\1723140944580',NULL,'2024-08-08','C:\\VIKRAM PRIVATE LIMITED\\SUNDARGARH\\WEIGHBRIDGE_OPERATOR\\1723140944580','C:\\VIKRAM PRIVATE LIMITED\\SUNDARGARH\\WEIGHBRIDGE_OPERATOR\\1723140944580',NULL,7,161,'C:\\VIKRAM PRIVATE LIMITED\\SUNDARGARH\\WEIGHBRIDGE_OPERATOR\\1723140944580','EXIT'),(433,'C:\\VIKRAM PRIVATE LIMITED\\SUNDARGARH\\GATE_USER\\backImg2_GATE_USER_VK01@01_1723141024962.jpg',NULL,'2024-08-08',NULL,NULL,NULL,6,161,'C:\\VIKRAM PRIVATE LIMITED\\SUNDARGARH\\GATE_USER\\topImg3_GATE_USER_VK01@01_1723141024963.jpg','EXIT'),(434,'C:\\VIKRAM PRIVATE LIMITED\\SUNDARGARH\\GATE_USER\\backImg2_GATE_USER_VK01@01_1723150969329.jpg',NULL,'2024-08-09',NULL,NULL,NULL,6,131,'C:\\VIKRAM PRIVATE LIMITED\\SUNDARGARH\\GATE_USER\\topImg3_GATE_USER_VK01@01_1723150969329.jpg','EXIT'),(435,'C:\\VIKRAM PRIVATE LIMITED\\SUNDARGARH\\GATE_USER\\backImg2_GATE_USER_VK01@01_1723167362878.jpg',NULL,'2024-08-09',NULL,NULL,NULL,6,162,NULL,'ENTRY'),(436,'C:\\VIKRAM PRIVATE LIMITED\\SUNDARGARH\\WEIGHBRIDGE_OPERATOR\\1723167541465',NULL,'2024-08-09','C:\\VIKRAM PRIVATE LIMITED\\SUNDARGARH\\WEIGHBRIDGE_OPERATOR\\1723167541465','C:\\VIKRAM PRIVATE LIMITED\\SUNDARGARH\\WEIGHBRIDGE_OPERATOR\\1723167541465',NULL,7,162,'C:\\VIKRAM PRIVATE LIMITED\\SUNDARGARH\\WEIGHBRIDGE_OPERATOR\\1723167541465','ENTRY'),(437,'C:\\VIKRAM PRIVATE LIMITED\\SUNDARGARH\\GATE_USER\\backImg2_GATE_USER_VK01@01_1723167694893.jpg',NULL,'2024-08-09',NULL,NULL,NULL,6,163,NULL,'ENTRY'),(438,'C:\\VIKRAM PRIVATE LIMITED\\SUNDARGARH\\WEIGHBRIDGE_OPERATOR\\1723167869870',NULL,'2024-08-09','C:\\VIKRAM PRIVATE LIMITED\\SUNDARGARH\\WEIGHBRIDGE_OPERATOR\\1723167869870','C:\\VIKRAM PRIVATE LIMITED\\SUNDARGARH\\WEIGHBRIDGE_OPERATOR\\1723167869870',NULL,7,163,'C:\\VIKRAM PRIVATE LIMITED\\SUNDARGARH\\WEIGHBRIDGE_OPERATOR\\1723167869870','ENTRY'),(439,'C:\\VIKRAM PRIVATE LIMITED\\SUNDARGARH\\WEIGHBRIDGE_OPERATOR\\1723168628813',NULL,'2024-08-09','C:\\VIKRAM PRIVATE LIMITED\\SUNDARGARH\\WEIGHBRIDGE_OPERATOR\\1723168628813','C:\\VIKRAM PRIVATE LIMITED\\SUNDARGARH\\WEIGHBRIDGE_OPERATOR\\1723168628813',NULL,7,162,'C:\\VIKRAM PRIVATE LIMITED\\SUNDARGARH\\WEIGHBRIDGE_OPERATOR\\1723168628813','EXIT'),(440,'C:\\VIKRAM PRIVATE LIMITED\\SUNDARGARH\\WEIGHBRIDGE_OPERATOR\\1723168941881',NULL,'2024-08-09','C:\\VIKRAM PRIVATE LIMITED\\SUNDARGARH\\WEIGHBRIDGE_OPERATOR\\1723168941881','C:\\VIKRAM PRIVATE LIMITED\\SUNDARGARH\\WEIGHBRIDGE_OPERATOR\\1723168941881',NULL,7,163,'C:\\VIKRAM PRIVATE LIMITED\\SUNDARGARH\\WEIGHBRIDGE_OPERATOR\\1723168941881','EXIT'),(441,'C:\\VIKRAM PRIVATE LIMITED\\SUNDARGARH\\GATE_USER\\backImg2_GATE_USER_VK01@01_1723179848063.jpg',NULL,'2024-08-09',NULL,NULL,NULL,6,164,NULL,'ENTRY'),(442,'C:\\VIKRAM PRIVATE LIMITED\\SUNDARGARH\\WEIGHBRIDGE_OPERATOR\\1723181052315',NULL,'2024-08-09','C:\\VIKRAM PRIVATE LIMITED\\SUNDARGARH\\WEIGHBRIDGE_OPERATOR\\1723181052315','C:\\VIKRAM PRIVATE LIMITED\\SUNDARGARH\\WEIGHBRIDGE_OPERATOR\\1723181052315',NULL,7,164,'C:\\VIKRAM PRIVATE LIMITED\\SUNDARGARH\\WEIGHBRIDGE_OPERATOR\\1723181052315','ENTRY'),(443,'C:\\VIKRAM PRIVATE LIMITED\\SUNDARGARH\\GATE_USER\\backImg2_GATE_USER_VK01@01_1723182575005.jpg',NULL,'2024-08-09',NULL,NULL,NULL,6,165,NULL,'ENTRY'),(444,'C:\\VIKRAM PRIVATE LIMITED\\SUNDARGARH\\WEIGHBRIDGE_OPERATOR\\1723182797854',NULL,'2024-08-09','C:\\VIKRAM PRIVATE LIMITED\\SUNDARGARH\\WEIGHBRIDGE_OPERATOR\\1723182797854','C:\\VIKRAM PRIVATE LIMITED\\SUNDARGARH\\WEIGHBRIDGE_OPERATOR\\1723182797854',NULL,7,165,'C:\\VIKRAM PRIVATE LIMITED\\SUNDARGARH\\WEIGHBRIDGE_OPERATOR\\1723182797854','ENTRY'),(445,'C:\\VIKRAM PRIVATE LIMITED\\SUNDARGARH\\WEIGHBRIDGE_OPERATOR\\1723183843942',NULL,'2024-08-09','C:\\VIKRAM PRIVATE LIMITED\\SUNDARGARH\\WEIGHBRIDGE_OPERATOR\\1723183843942','C:\\VIKRAM PRIVATE LIMITED\\SUNDARGARH\\WEIGHBRIDGE_OPERATOR\\1723183843942',NULL,7,165,'C:\\VIKRAM PRIVATE LIMITED\\SUNDARGARH\\WEIGHBRIDGE_OPERATOR\\1723183843942','EXIT'),(446,'C:\\VIKRAM PRIVATE LIMITED\\SUNDARGARH\\GATE_USER\\backImg2_GATE_USER_VK01@01_1723184585855.jpg',NULL,'2024-08-09',NULL,NULL,NULL,6,166,NULL,'ENTRY'),(447,'C:\\VIKRAM PRIVATE LIMITED\\SUNDARGARH\\WEIGHBRIDGE_OPERATOR\\1723184783772',NULL,'2024-08-09','C:\\VIKRAM PRIVATE LIMITED\\SUNDARGARH\\WEIGHBRIDGE_OPERATOR\\1723184783772','C:\\VIKRAM PRIVATE LIMITED\\SUNDARGARH\\WEIGHBRIDGE_OPERATOR\\1723184783772',NULL,7,166,'C:\\VIKRAM PRIVATE LIMITED\\SUNDARGARH\\WEIGHBRIDGE_OPERATOR\\1723184783772','ENTRY'),(448,'C:\\VIKRAM PRIVATE LIMITED\\SUNDARGARH\\WEIGHBRIDGE_OPERATOR\\1723185562025',NULL,'2024-08-09','C:\\VIKRAM PRIVATE LIMITED\\SUNDARGARH\\WEIGHBRIDGE_OPERATOR\\1723185562025','C:\\VIKRAM PRIVATE LIMITED\\SUNDARGARH\\WEIGHBRIDGE_OPERATOR\\1723185562025',NULL,7,166,'C:\\VIKRAM PRIVATE LIMITED\\SUNDARGARH\\WEIGHBRIDGE_OPERATOR\\1723185562025','EXIT'),(449,'C:\\VIKRAM PRIVATE LIMITED\\SUNDARGARH\\GATE_USER\\backImg2_GATE_USER_VK01@01_1723186279962.jpg',NULL,'2024-08-09',NULL,NULL,NULL,6,167,NULL,'ENTRY'),(450,'C:\\VIKRAM PRIVATE LIMITED\\SUNDARGARH\\WEIGHBRIDGE_OPERATOR\\1723186519878',NULL,'2024-08-09','C:\\VIKRAM PRIVATE LIMITED\\SUNDARGARH\\WEIGHBRIDGE_OPERATOR\\1723186519878','C:\\VIKRAM PRIVATE LIMITED\\SUNDARGARH\\WEIGHBRIDGE_OPERATOR\\1723186519878',NULL,7,167,'C:\\VIKRAM PRIVATE LIMITED\\SUNDARGARH\\WEIGHBRIDGE_OPERATOR\\1723186519878','ENTRY'),(451,'C:\\VIKRAM PRIVATE LIMITED\\SUNDARGARH\\WEIGHBRIDGE_OPERATOR\\1723187238549',NULL,'2024-08-09','C:\\VIKRAM PRIVATE LIMITED\\SUNDARGARH\\WEIGHBRIDGE_OPERATOR\\1723187238549','C:\\VIKRAM PRIVATE LIMITED\\SUNDARGARH\\WEIGHBRIDGE_OPERATOR\\1723187238549',NULL,7,164,'C:\\VIKRAM PRIVATE LIMITED\\SUNDARGARH\\WEIGHBRIDGE_OPERATOR\\1723187238549','EXIT'),(452,'C:\\VIKRAM PRIVATE LIMITED\\SUNDARGARH\\WEIGHBRIDGE_OPERATOR\\1723187892053',NULL,'2024-08-09','C:\\VIKRAM PRIVATE LIMITED\\SUNDARGARH\\WEIGHBRIDGE_OPERATOR\\1723187892053','C:\\VIKRAM PRIVATE LIMITED\\SUNDARGARH\\WEIGHBRIDGE_OPERATOR\\1723187892053',NULL,7,167,'C:\\VIKRAM PRIVATE LIMITED\\SUNDARGARH\\WEIGHBRIDGE_OPERATOR\\1723187892053','EXIT'),(453,'C:\\VIKRAM PRIVATE LIMITED\\SUNDARGARH\\GATE_USER\\backImg2_GATE_USER_VK01@01_1723190061975.jpg',NULL,'2024-08-09',NULL,NULL,NULL,6,168,NULL,'ENTRY'),(454,'C:\\VIKRAM PRIVATE LIMITED\\SUNDARGARH\\WEIGHBRIDGE_OPERATOR\\1723190377356',NULL,'2024-08-09','C:\\VIKRAM PRIVATE LIMITED\\SUNDARGARH\\WEIGHBRIDGE_OPERATOR\\1723190377356','C:\\VIKRAM PRIVATE LIMITED\\SUNDARGARH\\WEIGHBRIDGE_OPERATOR\\1723190377356',NULL,7,168,'C:\\VIKRAM PRIVATE LIMITED\\SUNDARGARH\\WEIGHBRIDGE_OPERATOR\\1723190377356','ENTRY'),(455,NULL,NULL,'2024-08-09',NULL,NULL,NULL,6,169,NULL,'ENTRY'),(456,'C:\\VIKRAM PRIVATE LIMITED\\SUNDARGARH\\WEIGHBRIDGE_OPERATOR\\1723194487809',NULL,'2024-08-09','C:\\VIKRAM PRIVATE LIMITED\\SUNDARGARH\\WEIGHBRIDGE_OPERATOR\\1723194487809','C:\\VIKRAM PRIVATE LIMITED\\SUNDARGARH\\WEIGHBRIDGE_OPERATOR\\1723194487809',NULL,7,169,'C:\\VIKRAM PRIVATE LIMITED\\SUNDARGARH\\WEIGHBRIDGE_OPERATOR\\1723194487809','ENTRY'),(457,'C:\\VIKRAM PRIVATE LIMITED\\SUNDARGARH\\GATE_USER\\backImg2_GATE_USER_VK01@01_1723194740974.jpg',NULL,'2024-08-09',NULL,NULL,NULL,6,170,NULL,'ENTRY'),(458,'C:\\VIKRAM PRIVATE LIMITED\\SUNDARGARH\\WEIGHBRIDGE_OPERATOR\\1723194869484',NULL,'2024-08-09','C:\\VIKRAM PRIVATE LIMITED\\SUNDARGARH\\WEIGHBRIDGE_OPERATOR\\1723194869484','C:\\VIKRAM PRIVATE LIMITED\\SUNDARGARH\\WEIGHBRIDGE_OPERATOR\\1723194869484',NULL,7,170,'C:\\VIKRAM PRIVATE LIMITED\\SUNDARGARH\\WEIGHBRIDGE_OPERATOR\\1723194869484','ENTRY'),(459,'C:\\VIKRAM PRIVATE LIMITED\\SUNDARGARH\\WEIGHBRIDGE_OPERATOR\\1723195155596',NULL,'2024-08-09','C:\\VIKRAM PRIVATE LIMITED\\SUNDARGARH\\WEIGHBRIDGE_OPERATOR\\1723195155596','C:\\VIKRAM PRIVATE LIMITED\\SUNDARGARH\\WEIGHBRIDGE_OPERATOR\\1723195155596',NULL,7,169,'C:\\VIKRAM PRIVATE LIMITED\\SUNDARGARH\\WEIGHBRIDGE_OPERATOR\\1723195155596','EXIT'),(460,'C:\\VIKRAM PRIVATE LIMITED\\SUNDARGARH\\WEIGHBRIDGE_OPERATOR\\1723195911569',NULL,'2024-08-09','C:\\VIKRAM PRIVATE LIMITED\\SUNDARGARH\\WEIGHBRIDGE_OPERATOR\\1723195911569','C:\\VIKRAM PRIVATE LIMITED\\SUNDARGARH\\WEIGHBRIDGE_OPERATOR\\1723195911569',NULL,7,170,'C:\\VIKRAM PRIVATE LIMITED\\SUNDARGARH\\WEIGHBRIDGE_OPERATOR\\1723195911569','EXIT'),(461,'C:\\VIKRAM PRIVATE LIMITED\\SUNDARGARH\\GATE_USER\\backImg2_GATE_USER_VK01@01_1723196034150.jpg',NULL,'2024-08-09',NULL,NULL,NULL,6,171,NULL,'ENTRY'),(462,'C:\\VIKRAM PRIVATE LIMITED\\SUNDARGARH\\WEIGHBRIDGE_OPERATOR\\1723196172941',NULL,'2024-08-09','C:\\VIKRAM PRIVATE LIMITED\\SUNDARGARH\\WEIGHBRIDGE_OPERATOR\\1723196172941','C:\\VIKRAM PRIVATE LIMITED\\SUNDARGARH\\WEIGHBRIDGE_OPERATOR\\1723196172941',NULL,7,171,'C:\\VIKRAM PRIVATE LIMITED\\SUNDARGARH\\WEIGHBRIDGE_OPERATOR\\1723196172941','ENTRY'),(463,'C:\\VIKRAM PRIVATE LIMITED\\SUNDARGARH\\GATE_USER\\backImg2_GATE_USER_VK01@01_1723196365283.jpg',NULL,'2024-08-09',NULL,NULL,NULL,6,172,NULL,'ENTRY'),(464,'C:\\VIKRAM PRIVATE LIMITED\\SUNDARGARH\\WEIGHBRIDGE_OPERATOR\\1723196532441',NULL,'2024-08-09','C:\\VIKRAM PRIVATE LIMITED\\SUNDARGARH\\WEIGHBRIDGE_OPERATOR\\1723196532441','C:\\VIKRAM PRIVATE LIMITED\\SUNDARGARH\\WEIGHBRIDGE_OPERATOR\\1723196532441',NULL,7,172,'C:\\VIKRAM PRIVATE LIMITED\\SUNDARGARH\\WEIGHBRIDGE_OPERATOR\\1723196532441','ENTRY'),(465,'C:\\VIKRAM PRIVATE LIMITED\\SUNDARGARH\\GATE_USER\\backImg2_GATE_USER_VK01@01_1723196660837.jpg',NULL,'2024-08-09',NULL,NULL,NULL,6,173,NULL,'ENTRY'),(466,'C:\\VIKRAM PRIVATE LIMITED\\SUNDARGARH\\WEIGHBRIDGE_OPERATOR\\1723196874572',NULL,'2024-08-09','C:\\VIKRAM PRIVATE LIMITED\\SUNDARGARH\\WEIGHBRIDGE_OPERATOR\\1723196874572','C:\\VIKRAM PRIVATE LIMITED\\SUNDARGARH\\WEIGHBRIDGE_OPERATOR\\1723196874572',NULL,7,173,'C:\\VIKRAM PRIVATE LIMITED\\SUNDARGARH\\WEIGHBRIDGE_OPERATOR\\1723196874572','ENTRY'),(467,'C:\\VIKRAM PRIVATE LIMITED\\SUNDARGARH\\GATE_USER\\backImg2_GATE_USER_VK01@01_1723197016420.jpg',NULL,'2024-08-09',NULL,NULL,NULL,6,174,NULL,'ENTRY'),(468,'C:\\VIKRAM PRIVATE LIMITED\\SUNDARGARH\\WEIGHBRIDGE_OPERATOR\\1723197396716',NULL,'2024-08-09','C:\\VIKRAM PRIVATE LIMITED\\SUNDARGARH\\WEIGHBRIDGE_OPERATOR\\1723197396716','C:\\VIKRAM PRIVATE LIMITED\\SUNDARGARH\\WEIGHBRIDGE_OPERATOR\\1723197396716',NULL,7,174,'C:\\VIKRAM PRIVATE LIMITED\\SUNDARGARH\\WEIGHBRIDGE_OPERATOR\\1723197396716','ENTRY'),(469,'C:\\VIKRAM PRIVATE LIMITED\\SUNDARGARH\\GATE_USER\\backImg2_GATE_USER_VK01@01_1723197792388.jpg',NULL,'2024-08-09',NULL,NULL,NULL,6,175,NULL,'ENTRY'),(470,'C:\\VIKRAM PRIVATE LIMITED\\SUNDARGARH\\WEIGHBRIDGE_OPERATOR\\1723198090999',NULL,'2024-08-09','C:\\VIKRAM PRIVATE LIMITED\\SUNDARGARH\\WEIGHBRIDGE_OPERATOR\\1723198090999','C:\\VIKRAM PRIVATE LIMITED\\SUNDARGARH\\WEIGHBRIDGE_OPERATOR\\1723198090999',NULL,7,175,'C:\\VIKRAM PRIVATE LIMITED\\SUNDARGARH\\WEIGHBRIDGE_OPERATOR\\1723198090999','ENTRY'),(471,'C:\\VIKRAM PRIVATE LIMITED\\SUNDARGARH\\WEIGHBRIDGE_OPERATOR\\1723199852758',NULL,'2024-08-09','C:\\VIKRAM PRIVATE LIMITED\\SUNDARGARH\\WEIGHBRIDGE_OPERATOR\\1723199852758','C:\\VIKRAM PRIVATE LIMITED\\SUNDARGARH\\WEIGHBRIDGE_OPERATOR\\1723199852758',NULL,7,168,'C:\\VIKRAM PRIVATE LIMITED\\SUNDARGARH\\WEIGHBRIDGE_OPERATOR\\1723199852758','EXIT'),(472,'C:\\VIKRAM PRIVATE LIMITED\\SUNDARGARH\\WEIGHBRIDGE_OPERATOR\\1723200018086',NULL,'2024-08-09','C:\\VIKRAM PRIVATE LIMITED\\SUNDARGARH\\WEIGHBRIDGE_OPERATOR\\1723200018084','C:\\VIKRAM PRIVATE LIMITED\\SUNDARGARH\\WEIGHBRIDGE_OPERATOR\\1723200018086',NULL,7,173,'C:\\VIKRAM PRIVATE LIMITED\\SUNDARGARH\\WEIGHBRIDGE_OPERATOR\\1723200018086','EXIT'),(473,'C:\\VIKRAM PRIVATE LIMITED\\SUNDARGARH\\WEIGHBRIDGE_OPERATOR\\1723200212491',NULL,'2024-08-09','C:\\VIKRAM PRIVATE LIMITED\\SUNDARGARH\\WEIGHBRIDGE_OPERATOR\\1723200212491','C:\\VIKRAM PRIVATE LIMITED\\SUNDARGARH\\WEIGHBRIDGE_OPERATOR\\1723200212491',NULL,7,172,'C:\\VIKRAM PRIVATE LIMITED\\SUNDARGARH\\WEIGHBRIDGE_OPERATOR\\1723200212491','EXIT'),(474,'C:\\VIKRAM PRIVATE LIMITED\\SUNDARGARH\\WEIGHBRIDGE_OPERATOR\\1723200347950',NULL,'2024-08-09','C:\\VIKRAM PRIVATE LIMITED\\SUNDARGARH\\WEIGHBRIDGE_OPERATOR\\1723200347950','C:\\VIKRAM PRIVATE LIMITED\\SUNDARGARH\\WEIGHBRIDGE_OPERATOR\\1723200347950',NULL,7,174,'C:\\VIKRAM PRIVATE LIMITED\\SUNDARGARH\\WEIGHBRIDGE_OPERATOR\\1723200347950','EXIT'),(475,'C:\\VIKRAM PRIVATE LIMITED\\SUNDARGARH\\WEIGHBRIDGE_OPERATOR\\1723200458431',NULL,'2024-08-09','C:\\VIKRAM PRIVATE LIMITED\\SUNDARGARH\\WEIGHBRIDGE_OPERATOR\\1723200458431','C:\\VIKRAM PRIVATE LIMITED\\SUNDARGARH\\WEIGHBRIDGE_OPERATOR\\1723200458431',NULL,7,171,'C:\\VIKRAM PRIVATE LIMITED\\SUNDARGARH\\WEIGHBRIDGE_OPERATOR\\1723200458431','EXIT'),(476,'C:\\VIKRAM PRIVATE LIMITED\\SUNDARGARH\\WEIGHBRIDGE_OPERATOR\\1723200540302',NULL,'2024-08-09','C:\\VIKRAM PRIVATE LIMITED\\SUNDARGARH\\WEIGHBRIDGE_OPERATOR\\1723200540302','C:\\VIKRAM PRIVATE LIMITED\\SUNDARGARH\\WEIGHBRIDGE_OPERATOR\\1723200540302',NULL,7,175,'C:\\VIKRAM PRIVATE LIMITED\\SUNDARGARH\\WEIGHBRIDGE_OPERATOR\\1723200540302','EXIT'),(477,'C:\\VIKRAM PRIVATE LIMITED\\SUNDARGARH\\GATE_USER\\backImg2_GATE_USER_VK01@01_1723204177443.jpg',NULL,'2024-08-09',NULL,NULL,NULL,6,176,NULL,'ENTRY'),(478,'C:\\VIKRAM PRIVATE LIMITED\\SUNDARGARH\\WEIGHBRIDGE_OPERATOR\\1723204375458',NULL,'2024-08-09','C:\\VIKRAM PRIVATE LIMITED\\SUNDARGARH\\WEIGHBRIDGE_OPERATOR\\1723204375458','C:\\VIKRAM PRIVATE LIMITED\\SUNDARGARH\\WEIGHBRIDGE_OPERATOR\\1723204375458',NULL,7,176,'C:\\VIKRAM PRIVATE LIMITED\\SUNDARGARH\\WEIGHBRIDGE_OPERATOR\\1723204375458','ENTRY'),(479,'C:\\VIKRAM PRIVATE LIMITED\\SUNDARGARH\\GATE_USER\\backImg2_GATE_USER_VK01@01_1723204853151.jpg',NULL,'2024-08-09',NULL,NULL,NULL,6,177,NULL,'ENTRY'),(480,'C:\\VIKRAM PRIVATE LIMITED\\SUNDARGARH\\WEIGHBRIDGE_OPERATOR\\1723205082170',NULL,'2024-08-09','C:\\VIKRAM PRIVATE LIMITED\\SUNDARGARH\\WEIGHBRIDGE_OPERATOR\\1723205082170','C:\\VIKRAM PRIVATE LIMITED\\SUNDARGARH\\WEIGHBRIDGE_OPERATOR\\1723205082170',NULL,7,177,'C:\\VIKRAM PRIVATE LIMITED\\SUNDARGARH\\WEIGHBRIDGE_OPERATOR\\1723205082170','ENTRY'),(481,'C:\\VIKRAM PRIVATE LIMITED\\SUNDARGARH\\WEIGHBRIDGE_OPERATOR\\18_weigh_backImg2_1723206872704.jpg',NULL,'2024-08-09',NULL,'C:\\VIKRAM PRIVATE LIMITED\\SUNDARGARH\\WEIGHBRIDGE_OPERATOR\\18_weigh_leftImg5_1723206872705.jpg',NULL,7,18,'C:\\VIKRAM PRIVATE LIMITED\\SUNDARGARH\\WEIGHBRIDGE_OPERATOR\\18_weigh_topImg3_1723206872705.jpg','ENTRY'),(482,'C:\\VIKRAM PRIVATE LIMITED\\SUNDARGARH\\WEIGHBRIDGE_OPERATOR\\176_weigh_backImg2_1723207824745.jpg',NULL,'2024-08-09',NULL,'C:\\VIKRAM PRIVATE LIMITED\\SUNDARGARH\\WEIGHBRIDGE_OPERATOR\\176_weigh_leftImg5_1723207824781.jpg',NULL,7,176,'C:\\VIKRAM PRIVATE LIMITED\\SUNDARGARH\\WEIGHBRIDGE_OPERATOR\\176_weigh_topImg3_1723207824781.jpg','EXIT'),(483,'C:\\VIKRAM PRIVATE LIMITED\\SUNDARGARH\\WEIGHBRIDGE_OPERATOR\\177_weigh_backImg2_1723208054127.jpg',NULL,'2024-08-09',NULL,'C:\\VIKRAM PRIVATE LIMITED\\SUNDARGARH\\WEIGHBRIDGE_OPERATOR\\177_weigh_leftImg5_1723208054127.jpg',NULL,7,177,'C:\\VIKRAM PRIVATE LIMITED\\SUNDARGARH\\WEIGHBRIDGE_OPERATOR\\177_weigh_topImg3_1723208054127.jpg','EXIT'),(484,'C:\\VIKRAM PRIVATE LIMITED\\SUNDARGARH\\GATE_USER\\backImg2_GATE_USER_VK01@01_1723210736511.jpg',NULL,'2024-08-09',NULL,NULL,NULL,6,178,NULL,'ENTRY'),(485,'C:\\VIKRAM PRIVATE LIMITED\\SUNDARGARH\\WEIGHBRIDGE_OPERATOR\\178_weigh_backImg2_1723210912978.jpg',NULL,'2024-08-09',NULL,'C:\\VIKRAM PRIVATE LIMITED\\SUNDARGARH\\WEIGHBRIDGE_OPERATOR\\178_weigh_leftImg5_1723210913009.jpg',NULL,7,178,'C:\\VIKRAM PRIVATE LIMITED\\SUNDARGARH\\WEIGHBRIDGE_OPERATOR\\178_weigh_topImg3_1723210913009.jpg','ENTRY'),(486,'C:\\VIKRAM PRIVATE LIMITED\\SUNDARGARH\\GATE_USER\\backImg2_GATE_USER_VK01@01_1723212016838.jpg',NULL,'2024-08-09',NULL,NULL,NULL,6,168,'C:\\VIKRAM PRIVATE LIMITED\\SUNDARGARH\\GATE_USER\\topImg3_GATE_USER_VK01@01_1723212016839.jpg','EXIT'),(487,'C:\\VIKRAM PRIVATE LIMITED\\SUNDARGARH\\GATE_USER\\backImg2_GATE_USER_VK01@01_1723212044161.jpg',NULL,'2024-08-09',NULL,NULL,NULL,6,13,'C:\\VIKRAM PRIVATE LIMITED\\SUNDARGARH\\GATE_USER\\topImg3_GATE_USER_VK01@01_1723212044161.jpg','EXIT'),(488,'C:\\VIKRAM PRIVATE LIMITED\\SUNDARGARH\\GATE_USER\\backImg2_GATE_USER_VK01@01_1723212055027.jpg',NULL,'2024-08-09',NULL,NULL,NULL,6,18,'C:\\VIKRAM PRIVATE LIMITED\\SUNDARGARH\\GATE_USER\\topImg3_GATE_USER_VK01@01_1723212055028.jpg','EXIT'),(489,'C:\\VIKRAM PRIVATE LIMITED\\SUNDARGARH\\GATE_USER\\backImg2_GATE_USER_VK01@01_1723212062940.jpg',NULL,'2024-08-09',NULL,NULL,NULL,6,54,'C:\\VIKRAM PRIVATE LIMITED\\SUNDARGARH\\GATE_USER\\topImg3_GATE_USER_VK01@01_1723212062940.jpg','EXIT'),(490,'C:\\VIKRAM PRIVATE LIMITED\\SUNDARGARH\\GATE_USER\\backImg2_GATE_USER_VK01@01_1723212070882.jpg',NULL,'2024-08-09',NULL,NULL,NULL,6,57,'C:\\VIKRAM PRIVATE LIMITED\\SUNDARGARH\\GATE_USER\\topImg3_GATE_USER_VK01@01_1723212070882.jpg','EXIT'),(491,'C:\\VIKRAM PRIVATE LIMITED\\SUNDARGARH\\GATE_USER\\backImg2_GATE_USER_VK01@01_1723212079074.jpg',NULL,'2024-08-09',NULL,NULL,NULL,6,58,'C:\\VIKRAM PRIVATE LIMITED\\SUNDARGARH\\GATE_USER\\topImg3_GATE_USER_VK01@01_1723212079074.jpg','EXIT'),(492,'C:\\VIKRAM PRIVATE LIMITED\\SUNDARGARH\\GATE_USER\\backImg2_GATE_USER_VK01@01_1723212100022.jpg',NULL,'2024-08-09',NULL,NULL,NULL,6,60,'C:\\VIKRAM PRIVATE LIMITED\\SUNDARGARH\\GATE_USER\\topImg3_GATE_USER_VK01@01_1723212100022.jpg','EXIT'),(493,'C:\\VIKRAM PRIVATE LIMITED\\SUNDARGARH\\GATE_USER\\backImg2_GATE_USER_VK01@01_1723212119049.jpg',NULL,'2024-08-09',NULL,NULL,NULL,6,95,'C:\\VIKRAM PRIVATE LIMITED\\SUNDARGARH\\GATE_USER\\topImg3_GATE_USER_VK01@01_1723212119049.jpg','EXIT'),(494,'C:\\VIKRAM PRIVATE LIMITED\\SUNDARGARH\\GATE_USER\\backImg2_GATE_USER_VK01@01_1723212128971.jpg',NULL,'2024-08-09',NULL,NULL,NULL,6,111,'C:\\VIKRAM PRIVATE LIMITED\\SUNDARGARH\\GATE_USER\\topImg3_GATE_USER_VK01@01_1723212128972.jpg','EXIT'),(495,'C:\\VIKRAM PRIVATE LIMITED\\SUNDARGARH\\GATE_USER\\backImg2_GATE_USER_VK01@01_1723212143209.jpg',NULL,'2024-08-09',NULL,NULL,NULL,6,121,'C:\\VIKRAM PRIVATE LIMITED\\SUNDARGARH\\GATE_USER\\topImg3_GATE_USER_VK01@01_1723212143209.jpg','EXIT'),(496,'C:\\VIKRAM PRIVATE LIMITED\\SUNDARGARH\\GATE_USER\\backImg2_GATE_USER_VK01@01_1723212151610.jpg',NULL,'2024-08-09',NULL,NULL,NULL,6,122,'C:\\VIKRAM PRIVATE LIMITED\\SUNDARGARH\\GATE_USER\\topImg3_GATE_USER_VK01@01_1723212151611.jpg','EXIT'),(497,'C:\\VIKRAM PRIVATE LIMITED\\SUNDARGARH\\GATE_USER\\backImg2_GATE_USER_VK01@01_1723212168761.jpg',NULL,'2024-08-09',NULL,NULL,NULL,6,128,'C:\\VIKRAM PRIVATE LIMITED\\SUNDARGARH\\GATE_USER\\topImg3_GATE_USER_VK01@01_1723212168761.jpg','EXIT'),(498,'C:\\VIKRAM PRIVATE LIMITED\\SUNDARGARH\\GATE_USER\\backImg2_GATE_USER_VK01@01_1723212186004.jpg',NULL,'2024-08-09',NULL,NULL,NULL,6,131,'C:\\VIKRAM PRIVATE LIMITED\\SUNDARGARH\\GATE_USER\\topImg3_GATE_USER_VK01@01_1723212186004.jpg','EXIT'),(499,'C:\\VIKRAM PRIVATE LIMITED\\SUNDARGARH\\WEIGHBRIDGE_OPERATOR\\178_weigh_backImg2_1723212242961.jpg',NULL,'2024-08-09',NULL,'C:\\VIKRAM PRIVATE LIMITED\\SUNDARGARH\\WEIGHBRIDGE_OPERATOR\\178_weigh_leftImg5_1723212242971.jpg',NULL,7,178,'C:\\VIKRAM PRIVATE LIMITED\\SUNDARGARH\\WEIGHBRIDGE_OPERATOR\\178_weigh_topImg3_1723212242971.jpg','EXIT'),(500,NULL,NULL,'2024-08-09',NULL,NULL,NULL,6,178,NULL,'EXIT'),(501,'C:\\VIKRAM PRIVATE LIMITED\\SUNDARGARH\\GATE_USER\\backImg2_GATE_USER_VK01@01_1723217699188.jpg',NULL,'2024-08-09',NULL,NULL,NULL,6,179,NULL,'ENTRY'),(502,'C:\\VIKRAM PRIVATE LIMITED\\SUNDARGARH\\WEIGHBRIDGE_OPERATOR\\179_weigh_backImg2_1723217876202.jpg',NULL,'2024-08-09',NULL,'C:\\VIKRAM PRIVATE LIMITED\\SUNDARGARH\\WEIGHBRIDGE_OPERATOR\\179_weigh_leftImg5_1723217876202.jpg',NULL,7,179,'C:\\VIKRAM PRIVATE LIMITED\\SUNDARGARH\\WEIGHBRIDGE_OPERATOR\\179_weigh_topImg3_1723217876202.jpg','ENTRY'),(503,'C:\\VIKRAM PRIVATE LIMITED\\SUNDARGARH\\WEIGHBRIDGE_OPERATOR\\179_weigh_backImg2_1723218520208.jpg',NULL,'2024-08-09',NULL,'C:\\VIKRAM PRIVATE LIMITED\\SUNDARGARH\\WEIGHBRIDGE_OPERATOR\\179_weigh_leftImg5_1723218520208.jpg',NULL,7,179,'C:\\VIKRAM PRIVATE LIMITED\\SUNDARGARH\\WEIGHBRIDGE_OPERATOR\\179_weigh_topImg3_1723218520208.jpg','EXIT'),(504,'C:\\VIKRAM PRIVATE LIMITED\\SUNDARGARH\\GATE_USER\\backImg2_GATE_USER_VK01@01_1723218596811.jpg',NULL,'2024-08-09',NULL,NULL,NULL,6,179,'C:\\VIKRAM PRIVATE LIMITED\\SUNDARGARH\\GATE_USER\\topImg3_GATE_USER_VK01@01_1723218596811.jpg','EXIT'),(505,'C:\\VIKRAM PRIVATE LIMITED\\SUNDARGARH\\GATE_USER\\backImg2_GATE_USER_VK01@01_1723251293206.jpg',NULL,'2024-08-10',NULL,NULL,NULL,6,177,'C:\\VIKRAM PRIVATE LIMITED\\SUNDARGARH\\GATE_USER\\topImg3_GATE_USER_VK01@01_1723251293206.jpg','EXIT'),(506,'C:\\VIKRAM PRIVATE LIMITED\\SUNDARGARH\\GATE_USER\\backImg2_GATE_USER_VK01@01_1723251312409.jpg',NULL,'2024-08-10',NULL,NULL,NULL,6,176,'C:\\VIKRAM PRIVATE LIMITED\\SUNDARGARH\\GATE_USER\\topImg3_GATE_USER_VK01@01_1723251312410.jpg','EXIT'),(507,'C:\\VIKRAM PRIVATE LIMITED\\SUNDARGARH\\GATE_USER\\backImg2_GATE_USER_VK01@01_1723251330864.jpg',NULL,'2024-08-10',NULL,NULL,NULL,6,175,'C:\\VIKRAM PRIVATE LIMITED\\SUNDARGARH\\GATE_USER\\topImg3_GATE_USER_VK01@01_1723251330864.jpg','EXIT'),(508,'C:\\VIKRAM PRIVATE LIMITED\\SUNDARGARH\\GATE_USER\\backImg2_GATE_USER_VK01@01_1723251351791.jpg',NULL,'2024-08-10',NULL,NULL,NULL,6,174,'C:\\VIKRAM PRIVATE LIMITED\\SUNDARGARH\\GATE_USER\\topImg3_GATE_USER_VK01@01_1723251351791.jpg','EXIT'),(509,'C:\\VIKRAM PRIVATE LIMITED\\SUNDARGARH\\GATE_USER\\backImg2_GATE_USER_VK01@01_1723251373928.jpg',NULL,'2024-08-10',NULL,NULL,NULL,6,173,'C:\\VIKRAM PRIVATE LIMITED\\SUNDARGARH\\GATE_USER\\topImg3_GATE_USER_VK01@01_1723251373928.jpg','EXIT'),(510,'C:\\VIKRAM PRIVATE LIMITED\\SUNDARGARH\\GATE_USER\\backImg2_GATE_USER_VK01@01_1723251392334.jpg',NULL,'2024-08-10',NULL,NULL,NULL,6,172,'C:\\VIKRAM PRIVATE LIMITED\\SUNDARGARH\\GATE_USER\\topImg3_GATE_USER_VK01@01_1723251392334.jpg','EXIT'),(511,'C:\\VIKRAM PRIVATE LIMITED\\SUNDARGARH\\GATE_USER\\backImg2_GATE_USER_VK01@01_1723251410583.jpg',NULL,'2024-08-10',NULL,NULL,NULL,6,171,'C:\\VIKRAM PRIVATE LIMITED\\SUNDARGARH\\GATE_USER\\topImg3_GATE_USER_VK01@01_1723251410583.jpg','EXIT'),(512,'C:\\VIKRAM PRIVATE LIMITED\\SUNDARGARH\\GATE_USER\\backImg2_GATE_USER_VK01@01_1723251430100.jpg',NULL,'2024-08-10',NULL,NULL,NULL,6,170,'C:\\VIKRAM PRIVATE LIMITED\\SUNDARGARH\\GATE_USER\\topImg3_GATE_USER_VK01@01_1723251430100.jpg','EXIT'),(513,'C:\\VIKRAM PRIVATE LIMITED\\SUNDARGARH\\GATE_USER\\backImg2_GATE_USER_VK01@01_1723251450735.jpg',NULL,'2024-08-10',NULL,NULL,NULL,6,169,'C:\\VIKRAM PRIVATE LIMITED\\SUNDARGARH\\GATE_USER\\topImg3_GATE_USER_VK01@01_1723251450735.jpg','EXIT'),(514,'C:\\VIKRAM PRIVATE LIMITED\\SUNDARGARH\\GATE_USER\\backImg2_GATE_USER_VK01@01_1723251469368.jpg',NULL,'2024-08-10',NULL,NULL,NULL,6,167,'C:\\VIKRAM PRIVATE LIMITED\\SUNDARGARH\\GATE_USER\\topImg3_GATE_USER_VK01@01_1723251469368.jpg','EXIT'),(515,'C:\\VIKRAM PRIVATE LIMITED\\SUNDARGARH\\GATE_USER\\backImg2_GATE_USER_VK01@01_1723251487959.jpg',NULL,'2024-08-10',NULL,NULL,NULL,6,166,'C:\\VIKRAM PRIVATE LIMITED\\SUNDARGARH\\GATE_USER\\topImg3_GATE_USER_VK01@01_1723251487959.jpg','EXIT'),(516,'C:\\VIKRAM PRIVATE LIMITED\\SUNDARGARH\\GATE_USER\\backImg2_GATE_USER_VK01@01_1723251506109.jpg',NULL,'2024-08-10',NULL,NULL,NULL,6,165,'C:\\VIKRAM PRIVATE LIMITED\\SUNDARGARH\\GATE_USER\\topImg3_GATE_USER_VK01@01_1723251506109.jpg','EXIT'),(517,'C:\\VIKRAM PRIVATE LIMITED\\SUNDARGARH\\GATE_USER\\backImg2_GATE_USER_VK01@01_1723251537543.jpg',NULL,'2024-08-10',NULL,NULL,NULL,6,163,'C:\\VIKRAM PRIVATE LIMITED\\SUNDARGARH\\GATE_USER\\topImg3_GATE_USER_VK01@01_1723251537544.jpg','EXIT'),(518,'C:\\VIKRAM PRIVATE LIMITED\\SUNDARGARH\\GATE_USER\\backImg2_GATE_USER_VK01@01_1723251557732.jpg',NULL,'2024-08-10',NULL,NULL,NULL,6,162,'C:\\VIKRAM PRIVATE LIMITED\\SUNDARGARH\\GATE_USER\\topImg3_GATE_USER_VK01@01_1723251557732.jpg','EXIT'),(519,'C:\\VIKRAM PRIVATE LIMITED\\SUNDARGARH\\GATE_USER\\backImg2_GATE_USER_VK01@01_1723251580399.jpg',NULL,'2024-08-10',NULL,NULL,NULL,6,153,'C:\\VIKRAM PRIVATE LIMITED\\SUNDARGARH\\GATE_USER\\topImg3_GATE_USER_VK01@01_1723251580400.jpg','EXIT'),(520,'C:\\VIKRAM PRIVATE LIMITED\\SUNDARGARH\\GATE_USER\\backImg2_GATE_USER_VK01@01_1723251596237.jpg',NULL,'2024-08-10',NULL,NULL,NULL,6,164,'C:\\VIKRAM PRIVATE LIMITED\\SUNDARGARH\\GATE_USER\\topImg3_GATE_USER_VK01@01_1723251596237.jpg','EXIT'),(521,'C:\\VIKRAM PRIVATE LIMITED\\SUNDARGARH\\GATE_USER\\backImg2_GATE_USER_VK01@01_1723251630102.jpg',NULL,'2024-08-10',NULL,NULL,NULL,6,127,'C:\\VIKRAM PRIVATE LIMITED\\SUNDARGARH\\GATE_USER\\topImg3_GATE_USER_VK01@01_1723251630102.jpg','EXIT'),(522,'C:\\VIKRAM PRIVATE LIMITED\\SUNDARGARH\\GATE_USER\\backImg2_GATE_USER_VK01@01_1723258343619.jpg',NULL,'2024-08-10',NULL,NULL,NULL,6,180,NULL,'ENTRY'),(523,'C:\\VIKRAM PRIVATE LIMITED\\SUNDARGARH\\WEIGHBRIDGE_OPERATOR\\180_weigh_backImg2_1723258636973.jpg',NULL,'2024-08-10',NULL,'C:\\VIKRAM PRIVATE LIMITED\\SUNDARGARH\\WEIGHBRIDGE_OPERATOR\\180_weigh_leftImg5_1723258636974.jpg',NULL,7,180,'C:\\VIKRAM PRIVATE LIMITED\\SUNDARGARH\\WEIGHBRIDGE_OPERATOR\\180_weigh_topImg3_1723258636974.jpg','ENTRY'),(524,'C:\\VIKRAM PRIVATE LIMITED\\SUNDARGARH\\WEIGHBRIDGE_OPERATOR\\180_weigh_backImg2_1723260992684.jpg',NULL,'2024-08-10',NULL,'C:\\VIKRAM PRIVATE LIMITED\\SUNDARGARH\\WEIGHBRIDGE_OPERATOR\\180_weigh_leftImg5_1723260992684.jpg',NULL,7,180,'C:\\VIKRAM PRIVATE LIMITED\\SUNDARGARH\\WEIGHBRIDGE_OPERATOR\\180_weigh_topImg3_1723260992684.jpg','EXIT'),(525,'C:\\VIKRAM PRIVATE LIMITED\\SUNDARGARH\\GATE_USER\\backImg2_GATE_USER_VK01@01_1723280885716.jpg',NULL,'2024-08-10',NULL,NULL,NULL,6,181,NULL,'ENTRY'),(526,'C:\\VIKRAM PRIVATE LIMITED\\SUNDARGARH\\WEIGHBRIDGE_OPERATOR\\181_weigh_backImg2_1723281097687.jpg',NULL,'2024-08-10',NULL,'C:\\VIKRAM PRIVATE LIMITED\\SUNDARGARH\\WEIGHBRIDGE_OPERATOR\\181_weigh_leftImg5_1723281097687.jpg',NULL,7,181,'C:\\VIKRAM PRIVATE LIMITED\\SUNDARGARH\\WEIGHBRIDGE_OPERATOR\\181_weigh_topImg3_1723281097687.jpg','ENTRY'),(527,'C:\\VIKRAM PRIVATE LIMITED\\SUNDARGARH\\WEIGHBRIDGE_OPERATOR\\181_weigh_backImg2_1723283821204.jpg',NULL,'2024-08-10',NULL,'C:\\VIKRAM PRIVATE LIMITED\\SUNDARGARH\\WEIGHBRIDGE_OPERATOR\\181_weigh_leftImg5_1723283821207.jpg',NULL,7,181,'C:\\VIKRAM PRIVATE LIMITED\\SUNDARGARH\\WEIGHBRIDGE_OPERATOR\\181_weigh_topImg3_1723283821208.jpg','EXIT'),(528,'C:\\VIKRAM PRIVATE LIMITED\\SUNDARGARH\\GATE_USER\\backImg2_GATE_USER_VK01@01_1723290017381.jpg',NULL,'2024-08-10',NULL,NULL,NULL,6,182,NULL,'ENTRY'),(529,'C:\\VIKRAM PRIVATE LIMITED\\SUNDARGARH\\WEIGHBRIDGE_OPERATOR\\182_weigh_backImg2_1723290264893.jpg',NULL,'2024-08-10',NULL,'C:\\VIKRAM PRIVATE LIMITED\\SUNDARGARH\\WEIGHBRIDGE_OPERATOR\\182_weigh_leftImg5_1723290264893.jpg',NULL,7,182,'C:\\VIKRAM PRIVATE LIMITED\\SUNDARGARH\\WEIGHBRIDGE_OPERATOR\\182_weigh_topImg3_1723290264893.jpg','ENTRY'),(530,'C:\\VIKRAM PRIVATE LIMITED\\SUNDARGARH\\WEIGHBRIDGE_OPERATOR\\182_weigh_backImg2_1723291396062.jpg',NULL,'2024-08-10',NULL,'C:\\VIKRAM PRIVATE LIMITED\\SUNDARGARH\\WEIGHBRIDGE_OPERATOR\\182_weigh_leftImg5_1723291396063.jpg',NULL,7,182,'C:\\VIKRAM PRIVATE LIMITED\\SUNDARGARH\\WEIGHBRIDGE_OPERATOR\\182_weigh_topImg3_1723291396063.jpg','EXIT'),(531,NULL,NULL,'2024-08-10',NULL,NULL,NULL,6,183,NULL,'ENTRY'),(532,'C:\\VIKRAM PRIVATE LIMITED\\SUNDARGARH\\WEIGHBRIDGE_OPERATOR\\183_weigh_backImg2_1723300606516.jpg',NULL,'2024-08-10',NULL,'C:\\VIKRAM PRIVATE LIMITED\\SUNDARGARH\\WEIGHBRIDGE_OPERATOR\\183_weigh_leftImg5_1723300606516.jpg',NULL,7,183,'C:\\VIKRAM PRIVATE LIMITED\\SUNDARGARH\\WEIGHBRIDGE_OPERATOR\\183_weigh_topImg3_1723300606516.jpg','ENTRY'),(533,'C:\\VIKRAM PRIVATE LIMITED\\SUNDARGARH\\WEIGHBRIDGE_OPERATOR\\183_weigh_backImg2_1723301631733.jpg',NULL,'2024-08-10',NULL,'C:\\VIKRAM PRIVATE LIMITED\\SUNDARGARH\\WEIGHBRIDGE_OPERATOR\\183_weigh_leftImg5_1723301631733.jpg',NULL,7,183,'C:\\VIKRAM PRIVATE LIMITED\\SUNDARGARH\\WEIGHBRIDGE_OPERATOR\\183_weigh_topImg3_1723301631734.jpg','EXIT'),(534,'C:\\VIKRAM PRIVATE LIMITED\\SUNDARGARH\\GATE_USER\\backImg2_GATE_USER_VK01@01_1723302434609.jpg',NULL,'2024-08-10',NULL,NULL,NULL,6,183,'C:\\VIKRAM PRIVATE LIMITED\\SUNDARGARH\\GATE_USER\\topImg3_GATE_USER_VK01@01_1723302434609.jpg','EXIT'),(535,'C:\\VIKRAM PRIVATE LIMITED\\SUNDARGARH\\GATE_USER\\backImg2_GATE_USER_VK01@01_1723302468206.jpg',NULL,'2024-08-10',NULL,NULL,NULL,6,182,'C:\\VIKRAM PRIVATE LIMITED\\SUNDARGARH\\GATE_USER\\topImg3_GATE_USER_VK01@01_1723302468206.jpg','EXIT'),(536,'C:\\VIKRAM PRIVATE LIMITED\\SUNDARGARH\\GATE_USER\\backImg2_GATE_USER_VK01@01_1723302485764.jpg',NULL,'2024-08-10',NULL,NULL,NULL,6,181,'C:\\VIKRAM PRIVATE LIMITED\\SUNDARGARH\\GATE_USER\\topImg3_GATE_USER_VK01@01_1723302485764.jpg','EXIT'),(537,'C:\\VIKRAM PRIVATE LIMITED\\SUNDARGARH\\GATE_USER\\backImg2_GATE_USER_VK01@01_1723302508210.jpg',NULL,'2024-08-10',NULL,NULL,NULL,6,180,'C:\\VIKRAM PRIVATE LIMITED\\SUNDARGARH\\GATE_USER\\topImg3_GATE_USER_VK01@01_1723302508211.jpg','EXIT'),(538,'C:\\VIKRAM PRIVATE LIMITED\\SUNDARGARH\\GATE_USER\\backImg2_GATE_USER_VK01@01_1723302719781.jpg',NULL,'2024-08-10',NULL,NULL,NULL,6,184,NULL,'ENTRY'),(539,'C:\\VIKRAM PRIVATE LIMITED\\SUNDARGARH\\WEIGHBRIDGE_OPERATOR\\184_weigh_backImg2_1723302881052.jpg',NULL,'2024-08-10',NULL,'C:\\VIKRAM PRIVATE LIMITED\\SUNDARGARH\\WEIGHBRIDGE_OPERATOR\\184_weigh_leftImg5_1723302881052.jpg',NULL,7,184,'C:\\VIKRAM PRIVATE LIMITED\\SUNDARGARH\\WEIGHBRIDGE_OPERATOR\\184_weigh_topImg3_1723302881052.jpg','ENTRY'),(540,'C:\\VIKRAM PRIVATE LIMITED\\SUNDARGARH\\GATE_USER\\backImg2_GATE_USER_VK01@01_1723302903530.jpg',NULL,'2024-08-10',NULL,NULL,NULL,6,185,NULL,'ENTRY'),(541,'C:\\VIKRAM PRIVATE LIMITED\\SUNDARGARH\\WEIGHBRIDGE_OPERATOR\\185_weigh_backImg2_1723303028288.jpg',NULL,'2024-08-10',NULL,'C:\\VIKRAM PRIVATE LIMITED\\SUNDARGARH\\WEIGHBRIDGE_OPERATOR\\185_weigh_leftImg5_1723303028288.jpg',NULL,7,185,'C:\\VIKRAM PRIVATE LIMITED\\SUNDARGARH\\WEIGHBRIDGE_OPERATOR\\185_weigh_topImg3_1723303028288.jpg','ENTRY'),(542,'C:\\VIKRAM PRIVATE LIMITED\\SUNDARGARH\\WEIGHBRIDGE_OPERATOR\\184_weigh_backImg2_1723303436637.jpg',NULL,'2024-08-10',NULL,'C:\\VIKRAM PRIVATE LIMITED\\SUNDARGARH\\WEIGHBRIDGE_OPERATOR\\184_weigh_leftImg5_1723303436638.jpg',NULL,7,184,'C:\\VIKRAM PRIVATE LIMITED\\SUNDARGARH\\WEIGHBRIDGE_OPERATOR\\184_weigh_topImg3_1723303436638.jpg','EXIT'),(543,'C:\\VIKRAM PRIVATE LIMITED\\SUNDARGARH\\WEIGHBRIDGE_OPERATOR\\185_weigh_backImg2_1723303563552.jpg',NULL,'2024-08-10',NULL,'C:\\VIKRAM PRIVATE LIMITED\\SUNDARGARH\\WEIGHBRIDGE_OPERATOR\\185_weigh_leftImg5_1723303563552.jpg',NULL,7,185,'C:\\VIKRAM PRIVATE LIMITED\\SUNDARGARH\\WEIGHBRIDGE_OPERATOR\\185_weigh_topImg3_1723303563552.jpg','EXIT'),(544,NULL,NULL,'2024-08-10',NULL,'C:\\VIKRAM PRIVATE LIMITED\\SUNDARGARH\\GATE_USER\\leftImg5_GATE_USER_VK01@01_1723305692852.jpg',NULL,6,186,NULL,'ENTRY'),(545,'C:\\VIKRAM PRIVATE LIMITED\\SUNDARGARH\\WEIGHBRIDGE_OPERATOR\\186_weigh_backImg2_1723305857820.jpg',NULL,'2024-08-10',NULL,'C:\\VIKRAM PRIVATE LIMITED\\SUNDARGARH\\WEIGHBRIDGE_OPERATOR\\186_weigh_leftImg5_1723305857820.jpg',NULL,7,186,'C:\\VIKRAM PRIVATE LIMITED\\SUNDARGARH\\WEIGHBRIDGE_OPERATOR\\186_weigh_topImg3_1723305857820.jpg','ENTRY'),(546,'C:\\VIKRAM PRIVATE LIMITED\\SUNDARGARH\\WEIGHBRIDGE_OPERATOR\\186_weigh_backImg2_1723306471479.jpg',NULL,'2024-08-10',NULL,'C:\\VIKRAM PRIVATE LIMITED\\SUNDARGARH\\WEIGHBRIDGE_OPERATOR\\186_weigh_leftImg5_1723306471479.jpg',NULL,7,186,'C:\\VIKRAM PRIVATE LIMITED\\SUNDARGARH\\WEIGHBRIDGE_OPERATOR\\186_weigh_topImg3_1723306471479.jpg','EXIT'),(547,'C:\\VIKRAM PRIVATE LIMITED\\SUNDARGARH\\GATE_USER\\backImg2_GATE_USER_VK01@01_1723309151029.jpg',NULL,'2024-08-10',NULL,NULL,NULL,6,187,NULL,'ENTRY'),(548,'C:\\VIKRAM PRIVATE LIMITED\\SUNDARGARH\\WEIGHBRIDGE_OPERATOR\\187_weigh_backImg2_1723309314830.jpg',NULL,'2024-08-10',NULL,'C:\\VIKRAM PRIVATE LIMITED\\SUNDARGARH\\WEIGHBRIDGE_OPERATOR\\187_weigh_leftImg5_1723309314830.jpg',NULL,7,187,'C:\\VIKRAM PRIVATE LIMITED\\SUNDARGARH\\WEIGHBRIDGE_OPERATOR\\187_weigh_topImg3_1723309314830.jpg','ENTRY'),(549,'C:\\VIKRAM PRIVATE LIMITED\\SUNDARGARH\\GATE_USER\\backImg2_GATE_USER_VK01@01_1723309364869.jpg',NULL,'2024-08-10',NULL,NULL,NULL,6,188,NULL,'ENTRY'),(550,'C:\\VIKRAM PRIVATE LIMITED\\SUNDARGARH\\WEIGHBRIDGE_OPERATOR\\188_weigh_backImg2_1723309564709.jpg',NULL,'2024-08-10',NULL,'C:\\VIKRAM PRIVATE LIMITED\\SUNDARGARH\\WEIGHBRIDGE_OPERATOR\\188_weigh_leftImg5_1723309564709.jpg',NULL,7,188,'C:\\VIKRAM PRIVATE LIMITED\\SUNDARGARH\\WEIGHBRIDGE_OPERATOR\\188_weigh_topImg3_1723309564709.jpg','ENTRY'),(551,NULL,NULL,'2024-08-10',NULL,NULL,NULL,6,185,NULL,'EXIT'),(552,NULL,NULL,'2024-08-10',NULL,NULL,NULL,6,186,NULL,'EXIT'),(553,NULL,NULL,'2024-08-10',NULL,NULL,NULL,6,184,NULL,'EXIT'),(554,'C:\\VIKRAM PRIVATE LIMITED\\SUNDARGARH\\WEIGHBRIDGE_OPERATOR\\187_weigh_backImg2_1723310076562.jpg',NULL,'2024-08-10',NULL,'C:\\VIKRAM PRIVATE LIMITED\\SUNDARGARH\\WEIGHBRIDGE_OPERATOR\\187_weigh_leftImg5_1723310076562.jpg',NULL,7,187,'C:\\VIKRAM PRIVATE LIMITED\\SUNDARGARH\\WEIGHBRIDGE_OPERATOR\\187_weigh_topImg3_1723310076562.jpg','EXIT'),(555,NULL,NULL,'2024-08-10',NULL,NULL,NULL,6,187,NULL,'EXIT'),(556,'C:\\VIKRAM PRIVATE LIMITED\\SUNDARGARH\\WEIGHBRIDGE_OPERATOR\\188_weigh_backImg2_1723311090229.jpg',NULL,'2024-08-10',NULL,'C:\\VIKRAM PRIVATE LIMITED\\SUNDARGARH\\WEIGHBRIDGE_OPERATOR\\188_weigh_leftImg5_1723311090233.jpg',NULL,7,188,'C:\\VIKRAM PRIVATE LIMITED\\SUNDARGARH\\WEIGHBRIDGE_OPERATOR\\188_weigh_topImg3_1723311090234.jpg','EXIT'),(557,NULL,NULL,'2024-08-10',NULL,NULL,NULL,6,188,NULL,'EXIT'),(558,NULL,NULL,'2024-08-11','C:\\VIKRAM PRIVATE LIMITED\\SUNDARGARH\\GATE_USER\\frontImg1_GATE_USER_VK01@01_1723316690831.jpg','C:\\VIKRAM PRIVATE LIMITED\\SUNDARGARH\\GATE_USER\\leftImg5_GATE_USER_VK01@01_1723316690831.jpg',NULL,6,189,NULL,'ENTRY'),(559,'C:\\VIKRAM PRIVATE LIMITED\\SUNDARGARH\\WEIGHBRIDGE_OPERATOR\\189_weigh_backImg2_1723316871108.jpg',NULL,'2024-08-11',NULL,'C:\\VIKRAM PRIVATE LIMITED\\SUNDARGARH\\WEIGHBRIDGE_OPERATOR\\189_weigh_leftImg5_1723316871108.jpg',NULL,7,189,'C:\\VIKRAM PRIVATE LIMITED\\SUNDARGARH\\WEIGHBRIDGE_OPERATOR\\189_weigh_topImg3_1723316871108.jpg','ENTRY'),(560,'C:\\VIKRAM PRIVATE LIMITED\\SUNDARGARH\\WEIGHBRIDGE_OPERATOR\\189_weigh_backImg2_1723317875873.jpg',NULL,'2024-08-11',NULL,'C:\\VIKRAM PRIVATE LIMITED\\SUNDARGARH\\WEIGHBRIDGE_OPERATOR\\189_weigh_leftImg5_1723317875873.jpg',NULL,7,189,'C:\\VIKRAM PRIVATE LIMITED\\SUNDARGARH\\WEIGHBRIDGE_OPERATOR\\189_weigh_topImg3_1723317875873.jpg','EXIT'),(561,NULL,NULL,'2024-08-11',NULL,NULL,NULL,6,189,NULL,'EXIT'),(562,'C:\\VIKRAM PRIVATE LIMITED\\SUNDARGARH\\GATE_USER\\backImg2_GATE_USER_VK01@01_1723333763163.jpg',NULL,'2024-08-11',NULL,NULL,NULL,6,190,NULL,'ENTRY'),(563,'C:\\VIKRAM PRIVATE LIMITED\\SUNDARGARH\\WEIGHBRIDGE_OPERATOR\\190_weigh_backImg2_1723333896876.jpg',NULL,'2024-08-11',NULL,'C:\\VIKRAM PRIVATE LIMITED\\SUNDARGARH\\WEIGHBRIDGE_OPERATOR\\190_weigh_leftImg5_1723333896883.jpg',NULL,7,190,'C:\\VIKRAM PRIVATE LIMITED\\SUNDARGARH\\WEIGHBRIDGE_OPERATOR\\190_weigh_topImg3_1723333896883.jpg','ENTRY'),(564,'C:\\VIKRAM PRIVATE LIMITED\\SUNDARGARH\\GATE_USER\\backImg2_GATE_USER_VK01@01_1723334545415.jpg',NULL,'2024-08-11',NULL,NULL,NULL,6,131,'C:\\VIKRAM PRIVATE LIMITED\\SUNDARGARH\\GATE_USER\\topImg3_GATE_USER_VK01@01_1723334545423.jpg','EXIT'),(565,'C:\\VIKRAM PRIVATE LIMITED\\SUNDARGARH\\WEIGHBRIDGE_OPERATOR\\190_weigh_backImg2_1723334750193.jpg',NULL,'2024-08-11',NULL,'C:\\VIKRAM PRIVATE LIMITED\\SUNDARGARH\\WEIGHBRIDGE_OPERATOR\\190_weigh_leftImg5_1723334750194.jpg',NULL,7,190,'C:\\VIKRAM PRIVATE LIMITED\\SUNDARGARH\\WEIGHBRIDGE_OPERATOR\\190_weigh_topImg3_1723334750194.jpg','EXIT'),(566,'C:\\VIKRAM PRIVATE LIMITED\\SUNDARGARH\\GATE_USER\\backImg2_GATE_USER_VK01@01_1723335014567.jpg',NULL,'2024-08-11',NULL,NULL,NULL,6,190,'C:\\VIKRAM PRIVATE LIMITED\\SUNDARGARH\\GATE_USER\\topImg3_GATE_USER_VK01@01_1723335014568.jpg','EXIT'),(567,'C:\\VIKRAM PRIVATE LIMITED\\SUNDARGARH\\GATE_USER\\backImg2_GATE_USER_VK01@01_1723338214699.jpg',NULL,'2024-08-11',NULL,NULL,NULL,6,191,NULL,'ENTRY'),(568,'C:\\VIKRAM PRIVATE LIMITED\\SUNDARGARH\\WEIGHBRIDGE_OPERATOR\\191_weigh_backImg2_1723338371157.jpg',NULL,'2024-08-11',NULL,'C:\\VIKRAM PRIVATE LIMITED\\SUNDARGARH\\WEIGHBRIDGE_OPERATOR\\191_weigh_leftImg5_1723338371161.jpg',NULL,7,191,'C:\\VIKRAM PRIVATE LIMITED\\SUNDARGARH\\WEIGHBRIDGE_OPERATOR\\191_weigh_topImg3_1723338371161.jpg','ENTRY'),(569,'C:\\VIKRAM PRIVATE LIMITED\\SUNDARGARH\\WEIGHBRIDGE_OPERATOR\\191_weigh_backImg2_1723339740774.jpg',NULL,'2024-08-11',NULL,'C:\\VIKRAM PRIVATE LIMITED\\SUNDARGARH\\WEIGHBRIDGE_OPERATOR\\191_weigh_leftImg5_1723339740774.jpg',NULL,7,191,'C:\\VIKRAM PRIVATE LIMITED\\SUNDARGARH\\WEIGHBRIDGE_OPERATOR\\191_weigh_topImg3_1723339740774.jpg','EXIT'),(570,NULL,NULL,'2024-08-11',NULL,NULL,NULL,6,191,NULL,'EXIT'),(571,NULL,NULL,'2024-08-11','C:\\VIKRAM PRIVATE LIMITED\\SUNDARGARH\\GATE_USER\\frontImg1_GATE_USER_VK01@01_1723340294402.jpg','C:\\VIKRAM PRIVATE LIMITED\\SUNDARGARH\\GATE_USER\\leftImg5_GATE_USER_VK01@01_1723340294402.jpg',NULL,6,192,'C:\\VIKRAM PRIVATE LIMITED\\SUNDARGARH\\GATE_USER\\topImg3_GATE_USER_VK01@01_1723340294402.jpg','ENTRY'),(572,'C:\\VIKRAM PRIVATE LIMITED\\SUNDARGARH\\WEIGHBRIDGE_OPERATOR\\192_weigh_backImg2_1723340421898.jpg',NULL,'2024-08-11',NULL,'C:\\VIKRAM PRIVATE LIMITED\\SUNDARGARH\\WEIGHBRIDGE_OPERATOR\\192_weigh_leftImg5_1723340421898.jpg',NULL,7,192,'C:\\VIKRAM PRIVATE LIMITED\\SUNDARGARH\\WEIGHBRIDGE_OPERATOR\\192_weigh_topImg3_1723340421899.jpg','ENTRY'),(573,NULL,NULL,'2024-08-11',NULL,NULL,NULL,6,193,NULL,'ENTRY'),(574,'C:\\VIKRAM PRIVATE LIMITED\\SUNDARGARH\\WEIGHBRIDGE_OPERATOR\\193_weigh_backImg2_1723340914322.jpg',NULL,'2024-08-11',NULL,'C:\\VIKRAM PRIVATE LIMITED\\SUNDARGARH\\WEIGHBRIDGE_OPERATOR\\193_weigh_leftImg5_1723340914342.jpg',NULL,7,193,'C:\\VIKRAM PRIVATE LIMITED\\SUNDARGARH\\WEIGHBRIDGE_OPERATOR\\193_weigh_topImg3_1723340914342.jpg','ENTRY'),(575,'C:\\VIKRAM PRIVATE LIMITED\\SUNDARGARH\\WEIGHBRIDGE_OPERATOR\\192_weigh_backImg2_1723341200480.jpg',NULL,'2024-08-11',NULL,'C:\\VIKRAM PRIVATE LIMITED\\SUNDARGARH\\WEIGHBRIDGE_OPERATOR\\192_weigh_leftImg5_1723341200480.jpg',NULL,7,192,'C:\\VIKRAM PRIVATE LIMITED\\SUNDARGARH\\WEIGHBRIDGE_OPERATOR\\192_weigh_topImg3_1723341200480.jpg','EXIT'),(576,'C:\\VIKRAM PRIVATE LIMITED\\SUNDARGARH\\GATE_USER\\backImg2_GATE_USER_VK01@01_1723341284556.jpg',NULL,'2024-08-11',NULL,NULL,NULL,6,192,'C:\\VIKRAM PRIVATE LIMITED\\SUNDARGARH\\GATE_USER\\topImg3_GATE_USER_VK01@01_1723341284557.jpg','EXIT'),(577,'C:\\VIKRAM PRIVATE LIMITED\\SUNDARGARH\\WEIGHBRIDGE_OPERATOR\\193_weigh_backImg2_1723343468544.jpg',NULL,'2024-08-11',NULL,'C:\\VIKRAM PRIVATE LIMITED\\SUNDARGARH\\WEIGHBRIDGE_OPERATOR\\193_weigh_leftImg5_1723343468546.jpg',NULL,7,193,'C:\\VIKRAM PRIVATE LIMITED\\SUNDARGARH\\WEIGHBRIDGE_OPERATOR\\193_weigh_topImg3_1723343468546.jpg','EXIT'),(578,'C:\\VIKRAM PRIVATE LIMITED\\SUNDARGARH\\GATE_USER\\backImg2_GATE_USER_VK01@01_1723343538735.jpg',NULL,'2024-08-11',NULL,NULL,NULL,6,193,'C:\\VIKRAM PRIVATE LIMITED\\SUNDARGARH\\GATE_USER\\topImg3_GATE_USER_VK01@01_1723343538736.jpg','EXIT'),(579,'C:\\VIKRAM PRIVATE LIMITED\\SUNDARGARH\\GATE_USER\\backImg2_GATE_USER_VK01@01_1723349122524.jpg',NULL,'2024-08-11',NULL,NULL,NULL,6,153,'C:\\VIKRAM PRIVATE LIMITED\\SUNDARGARH\\GATE_USER\\topImg3_GATE_USER_VK01@01_1723349122525.jpg','EXIT'),(580,'C:\\VIKRAM PRIVATE LIMITED\\SUNDARGARH\\GATE_USER\\backImg2_GATE_USER_VK01@01_1723359555262.jpg',NULL,'2024-08-11',NULL,NULL,NULL,6,194,NULL,'ENTRY'),(581,'C:\\VIKRAM PRIVATE LIMITED\\SUNDARGARH\\WEIGHBRIDGE_OPERATOR\\194_weigh_backImg2_1723359731898.jpg',NULL,'2024-08-11',NULL,'C:\\VIKRAM PRIVATE LIMITED\\SUNDARGARH\\WEIGHBRIDGE_OPERATOR\\194_weigh_leftImg5_1723359731898.jpg',NULL,7,194,'C:\\VIKRAM PRIVATE LIMITED\\SUNDARGARH\\WEIGHBRIDGE_OPERATOR\\194_weigh_topImg3_1723359731898.jpg','ENTRY'),(582,'C:\\VIKRAM PRIVATE LIMITED\\SUNDARGARH\\WEIGHBRIDGE_OPERATOR\\194_weigh_backImg2_1723361128424.jpg',NULL,'2024-08-11',NULL,'C:\\VIKRAM PRIVATE LIMITED\\SUNDARGARH\\WEIGHBRIDGE_OPERATOR\\194_weigh_leftImg5_1723361128424.jpg',NULL,7,194,'C:\\VIKRAM PRIVATE LIMITED\\SUNDARGARH\\WEIGHBRIDGE_OPERATOR\\194_weigh_topImg3_1723361128424.jpg','EXIT'),(583,NULL,NULL,'2024-08-11',NULL,NULL,NULL,6,194,NULL,'EXIT'),(584,'C:\\VIKRAM PRIVATE LIMITED\\SUNDARGARH\\GATE_USER\\backImg2_GATE_USER_VK01@01_1723392924689.jpg',NULL,'2024-08-11',NULL,NULL,NULL,6,195,NULL,'ENTRY'),(585,'C:\\VIKRAM PRIVATE LIMITED\\SUNDARGARH\\WEIGHBRIDGE_OPERATOR\\195_weigh_backImg2_1723393092651.jpg',NULL,'2024-08-11',NULL,'C:\\VIKRAM PRIVATE LIMITED\\SUNDARGARH\\WEIGHBRIDGE_OPERATOR\\195_weigh_leftImg5_1723393092665.jpg',NULL,7,195,'C:\\VIKRAM PRIVATE LIMITED\\SUNDARGARH\\WEIGHBRIDGE_OPERATOR\\195_weigh_topImg3_1723393092666.jpg','ENTRY'),(586,'C:\\VIKRAM PRIVATE LIMITED\\SUNDARGARH\\WEIGHBRIDGE_OPERATOR\\195_weigh_backImg2_1723393815346.jpg',NULL,'2024-08-11',NULL,'C:\\VIKRAM PRIVATE LIMITED\\SUNDARGARH\\WEIGHBRIDGE_OPERATOR\\195_weigh_leftImg5_1723393815346.jpg',NULL,7,195,'C:\\VIKRAM PRIVATE LIMITED\\SUNDARGARH\\WEIGHBRIDGE_OPERATOR\\195_weigh_topImg3_1723393815346.jpg','EXIT'),(587,'C:\\VIKRAM PRIVATE LIMITED\\SUNDARGARH\\GATE_USER\\backImg2_GATE_USER_VK01@01_1723434163041.jpg',NULL,'2024-08-12',NULL,NULL,NULL,6,195,'C:\\VIKRAM PRIVATE LIMITED\\SUNDARGARH\\GATE_USER\\topImg3_GATE_USER_VK01@01_1723434163041.jpg','EXIT'),(588,'C:\\VIKRAM PRIVATE LIMITED\\SUNDARGARH\\GATE_USER\\backImg2_GATE_USER_VK01@01_1723438934328.jpg',NULL,'2024-08-12',NULL,NULL,NULL,6,196,'C:\\VIKRAM PRIVATE LIMITED\\SUNDARGARH\\GATE_USER\\topImg3_GATE_USER_VK01@01_1723438934329.jpg','ENTRY'),(589,'C:\\VIKRAM PRIVATE LIMITED\\SUNDARGARH\\GATE_USER\\backImg2_GATE_USER_VK01@01_1723439281906.jpg',NULL,'2024-08-12',NULL,NULL,NULL,6,197,'C:\\VIKRAM PRIVATE LIMITED\\SUNDARGARH\\GATE_USER\\topImg3_GATE_USER_VK01@01_1723439281906.jpg','ENTRY'),(590,'C:\\VIKRAM PRIVATE LIMITED\\SUNDARGARH\\WEIGHBRIDGE_OPERATOR\\196_weigh_backImg2_1723439334820.jpg',NULL,'2024-08-12',NULL,'C:\\VIKRAM PRIVATE LIMITED\\SUNDARGARH\\WEIGHBRIDGE_OPERATOR\\196_weigh_leftImg5_1723439334821.jpg',NULL,7,196,'C:\\VIKRAM PRIVATE LIMITED\\SUNDARGARH\\WEIGHBRIDGE_OPERATOR\\196_weigh_topImg3_1723439334821.jpg','ENTRY'),(591,'C:\\VIKRAM PRIVATE LIMITED\\SUNDARGARH\\WEIGHBRIDGE_OPERATOR\\197_weigh_backImg2_1723439714225.jpg',NULL,'2024-08-12',NULL,'C:\\VIKRAM PRIVATE LIMITED\\SUNDARGARH\\WEIGHBRIDGE_OPERATOR\\197_weigh_leftImg5_1723439714225.jpg',NULL,7,197,'C:\\VIKRAM PRIVATE LIMITED\\SUNDARGARH\\WEIGHBRIDGE_OPERATOR\\197_weigh_topImg3_1723439714225.jpg','ENTRY'),(592,'C:\\VIKRAM PRIVATE LIMITED\\SUNDARGARH\\GATE_USER\\backImg2_GATE_USER_VK01@01_1723439791680.jpg',NULL,'2024-08-12',NULL,NULL,NULL,6,198,'C:\\VIKRAM PRIVATE LIMITED\\SUNDARGARH\\GATE_USER\\topImg3_GATE_USER_VK01@01_1723439791681.jpg','ENTRY'),(593,'C:\\VIKRAM PRIVATE LIMITED\\SUNDARGARH\\GATE_USER\\backImg2_GATE_USER_VK01@01_1723440210636.jpg',NULL,'2024-08-12',NULL,NULL,NULL,6,199,'C:\\VIKRAM PRIVATE LIMITED\\SUNDARGARH\\GATE_USER\\topImg3_GATE_USER_VK01@01_1723440210636.jpg','ENTRY'),(594,NULL,NULL,'2024-08-12',NULL,'C:\\VIKRAM PRIVATE LIMITED\\SUNDARGARH\\WEIGHBRIDGE_OPERATOR\\198_weigh_leftImg5_1723440222916.jpg',NULL,7,198,'C:\\VIKRAM PRIVATE LIMITED\\SUNDARGARH\\WEIGHBRIDGE_OPERATOR\\198_weigh_topImg3_1723440222917.jpg','ENTRY'),(595,'C:\\VIKRAM PRIVATE LIMITED\\SUNDARGARH\\GATE_USER\\backImg2_GATE_USER_VK01@01_1723440880066.jpg',NULL,'2024-08-12',NULL,NULL,NULL,6,200,'C:\\VIKRAM PRIVATE LIMITED\\SUNDARGARH\\GATE_USER\\topImg3_GATE_USER_VK01@01_1723440880067.jpg','ENTRY'),(596,'C:\\VIKRAM PRIVATE LIMITED\\SUNDARGARH\\WEIGHBRIDGE_OPERATOR\\199_weigh_backImg2_1723440881990.jpg',NULL,'2024-08-12',NULL,'C:\\VIKRAM PRIVATE LIMITED\\SUNDARGARH\\WEIGHBRIDGE_OPERATOR\\199_weigh_leftImg5_1723440881990.jpg',NULL,7,199,'C:\\VIKRAM PRIVATE LIMITED\\SUNDARGARH\\WEIGHBRIDGE_OPERATOR\\199_weigh_topImg3_1723440881990.jpg','ENTRY'),(597,'C:\\VIKRAM PRIVATE LIMITED\\SUNDARGARH\\WEIGHBRIDGE_OPERATOR\\200_weigh_backImg2_1723441539634.jpg',NULL,'2024-08-12',NULL,'C:\\VIKRAM PRIVATE LIMITED\\SUNDARGARH\\WEIGHBRIDGE_OPERATOR\\200_weigh_leftImg5_1723441539635.jpg',NULL,7,200,'C:\\VIKRAM PRIVATE LIMITED\\SUNDARGARH\\WEIGHBRIDGE_OPERATOR\\200_weigh_topImg3_1723441539635.jpg','ENTRY'),(598,'C:\\VIKRAM PRIVATE LIMITED\\SUNDARGARH\\GATE_USER\\backImg2_GATE_USER_VK01@01_1723441792872.jpg',NULL,'2024-08-12',NULL,NULL,NULL,6,201,'C:\\VIKRAM PRIVATE LIMITED\\SUNDARGARH\\GATE_USER\\topImg3_GATE_USER_VK01@01_1723441792873.jpg','ENTRY'),(599,'C:\\VIKRAM PRIVATE LIMITED\\SUNDARGARH\\WEIGHBRIDGE_OPERATOR\\201_weigh_backImg2_1723442061388.jpg',NULL,'2024-08-12',NULL,'C:\\VIKRAM PRIVATE LIMITED\\SUNDARGARH\\WEIGHBRIDGE_OPERATOR\\201_weigh_leftImg5_1723442061390.jpg',NULL,7,201,'C:\\VIKRAM PRIVATE LIMITED\\SUNDARGARH\\WEIGHBRIDGE_OPERATOR\\201_weigh_topImg3_1723442061390.jpg','ENTRY'),(600,'C:\\VIKRAM PRIVATE LIMITED\\SUNDARGARH\\GATE_USER\\backImg2_GATE_USER_VK01@01_1723442087760.jpg',NULL,'2024-08-12',NULL,NULL,NULL,6,202,'C:\\VIKRAM PRIVATE LIMITED\\SUNDARGARH\\GATE_USER\\topImg3_GATE_USER_VK01@01_1723442087760.jpg','ENTRY'),(601,'C:\\VIKRAM PRIVATE LIMITED\\SUNDARGARH\\WEIGHBRIDGE_OPERATOR\\202_weigh_backImg2_1723443364787.jpg',NULL,'2024-08-12',NULL,'C:\\VIKRAM PRIVATE LIMITED\\SUNDARGARH\\WEIGHBRIDGE_OPERATOR\\202_weigh_leftImg5_1723443364787.jpg',NULL,7,202,'C:\\VIKRAM PRIVATE LIMITED\\SUNDARGARH\\WEIGHBRIDGE_OPERATOR\\202_weigh_topImg3_1723443364787.jpg','ENTRY'),(602,'C:\\VIKRAM PRIVATE LIMITED\\SUNDARGARH\\GATE_USER\\backImg2_GATE_USER_VK01@01_1723444270843.jpg',NULL,'2024-08-12',NULL,NULL,NULL,6,203,NULL,'ENTRY'),(603,'C:\\VIKRAM PRIVATE LIMITED\\SUNDARGARH\\WEIGHBRIDGE_OPERATOR\\203_weigh_backImg2_1723444675422.jpg',NULL,'2024-08-12',NULL,'C:\\VIKRAM PRIVATE LIMITED\\SUNDARGARH\\WEIGHBRIDGE_OPERATOR\\203_weigh_leftImg5_1723444675422.jpg',NULL,7,203,'C:\\VIKRAM PRIVATE LIMITED\\SUNDARGARH\\WEIGHBRIDGE_OPERATOR\\203_weigh_topImg3_1723444675422.jpg','ENTRY'),(604,'C:\\VIKRAM PRIVATE LIMITED\\SUNDARGARH\\WEIGHBRIDGE_OPERATOR\\203_weigh_backImg2_1723445645038.jpg',NULL,'2024-08-12',NULL,'C:\\VIKRAM PRIVATE LIMITED\\SUNDARGARH\\WEIGHBRIDGE_OPERATOR\\203_weigh_leftImg5_1723445645038.jpg',NULL,7,203,'C:\\VIKRAM PRIVATE LIMITED\\SUNDARGARH\\WEIGHBRIDGE_OPERATOR\\203_weigh_topImg3_1723445645038.jpg','EXIT'),(605,'C:\\VIKRAM PRIVATE LIMITED\\SUNDARGARH\\WEIGHBRIDGE_OPERATOR\\197_weigh_backImg2_1723447772923.jpg',NULL,'2024-08-12',NULL,'C:\\VIKRAM PRIVATE LIMITED\\SUNDARGARH\\WEIGHBRIDGE_OPERATOR\\197_weigh_leftImg5_1723447772923.jpg',NULL,7,197,'C:\\VIKRAM PRIVATE LIMITED\\SUNDARGARH\\WEIGHBRIDGE_OPERATOR\\197_weigh_topImg3_1723447772923.jpg','EXIT'),(606,'C:\\VIKRAM PRIVATE LIMITED\\SUNDARGARH\\GATE_USER\\backImg2_GATE_USER_VK01@01_1723448824412.jpg',NULL,'2024-08-12',NULL,NULL,NULL,6,204,NULL,'ENTRY'),(607,'C:\\VIKRAM PRIVATE LIMITED\\SUNDARGARH\\GATE_USER\\backImg2_GATE_USER_VK01@01_1723448884088.jpg',NULL,'2024-08-12',NULL,NULL,NULL,6,203,'C:\\VIKRAM PRIVATE LIMITED\\SUNDARGARH\\GATE_USER\\topImg3_GATE_USER_VK01@01_1723448884100.jpg','EXIT'),(608,'C:\\VIKRAM PRIVATE LIMITED\\SUNDARGARH\\WEIGHBRIDGE_OPERATOR\\204_weigh_backImg2_1723449108256.jpg',NULL,'2024-08-12',NULL,'C:\\VIKRAM PRIVATE LIMITED\\SUNDARGARH\\WEIGHBRIDGE_OPERATOR\\204_weigh_leftImg5_1723449108257.jpg',NULL,7,204,'C:\\VIKRAM PRIVATE LIMITED\\SUNDARGARH\\WEIGHBRIDGE_OPERATOR\\204_weigh_topImg3_1723449108257.jpg','ENTRY'),(609,'C:\\VIKRAM PRIVATE LIMITED\\SUNDARGARH\\WEIGHBRIDGE_OPERATOR\\204_weigh_backImg2_1723450365193.jpg',NULL,'2024-08-12',NULL,'C:\\VIKRAM PRIVATE LIMITED\\SUNDARGARH\\WEIGHBRIDGE_OPERATOR\\204_weigh_leftImg5_1723450365193.jpg',NULL,7,204,'C:\\VIKRAM PRIVATE LIMITED\\SUNDARGARH\\WEIGHBRIDGE_OPERATOR\\204_weigh_topImg3_1723450365193.jpg','EXIT'),(610,'C:\\VIKRAM PRIVATE LIMITED\\SUNDARGARH\\GATE_USER\\backImg2_GATE_USER_VK01@01_1723452929049.jpg',NULL,'2024-08-12',NULL,NULL,NULL,6,204,'C:\\VIKRAM PRIVATE LIMITED\\SUNDARGARH\\GATE_USER\\topImg3_GATE_USER_VK01@01_1723452929049.jpg','EXIT'),(611,'C:\\VIKRAM PRIVATE LIMITED\\SUNDARGARH\\WEIGHBRIDGE_OPERATOR\\198_weigh_backImg2_1723455310002.jpg',NULL,'2024-08-12',NULL,'C:\\VIKRAM PRIVATE LIMITED\\SUNDARGARH\\WEIGHBRIDGE_OPERATOR\\198_weigh_leftImg5_1723455310002.jpg',NULL,7,198,'C:\\VIKRAM PRIVATE LIMITED\\SUNDARGARH\\WEIGHBRIDGE_OPERATOR\\198_weigh_topImg3_1723455310002.jpg','EXIT'),(612,'C:\\VIKRAM PRIVATE LIMITED\\SUNDARGARH\\WEIGHBRIDGE_OPERATOR\\199_weigh_backImg2_1723455883837.jpg',NULL,'2024-08-12',NULL,'C:\\VIKRAM PRIVATE LIMITED\\SUNDARGARH\\WEIGHBRIDGE_OPERATOR\\199_weigh_leftImg5_1723455883837.jpg',NULL,7,199,'C:\\VIKRAM PRIVATE LIMITED\\SUNDARGARH\\WEIGHBRIDGE_OPERATOR\\199_weigh_topImg3_1723455883837.jpg','EXIT'),(613,'C:\\VIKRAM PRIVATE LIMITED\\SUNDARGARH\\GATE_USER\\backImg2_GATE_USER_VK01@01_1723455948456.jpg',NULL,'2024-08-12',NULL,NULL,NULL,6,205,NULL,'ENTRY'),(614,'C:\\VIKRAM PRIVATE LIMITED\\SUNDARGARH\\WEIGHBRIDGE_OPERATOR\\196_weigh_backImg2_1723456173482.jpg',NULL,'2024-08-12',NULL,'C:\\VIKRAM PRIVATE LIMITED\\SUNDARGARH\\WEIGHBRIDGE_OPERATOR\\196_weigh_leftImg5_1723456173483.jpg',NULL,7,196,'C:\\VIKRAM PRIVATE LIMITED\\SUNDARGARH\\WEIGHBRIDGE_OPERATOR\\196_weigh_topImg3_1723456173483.jpg','EXIT'),(615,'C:\\VIKRAM PRIVATE LIMITED\\SUNDARGARH\\WEIGHBRIDGE_OPERATOR\\205_weigh_backImg2_1723456434614.jpg',NULL,'2024-08-12',NULL,'C:\\VIKRAM PRIVATE LIMITED\\SUNDARGARH\\WEIGHBRIDGE_OPERATOR\\205_weigh_leftImg5_1723456434614.jpg',NULL,7,205,'C:\\VIKRAM PRIVATE LIMITED\\SUNDARGARH\\WEIGHBRIDGE_OPERATOR\\205_weigh_topImg3_1723456434614.jpg','ENTRY'),(616,'C:\\VIKRAM PRIVATE LIMITED\\SUNDARGARH\\GATE_USER\\backImg2_GATE_USER_VK01@01_1723456494430.jpg',NULL,'2024-08-12',NULL,NULL,NULL,6,206,NULL,'ENTRY'),(617,'C:\\VIKRAM PRIVATE LIMITED\\SUNDARGARH\\WEIGHBRIDGE_OPERATOR\\206_weigh_backImg2_1723456651854.jpg',NULL,'2024-08-12',NULL,'C:\\VIKRAM PRIVATE LIMITED\\SUNDARGARH\\WEIGHBRIDGE_OPERATOR\\206_weigh_leftImg5_1723456651854.jpg',NULL,7,206,'C:\\VIKRAM PRIVATE LIMITED\\SUNDARGARH\\WEIGHBRIDGE_OPERATOR\\206_weigh_topImg3_1723456651854.jpg','ENTRY'),(618,'C:\\VIKRAM PRIVATE LIMITED\\SUNDARGARH\\WEIGHBRIDGE_OPERATOR\\205_weigh_backImg2_1723457832986.jpg',NULL,'2024-08-12',NULL,'C:\\VIKRAM PRIVATE LIMITED\\SUNDARGARH\\WEIGHBRIDGE_OPERATOR\\205_weigh_leftImg5_1723457832986.jpg',NULL,7,205,'C:\\VIKRAM PRIVATE LIMITED\\SUNDARGARH\\WEIGHBRIDGE_OPERATOR\\205_weigh_topImg3_1723457832986.jpg','EXIT'),(619,'C:\\VIKRAM PRIVATE LIMITED\\SUNDARGARH\\WEIGHBRIDGE_OPERATOR\\206_weigh_backImg2_1723457954507.jpg',NULL,'2024-08-12',NULL,'C:\\VIKRAM PRIVATE LIMITED\\SUNDARGARH\\WEIGHBRIDGE_OPERATOR\\206_weigh_leftImg5_1723457954508.jpg',NULL,7,206,'C:\\VIKRAM PRIVATE LIMITED\\SUNDARGARH\\WEIGHBRIDGE_OPERATOR\\206_weigh_topImg3_1723457954508.jpg','EXIT'),(620,'C:\\VIKRAM PRIVATE LIMITED\\SUNDARGARH\\GATE_USER\\backImg2_GATE_USER_VK01@01_1723458066245.jpg',NULL,'2024-08-12',NULL,NULL,NULL,6,205,'C:\\VIKRAM PRIVATE LIMITED\\SUNDARGARH\\GATE_USER\\topImg3_GATE_USER_VK01@01_1723458066245.jpg','EXIT'),(621,'C:\\VIKRAM PRIVATE LIMITED\\SUNDARGARH\\GATE_USER\\backImg2_GATE_USER_VK01@01_1723458085379.jpg',NULL,'2024-08-12',NULL,NULL,NULL,6,206,'C:\\VIKRAM PRIVATE LIMITED\\SUNDARGARH\\GATE_USER\\topImg3_GATE_USER_VK01@01_1723458085379.jpg','EXIT'),(622,'C:\\VIKRAM PRIVATE LIMITED\\SUNDARGARH\\GATE_USER\\backImg2_GATE_USER_VK01@01_1723458361189.jpg',NULL,'2024-08-12',NULL,NULL,NULL,6,207,NULL,'ENTRY'),(623,'C:\\VIKRAM PRIVATE LIMITED\\SUNDARGARH\\WEIGHBRIDGE_OPERATOR\\207_weigh_backImg2_1723458500914.jpg',NULL,'2024-08-12',NULL,'C:\\VIKRAM PRIVATE LIMITED\\SUNDARGARH\\WEIGHBRIDGE_OPERATOR\\207_weigh_leftImg5_1723458500914.jpg',NULL,7,207,'C:\\VIKRAM PRIVATE LIMITED\\SUNDARGARH\\WEIGHBRIDGE_OPERATOR\\207_weigh_topImg3_1723458500914.jpg','ENTRY'),(624,'C:\\VIKRAM PRIVATE LIMITED\\SUNDARGARH\\WEIGHBRIDGE_OPERATOR\\207_weigh_backImg2_1723459151477.jpg',NULL,'2024-08-12',NULL,'C:\\VIKRAM PRIVATE LIMITED\\SUNDARGARH\\WEIGHBRIDGE_OPERATOR\\207_weigh_leftImg5_1723459151478.jpg',NULL,7,207,'C:\\VIKRAM PRIVATE LIMITED\\SUNDARGARH\\WEIGHBRIDGE_OPERATOR\\207_weigh_topImg3_1723459151478.jpg','EXIT'),(625,'C:\\VIKRAM PRIVATE LIMITED\\SUNDARGARH\\GATE_USER\\backImg2_GATE_USER_VK01@01_1723459214997.jpg',NULL,'2024-08-12',NULL,NULL,NULL,6,207,'C:\\VIKRAM PRIVATE LIMITED\\SUNDARGARH\\GATE_USER\\topImg3_GATE_USER_VK01@01_1723459214997.jpg','EXIT'),(626,'C:\\VIKRAM PRIVATE LIMITED\\SUNDARGARH\\WEIGHBRIDGE_OPERATOR\\202_weigh_backImg2_1723459563145.jpg',NULL,'2024-08-12',NULL,'C:\\VIKRAM PRIVATE LIMITED\\SUNDARGARH\\WEIGHBRIDGE_OPERATOR\\202_weigh_leftImg5_1723459563145.jpg',NULL,7,202,'C:\\VIKRAM PRIVATE LIMITED\\SUNDARGARH\\WEIGHBRIDGE_OPERATOR\\202_weigh_topImg3_1723459563145.jpg','EXIT'),(627,'C:\\VIKRAM PRIVATE LIMITED\\SUNDARGARH\\WEIGHBRIDGE_OPERATOR\\200_weigh_backImg2_1723462617518.jpg',NULL,'2024-08-12',NULL,'C:\\VIKRAM PRIVATE LIMITED\\SUNDARGARH\\WEIGHBRIDGE_OPERATOR\\200_weigh_leftImg5_1723462617518.jpg',NULL,7,200,'C:\\VIKRAM PRIVATE LIMITED\\SUNDARGARH\\WEIGHBRIDGE_OPERATOR\\200_weigh_topImg3_1723462617518.jpg','EXIT'),(628,'C:\\VIKRAM PRIVATE LIMITED\\SUNDARGARH\\WEIGHBRIDGE_OPERATOR\\201_weigh_backImg2_1723463593961.jpg',NULL,'2024-08-12',NULL,'C:\\VIKRAM PRIVATE LIMITED\\SUNDARGARH\\WEIGHBRIDGE_OPERATOR\\201_weigh_leftImg5_1723463593962.jpg',NULL,7,201,'C:\\VIKRAM PRIVATE LIMITED\\SUNDARGARH\\WEIGHBRIDGE_OPERATOR\\201_weigh_topImg3_1723463593962.jpg','EXIT'),(629,'C:\\VIKRAM PRIVATE LIMITED\\SUNDARGARH\\GATE_USER\\backImg2_GATE_USER_VK01@01_1723463598983.jpg',NULL,'2024-08-12',NULL,NULL,NULL,6,208,NULL,'ENTRY'),(630,'C:\\VIKRAM PRIVATE LIMITED\\SUNDARGARH\\GATE_USER\\backImg2_GATE_USER_VK01@01_1723463790165.jpg',NULL,'2024-08-12',NULL,NULL,NULL,6,209,NULL,'ENTRY'),(631,'C:\\VIKRAM PRIVATE LIMITED\\SUNDARGARH\\WEIGHBRIDGE_OPERATOR\\208_weigh_backImg2_1723464247877.jpg',NULL,'2024-08-12',NULL,'C:\\VIKRAM PRIVATE LIMITED\\SUNDARGARH\\WEIGHBRIDGE_OPERATOR\\208_weigh_leftImg5_1723464247877.jpg',NULL,7,208,'C:\\VIKRAM PRIVATE LIMITED\\SUNDARGARH\\WEIGHBRIDGE_OPERATOR\\208_weigh_topImg3_1723464247877.jpg','ENTRY'),(632,'C:\\VIKRAM PRIVATE LIMITED\\SUNDARGARH\\GATE_USER\\backImg2_GATE_USER_VK01@01_1723464283986.jpg',NULL,'2024-08-12',NULL,NULL,NULL,6,210,NULL,'ENTRY'),(633,'C:\\VIKRAM PRIVATE LIMITED\\SUNDARGARH\\WEIGHBRIDGE_OPERATOR\\209_weigh_backImg2_1723464386450.jpg',NULL,'2024-08-12',NULL,'C:\\VIKRAM PRIVATE LIMITED\\SUNDARGARH\\WEIGHBRIDGE_OPERATOR\\209_weigh_leftImg5_1723464386460.jpg',NULL,7,209,'C:\\VIKRAM PRIVATE LIMITED\\SUNDARGARH\\WEIGHBRIDGE_OPERATOR\\209_weigh_topImg3_1723464386460.jpg','ENTRY'),(634,'C:\\VIKRAM PRIVATE LIMITED\\SUNDARGARH\\WEIGHBRIDGE_OPERATOR\\210_weigh_backImg2_1723464545131.jpg',NULL,'2024-08-12',NULL,'C:\\VIKRAM PRIVATE LIMITED\\SUNDARGARH\\WEIGHBRIDGE_OPERATOR\\210_weigh_leftImg5_1723464545132.jpg',NULL,7,210,'C:\\VIKRAM PRIVATE LIMITED\\SUNDARGARH\\WEIGHBRIDGE_OPERATOR\\210_weigh_topImg3_1723464545132.jpg','ENTRY'),(635,'C:\\VIKRAM PRIVATE LIMITED\\SUNDARGARH\\GATE_USER\\backImg2_GATE_USER_VK01@01_1723464557226.jpg',NULL,'2024-08-12',NULL,NULL,NULL,6,211,NULL,'ENTRY'),(636,'C:\\VIKRAM PRIVATE LIMITED\\SUNDARGARH\\WEIGHBRIDGE_OPERATOR\\211_weigh_backImg2_1723464729796.jpg',NULL,'2024-08-12',NULL,'C:\\VIKRAM PRIVATE LIMITED\\SUNDARGARH\\WEIGHBRIDGE_OPERATOR\\211_weigh_leftImg5_1723464729796.jpg',NULL,7,211,'C:\\VIKRAM PRIVATE LIMITED\\SUNDARGARH\\WEIGHBRIDGE_OPERATOR\\211_weigh_topImg3_1723464729796.jpg','ENTRY'),(637,'C:\\VIKRAM PRIVATE LIMITED\\SUNDARGARH\\GATE_USER\\backImg2_GATE_USER_VK01@01_1723465027153.jpg',NULL,'2024-08-12',NULL,NULL,NULL,6,197,'C:\\VIKRAM PRIVATE LIMITED\\SUNDARGARH\\GATE_USER\\topImg3_GATE_USER_VK01@01_1723465027153.jpg','EXIT'),(638,'C:\\VIKRAM PRIVATE LIMITED\\SUNDARGARH\\WEIGHBRIDGE_OPERATOR\\209_weigh_backImg2_1723465270732.jpg',NULL,'2024-08-12',NULL,'C:\\VIKRAM PRIVATE LIMITED\\SUNDARGARH\\WEIGHBRIDGE_OPERATOR\\209_weigh_leftImg5_1723465270732.jpg',NULL,7,209,'C:\\VIKRAM PRIVATE LIMITED\\SUNDARGARH\\WEIGHBRIDGE_OPERATOR\\209_weigh_topImg3_1723465270732.jpg','EXIT'),(639,'C:\\VIKRAM PRIVATE LIMITED\\SUNDARGARH\\GATE_USER\\backImg2_GATE_USER_VK01@01_1723465562749.jpg',NULL,'2024-08-12',NULL,NULL,NULL,6,209,'C:\\VIKRAM PRIVATE LIMITED\\SUNDARGARH\\GATE_USER\\topImg3_GATE_USER_VK01@01_1723465562749.jpg','EXIT'),(640,'C:\\VIKRAM PRIVATE LIMITED\\SUNDARGARH\\WEIGHBRIDGE_OPERATOR\\210_weigh_backImg2_1723465643748.jpg',NULL,'2024-08-12',NULL,'C:\\VIKRAM PRIVATE LIMITED\\SUNDARGARH\\WEIGHBRIDGE_OPERATOR\\210_weigh_leftImg5_1723465643748.jpg',NULL,7,210,'C:\\VIKRAM PRIVATE LIMITED\\SUNDARGARH\\WEIGHBRIDGE_OPERATOR\\210_weigh_topImg3_1723465643748.jpg','EXIT'),(641,'C:\\VIKRAM PRIVATE LIMITED\\SUNDARGARH\\GATE_USER\\backImg2_GATE_USER_VK01@01_1723465701599.jpg',NULL,'2024-08-12',NULL,NULL,NULL,6,210,'C:\\VIKRAM PRIVATE LIMITED\\SUNDARGARH\\GATE_USER\\topImg3_GATE_USER_VK01@01_1723465701599.jpg','EXIT'),(642,'C:\\VIKRAM PRIVATE LIMITED\\SUNDARGARH\\WEIGHBRIDGE_OPERATOR\\208_weigh_backImg2_1723465751914.jpg',NULL,'2024-08-12',NULL,'C:\\VIKRAM PRIVATE LIMITED\\SUNDARGARH\\WEIGHBRIDGE_OPERATOR\\208_weigh_leftImg5_1723465751915.jpg',NULL,7,208,'C:\\VIKRAM PRIVATE LIMITED\\SUNDARGARH\\WEIGHBRIDGE_OPERATOR\\208_weigh_topImg3_1723465751915.jpg','EXIT'),(643,'C:\\VIKRAM PRIVATE LIMITED\\SUNDARGARH\\GATE_USER\\backImg2_GATE_USER_VK01@01_1723465862661.jpg',NULL,'2024-08-12',NULL,NULL,NULL,6,208,'C:\\VIKRAM PRIVATE LIMITED\\SUNDARGARH\\GATE_USER\\topImg3_GATE_USER_VK01@01_1723465862661.jpg','EXIT'),(644,'C:\\VIKRAM PRIVATE LIMITED\\SUNDARGARH\\WEIGHBRIDGE_OPERATOR\\211_weigh_backImg2_1723465903116.jpg',NULL,'2024-08-12',NULL,'C:\\VIKRAM PRIVATE LIMITED\\SUNDARGARH\\WEIGHBRIDGE_OPERATOR\\211_weigh_leftImg5_1723465903116.jpg',NULL,7,211,'C:\\VIKRAM PRIVATE LIMITED\\SUNDARGARH\\WEIGHBRIDGE_OPERATOR\\211_weigh_topImg3_1723465903116.jpg','EXIT'),(645,'C:\\VIKRAM PRIVATE LIMITED\\SUNDARGARH\\GATE_USER\\backImg2_GATE_USER_VK01@01_1723465977499.jpg',NULL,'2024-08-12',NULL,NULL,NULL,6,211,'C:\\VIKRAM PRIVATE LIMITED\\SUNDARGARH\\GATE_USER\\topImg3_GATE_USER_VK01@01_1723465977499.jpg','EXIT'),(646,'C:\\VIKRAM PRIVATE LIMITED\\SUNDARGARH\\GATE_USER\\backImg2_GATE_USER_VK01@01_1723466071695.jpg',NULL,'2024-08-12',NULL,NULL,NULL,6,153,'C:\\VIKRAM PRIVATE LIMITED\\SUNDARGARH\\GATE_USER\\topImg3_GATE_USER_VK01@01_1723466071695.jpg','EXIT'),(647,'C:\\VIKRAM PRIVATE LIMITED\\SUNDARGARH\\GATE_USER\\backImg2_GATE_USER_VK01@01_1723466092777.jpg',NULL,'2024-08-12',NULL,NULL,NULL,6,128,'C:\\VIKRAM PRIVATE LIMITED\\SUNDARGARH\\GATE_USER\\topImg3_GATE_USER_VK01@01_1723466092777.jpg','EXIT'),(648,'C:\\VIKRAM PRIVATE LIMITED\\SUNDARGARH\\GATE_USER\\backImg2_GATE_USER_VK01@01_1723470222450.jpg',NULL,'2024-08-12',NULL,NULL,NULL,6,212,NULL,'ENTRY'),(649,NULL,NULL,'2024-08-12',NULL,NULL,NULL,7,212,NULL,'ENTRY'),(650,'C:\\VIKRAM PRIVATE LIMITED\\SUNDARGARH\\WEIGHBRIDGE_OPERATOR\\212_weigh_backImg2_1723471616012.jpg',NULL,'2024-08-12',NULL,'C:\\VIKRAM PRIVATE LIMITED\\SUNDARGARH\\WEIGHBRIDGE_OPERATOR\\212_weigh_leftImg5_1723471616012.jpg',NULL,7,212,'C:\\VIKRAM PRIVATE LIMITED\\SUNDARGARH\\WEIGHBRIDGE_OPERATOR\\212_weigh_topImg3_1723471616012.jpg','EXIT'),(651,'C:\\VIKRAM PRIVATE LIMITED\\SUNDARGARH\\GATE_USER\\backImg2_GATE_USER_VK01@01_1723476825374.jpg',NULL,'2024-08-12',NULL,NULL,NULL,6,213,NULL,'ENTRY'),(652,'C:\\VIKRAM PRIVATE LIMITED\\SUNDARGARH\\WEIGHBRIDGE_OPERATOR\\213_weigh_backImg2_1723477046136.jpg',NULL,'2024-08-12',NULL,'C:\\VIKRAM PRIVATE LIMITED\\SUNDARGARH\\WEIGHBRIDGE_OPERATOR\\213_weigh_leftImg5_1723477046136.jpg',NULL,7,213,'C:\\VIKRAM PRIVATE LIMITED\\SUNDARGARH\\WEIGHBRIDGE_OPERATOR\\213_weigh_topImg3_1723477046136.jpg','ENTRY'),(653,'C:\\VIKRAM PRIVATE LIMITED\\SUNDARGARH\\WEIGHBRIDGE_OPERATOR\\213_weigh_backImg2_1723478054743.jpg',NULL,'2024-08-12',NULL,'C:\\VIKRAM PRIVATE LIMITED\\SUNDARGARH\\WEIGHBRIDGE_OPERATOR\\213_weigh_leftImg5_1723478054744.jpg',NULL,7,213,'C:\\VIKRAM PRIVATE LIMITED\\SUNDARGARH\\WEIGHBRIDGE_OPERATOR\\213_weigh_topImg3_1723478054744.jpg','EXIT'),(654,'C:\\VIKRAM PRIVATE LIMITED\\SUNDARGARH\\GATE_USER\\backImg2_GATE_USER_VK01@01_1723490504986.jpg',NULL,'2024-08-13',NULL,NULL,NULL,6,214,NULL,'ENTRY'),(655,'C:\\VIKRAM PRIVATE LIMITED\\SUNDARGARH\\WEIGHBRIDGE_OPERATOR\\214_weigh_backImg2_1723490753445.jpg',NULL,'2024-08-13',NULL,'C:\\VIKRAM PRIVATE LIMITED\\SUNDARGARH\\WEIGHBRIDGE_OPERATOR\\214_weigh_leftImg5_1723490753447.jpg',NULL,7,214,'C:\\VIKRAM PRIVATE LIMITED\\SUNDARGARH\\WEIGHBRIDGE_OPERATOR\\214_weigh_topImg3_1723490753447.jpg','ENTRY'),(656,'C:\\VIKRAM PRIVATE LIMITED\\SUNDARGARH\\GATE_USER\\backImg2_GATE_USER_VK01@01_1723490785837.jpg',NULL,'2024-08-13',NULL,NULL,NULL,6,215,NULL,'ENTRY'),(657,'C:\\VIKRAM PRIVATE LIMITED\\SUNDARGARH\\WEIGHBRIDGE_OPERATOR\\215_weigh_backImg2_1723490998378.jpg',NULL,'2024-08-13',NULL,'C:\\VIKRAM PRIVATE LIMITED\\SUNDARGARH\\WEIGHBRIDGE_OPERATOR\\215_weigh_leftImg5_1723490998378.jpg',NULL,7,215,'C:\\VIKRAM PRIVATE LIMITED\\SUNDARGARH\\WEIGHBRIDGE_OPERATOR\\215_weigh_topImg3_1723490998378.jpg','ENTRY'),(658,'C:\\VIKRAM PRIVATE LIMITED\\SUNDARGARH\\GATE_USER\\backImg2_GATE_USER_VK01@01_1723491169175.jpg',NULL,'2024-08-13',NULL,NULL,NULL,6,216,NULL,'ENTRY'),(659,'C:\\VIKRAM PRIVATE LIMITED\\SUNDARGARH\\WEIGHBRIDGE_OPERATOR\\216_weigh_backImg2_1723491432104.jpg',NULL,'2024-08-13',NULL,'C:\\VIKRAM PRIVATE LIMITED\\SUNDARGARH\\WEIGHBRIDGE_OPERATOR\\216_weigh_leftImg5_1723491432122.jpg',NULL,7,216,'C:\\VIKRAM PRIVATE LIMITED\\SUNDARGARH\\WEIGHBRIDGE_OPERATOR\\216_weigh_topImg3_1723491432123.jpg','ENTRY'),(660,NULL,NULL,'2024-08-13',NULL,NULL,NULL,7,214,NULL,'EXIT'),(661,'C:\\VIKRAM PRIVATE LIMITED\\SUNDARGARH\\WEIGHBRIDGE_OPERATOR\\215_weigh_backImg2_1723491988036.jpg',NULL,'2024-08-13',NULL,'C:\\VIKRAM PRIVATE LIMITED\\SUNDARGARH\\WEIGHBRIDGE_OPERATOR\\215_weigh_leftImg5_1723491988036.jpg',NULL,7,215,'C:\\VIKRAM PRIVATE LIMITED\\SUNDARGARH\\WEIGHBRIDGE_OPERATOR\\215_weigh_topImg3_1723491988036.jpg','EXIT'),(662,'C:\\VIKRAM PRIVATE LIMITED\\SUNDARGARH\\WEIGHBRIDGE_OPERATOR\\216_weigh_backImg2_1723492901174.jpg',NULL,'2024-08-13',NULL,'C:\\VIKRAM PRIVATE LIMITED\\SUNDARGARH\\WEIGHBRIDGE_OPERATOR\\216_weigh_leftImg5_1723492901174.jpg',NULL,7,216,'C:\\VIKRAM PRIVATE LIMITED\\SUNDARGARH\\WEIGHBRIDGE_OPERATOR\\216_weigh_topImg3_1723492901174.jpg','EXIT'),(663,'C:\\VIKRAM PRIVATE LIMITED\\SUNDARGARH\\GATE_USER\\backImg2_GATE_USER_VK01@01_1723512166426.jpg',NULL,'2024-08-13',NULL,NULL,NULL,6,217,NULL,'ENTRY'),(664,'C:\\VIKRAM PRIVATE LIMITED\\SUNDARGARH\\WEIGHBRIDGE_OPERATOR\\217_weigh_backImg2_1723512329978.jpg',NULL,'2024-08-13',NULL,'C:\\VIKRAM PRIVATE LIMITED\\SUNDARGARH\\WEIGHBRIDGE_OPERATOR\\217_weigh_leftImg5_1723512329979.jpg',NULL,7,217,'C:\\VIKRAM PRIVATE LIMITED\\SUNDARGARH\\WEIGHBRIDGE_OPERATOR\\217_weigh_topImg3_1723512329979.jpg','ENTRY'),(665,'C:\\VIKRAM PRIVATE LIMITED\\SUNDARGARH\\WEIGHBRIDGE_OPERATOR\\217_weigh_backImg2_1723513299364.jpg',NULL,'2024-08-13',NULL,'C:\\VIKRAM PRIVATE LIMITED\\SUNDARGARH\\WEIGHBRIDGE_OPERATOR\\217_weigh_leftImg5_1723513299364.jpg',NULL,7,217,'C:\\VIKRAM PRIVATE LIMITED\\SUNDARGARH\\WEIGHBRIDGE_OPERATOR\\217_weigh_topImg3_1723513299364.jpg','EXIT'),(666,'C:\\VIKRAM PRIVATE LIMITED\\SUNDARGARH\\GATE_USER\\backImg2_GATE_USER_VK01@01_1723514472587.jpg',NULL,'2024-08-13',NULL,NULL,NULL,6,213,'C:\\VIKRAM PRIVATE LIMITED\\SUNDARGARH\\GATE_USER\\topImg3_GATE_USER_VK01@01_1723514472587.jpg','EXIT'),(667,'C:\\VIKRAM PRIVATE LIMITED\\SUNDARGARH\\GATE_USER\\backImg2_GATE_USER_VK01@01_1723514500682.jpg',NULL,'2024-08-13',NULL,NULL,NULL,6,212,'C:\\VIKRAM PRIVATE LIMITED\\SUNDARGARH\\GATE_USER\\topImg3_GATE_USER_VK01@01_1723514500682.jpg','EXIT'),(668,'C:\\VIKRAM PRIVATE LIMITED\\SUNDARGARH\\GATE_USER\\backImg2_GATE_USER_VK01@01_1723514523005.jpg',NULL,'2024-08-13',NULL,NULL,NULL,6,214,'C:\\VIKRAM PRIVATE LIMITED\\SUNDARGARH\\GATE_USER\\topImg3_GATE_USER_VK01@01_1723514523006.jpg','EXIT'),(669,'C:\\VIKRAM PRIVATE LIMITED\\SUNDARGARH\\GATE_USER\\backImg2_GATE_USER_VK01@01_1723514545637.jpg',NULL,'2024-08-13',NULL,NULL,NULL,6,215,'C:\\VIKRAM PRIVATE LIMITED\\SUNDARGARH\\GATE_USER\\topImg3_GATE_USER_VK01@01_1723514545637.jpg','EXIT'),(670,'C:\\VIKRAM PRIVATE LIMITED\\SUNDARGARH\\GATE_USER\\backImg2_GATE_USER_VK01@01_1723514574670.jpg',NULL,'2024-08-13',NULL,NULL,NULL,6,216,'C:\\VIKRAM PRIVATE LIMITED\\SUNDARGARH\\GATE_USER\\topImg3_GATE_USER_VK01@01_1723514574670.jpg','EXIT'),(671,'C:\\VIKRAM PRIVATE LIMITED\\SUNDARGARH\\GATE_USER\\backImg2_GATE_USER_VK01@01_1723514608256.jpg',NULL,'2024-08-13',NULL,NULL,NULL,6,199,'C:\\VIKRAM PRIVATE LIMITED\\SUNDARGARH\\GATE_USER\\topImg3_GATE_USER_VK01@01_1723514608256.jpg','EXIT'),(672,'C:\\VIKRAM PRIVATE LIMITED\\SUNDARGARH\\GATE_USER\\backImg2_GATE_USER_VK01@01_1723514630083.jpg',NULL,'2024-08-13',NULL,NULL,NULL,6,202,'C:\\VIKRAM PRIVATE LIMITED\\SUNDARGARH\\GATE_USER\\topImg3_GATE_USER_VK01@01_1723514630084.jpg','EXIT'),(673,'C:\\VIKRAM PRIVATE LIMITED\\SUNDARGARH\\GATE_USER\\backImg2_GATE_USER_VK01@01_1723514646442.jpg',NULL,'2024-08-13',NULL,NULL,NULL,6,201,'C:\\VIKRAM PRIVATE LIMITED\\SUNDARGARH\\GATE_USER\\topImg3_GATE_USER_VK01@01_1723514646442.jpg','EXIT'),(674,'C:\\VIKRAM PRIVATE LIMITED\\SUNDARGARH\\GATE_USER\\backImg2_GATE_USER_VK01@01_1723514667061.jpg',NULL,'2024-08-13',NULL,NULL,NULL,6,200,'C:\\VIKRAM PRIVATE LIMITED\\SUNDARGARH\\GATE_USER\\topImg3_GATE_USER_VK01@01_1723514667061.jpg','EXIT'),(675,'C:\\VIKRAM PRIVATE LIMITED\\SUNDARGARH\\GATE_USER\\backImg2_GATE_USER_VK01@01_1723514691886.jpg',NULL,'2024-08-13',NULL,NULL,NULL,6,198,'C:\\VIKRAM PRIVATE LIMITED\\SUNDARGARH\\GATE_USER\\topImg3_GATE_USER_VK01@01_1723514691889.jpg','EXIT'),(676,'C:\\VIKRAM PRIVATE LIMITED\\SUNDARGARH\\GATE_USER\\backImg2_GATE_USER_VK01@01_1723514729199.jpg',NULL,'2024-08-13',NULL,NULL,NULL,6,196,'C:\\VIKRAM PRIVATE LIMITED\\SUNDARGARH\\GATE_USER\\topImg3_GATE_USER_VK01@01_1723514729199.jpg','EXIT'),(677,'C:\\VIKRAM PRIVATE LIMITED\\SUNDARGARH\\GATE_USER\\backImg2_GATE_USER_VK01@01_1723514833432.jpg',NULL,'2024-08-13',NULL,NULL,NULL,6,6,'C:\\VIKRAM PRIVATE LIMITED\\SUNDARGARH\\GATE_USER\\topImg3_GATE_USER_VK01@01_1723514833432.jpg','EXIT'),(678,'C:\\VIKRAM PRIVATE LIMITED\\SUNDARGARH\\GATE_USER\\backImg2_GATE_USER_VK01@01_1723520815696.jpg',NULL,'2024-08-13',NULL,NULL,NULL,6,218,NULL,'ENTRY'),(679,'C:\\VIKRAM PRIVATE LIMITED\\SUNDARGARH\\WEIGHBRIDGE_OPERATOR\\218_weigh_backImg2_1723520996815.jpg',NULL,'2024-08-13',NULL,'C:\\VIKRAM PRIVATE LIMITED\\SUNDARGARH\\WEIGHBRIDGE_OPERATOR\\218_weigh_leftImg5_1723520996835.jpg',NULL,7,218,'C:\\VIKRAM PRIVATE LIMITED\\SUNDARGARH\\WEIGHBRIDGE_OPERATOR\\218_weigh_topImg3_1723520996835.jpg','ENTRY'),(680,'C:\\VIKRAM PRIVATE LIMITED\\SUNDARGARH\\GATE_USER\\backImg2_GATE_USER_VK01@01_1723521027471.jpg',NULL,'2024-08-13',NULL,NULL,NULL,6,219,NULL,'ENTRY'),(681,'C:\\VIKRAM PRIVATE LIMITED\\SUNDARGARH\\GATE_USER\\backImg2_GATE_USER_VK01@01_1723521060815.jpg',NULL,'2024-08-13',NULL,NULL,NULL,6,217,'C:\\VIKRAM PRIVATE LIMITED\\SUNDARGARH\\GATE_USER\\topImg3_GATE_USER_VK01@01_1723521060816.jpg','EXIT'),(682,'C:\\VIKRAM PRIVATE LIMITED\\SUNDARGARH\\WEIGHBRIDGE_OPERATOR\\219_weigh_backImg2_1723521242486.jpg',NULL,'2024-08-13',NULL,'C:\\VIKRAM PRIVATE LIMITED\\SUNDARGARH\\WEIGHBRIDGE_OPERATOR\\219_weigh_leftImg5_1723521242486.jpg',NULL,7,219,'C:\\VIKRAM PRIVATE LIMITED\\SUNDARGARH\\WEIGHBRIDGE_OPERATOR\\219_weigh_topImg3_1723521242486.jpg','ENTRY'),(683,'C:\\VIKRAM PRIVATE LIMITED\\SUNDARGARH\\WEIGHBRIDGE_OPERATOR\\218_weigh_backImg2_1723521797200.jpg',NULL,'2024-08-13',NULL,'C:\\VIKRAM PRIVATE LIMITED\\SUNDARGARH\\WEIGHBRIDGE_OPERATOR\\218_weigh_leftImg5_1723521797200.jpg',NULL,7,218,'C:\\VIKRAM PRIVATE LIMITED\\SUNDARGARH\\WEIGHBRIDGE_OPERATOR\\218_weigh_topImg3_1723521797200.jpg','EXIT'),(684,'C:\\VIKRAM PRIVATE LIMITED\\SUNDARGARH\\GATE_USER\\backImg2_GATE_USER_VK01@01_1723521895530.jpg',NULL,'2024-08-13',NULL,NULL,NULL,6,218,'C:\\VIKRAM PRIVATE LIMITED\\SUNDARGARH\\GATE_USER\\topImg3_GATE_USER_VK01@01_1723521895531.jpg','EXIT'),(685,'C:\\VIKRAM PRIVATE LIMITED\\SUNDARGARH\\GATE_USER\\backImg2_GATE_USER_VK01@01_1723522022816.jpg',NULL,'2024-08-13',NULL,NULL,NULL,6,128,'C:\\VIKRAM PRIVATE LIMITED\\SUNDARGARH\\GATE_USER\\topImg3_GATE_USER_VK01@01_1723522022817.jpg','EXIT'),(686,'C:\\VIKRAM PRIVATE LIMITED\\SUNDARGARH\\WEIGHBRIDGE_OPERATOR\\219_weigh_backImg2_1723523139270.jpg',NULL,'2024-08-13',NULL,'C:\\VIKRAM PRIVATE LIMITED\\SUNDARGARH\\WEIGHBRIDGE_OPERATOR\\219_weigh_leftImg5_1723523139271.jpg',NULL,7,219,'C:\\VIKRAM PRIVATE LIMITED\\SUNDARGARH\\WEIGHBRIDGE_OPERATOR\\219_weigh_topImg3_1723523139271.jpg','EXIT'),(687,'C:\\VIKRAM PRIVATE LIMITED\\SUNDARGARH\\GATE_USER\\backImg2_GATE_USER_VK01@01_1723526178756.jpg',NULL,'2024-08-13',NULL,NULL,NULL,6,219,'C:\\VIKRAM PRIVATE LIMITED\\SUNDARGARH\\GATE_USER\\topImg3_GATE_USER_VK01@01_1723526178756.jpg','EXIT'),(688,'C:\\VIKRAM PRIVATE LIMITED\\SUNDARGARH\\GATE_USER\\backImg2_GATE_USER_VK01@01_1723527999008.jpg',NULL,'2024-08-13',NULL,NULL,NULL,6,220,'C:\\VIKRAM PRIVATE LIMITED\\SUNDARGARH\\GATE_USER\\topImg3_GATE_USER_VK01@01_1723527999008.jpg','ENTRY'),(689,'C:\\VIKRAM PRIVATE LIMITED\\SUNDARGARH\\WEIGHBRIDGE_OPERATOR\\220_weigh_backImg2_1723528440391.jpg',NULL,'2024-08-13',NULL,'C:\\VIKRAM PRIVATE LIMITED\\SUNDARGARH\\WEIGHBRIDGE_OPERATOR\\220_weigh_leftImg5_1723528440391.jpg',NULL,7,220,'C:\\VIKRAM PRIVATE LIMITED\\SUNDARGARH\\WEIGHBRIDGE_OPERATOR\\220_weigh_topImg3_1723528440391.jpg','ENTRY'),(690,'C:\\VIKRAM PRIVATE LIMITED\\SUNDARGARH\\GATE_USER\\backImg2_GATE_USER_VK01@01_1723528440839.jpg',NULL,'2024-08-13',NULL,NULL,NULL,6,221,'C:\\VIKRAM PRIVATE LIMITED\\SUNDARGARH\\GATE_USER\\topImg3_GATE_USER_VK01@01_1723528440839.jpg','ENTRY'),(691,'C:\\VIKRAM PRIVATE LIMITED\\SUNDARGARH\\WEIGHBRIDGE_OPERATOR\\221_weigh_backImg2_1723529008658.jpg',NULL,'2024-08-13',NULL,'C:\\VIKRAM PRIVATE LIMITED\\SUNDARGARH\\WEIGHBRIDGE_OPERATOR\\221_weigh_leftImg5_1723529008658.jpg',NULL,7,221,'C:\\VIKRAM PRIVATE LIMITED\\SUNDARGARH\\WEIGHBRIDGE_OPERATOR\\221_weigh_topImg3_1723529008658.jpg','ENTRY'),(692,'C:\\VIKRAM PRIVATE LIMITED\\SUNDARGARH\\GATE_USER\\backImg2_GATE_USER_VK01@01_1723529443403.jpg',NULL,'2024-08-13',NULL,NULL,NULL,6,222,NULL,'ENTRY'),(693,'C:\\VIKRAM PRIVATE LIMITED\\SUNDARGARH\\WEIGHBRIDGE_OPERATOR\\222_weigh_backImg2_1723529613758.jpg',NULL,'2024-08-13',NULL,'C:\\VIKRAM PRIVATE LIMITED\\SUNDARGARH\\WEIGHBRIDGE_OPERATOR\\222_weigh_leftImg5_1723529613761.jpg',NULL,7,222,'C:\\VIKRAM PRIVATE LIMITED\\SUNDARGARH\\WEIGHBRIDGE_OPERATOR\\222_weigh_topImg3_1723529613761.jpg','ENTRY'),(694,'C:\\VIKRAM PRIVATE LIMITED\\SUNDARGARH\\WEIGHBRIDGE_OPERATOR\\222_weigh_backImg2_1723531008451.jpg',NULL,'2024-08-13',NULL,'C:\\VIKRAM PRIVATE LIMITED\\SUNDARGARH\\WEIGHBRIDGE_OPERATOR\\222_weigh_leftImg5_1723531008452.jpg',NULL,7,222,'C:\\VIKRAM PRIVATE LIMITED\\SUNDARGARH\\WEIGHBRIDGE_OPERATOR\\222_weigh_topImg3_1723531008452.jpg','EXIT'),(695,'C:\\VIKRAM PRIVATE LIMITED\\SUNDARGARH\\GATE_USER\\backImg2_GATE_USER_VK01@01_1723531151149.jpg',NULL,'2024-08-13',NULL,NULL,NULL,6,222,'C:\\VIKRAM PRIVATE LIMITED\\SUNDARGARH\\GATE_USER\\topImg3_GATE_USER_VK01@01_1723531151149.jpg','EXIT'),(696,'C:\\VIKRAM PRIVATE LIMITED\\SUNDARGARH\\GATE_USER\\backImg2_GATE_USER_VK01@01_1723533566353.jpg',NULL,'2024-08-13',NULL,NULL,NULL,6,223,NULL,'ENTRY'),(697,'C:\\VIKRAM PRIVATE LIMITED\\SUNDARGARH\\WEIGHBRIDGE_OPERATOR\\221_weigh_backImg2_1723533620255.jpg',NULL,'2024-08-13',NULL,'C:\\VIKRAM PRIVATE LIMITED\\SUNDARGARH\\WEIGHBRIDGE_OPERATOR\\221_weigh_leftImg5_1723533620257.jpg',NULL,7,221,'C:\\VIKRAM PRIVATE LIMITED\\SUNDARGARH\\WEIGHBRIDGE_OPERATOR\\221_weigh_topImg3_1723533620257.jpg','EXIT'),(698,'C:\\VIKRAM PRIVATE LIMITED\\SUNDARGARH\\GATE_USER\\backImg2_GATE_USER_VK01@01_1723533874172.jpg',NULL,'2024-08-13',NULL,NULL,NULL,6,224,NULL,'ENTRY'),(699,'C:\\VIKRAM PRIVATE LIMITED\\SUNDARGARH\\WEIGHBRIDGE_OPERATOR\\223_weigh_backImg2_1723533880522.jpg',NULL,'2024-08-13',NULL,'C:\\VIKRAM PRIVATE LIMITED\\SUNDARGARH\\WEIGHBRIDGE_OPERATOR\\223_weigh_leftImg5_1723533880522.jpg',NULL,7,223,'C:\\VIKRAM PRIVATE LIMITED\\SUNDARGARH\\WEIGHBRIDGE_OPERATOR\\223_weigh_topImg3_1723533880522.jpg','ENTRY'),(700,'C:\\VIKRAM PRIVATE LIMITED\\SUNDARGARH\\WEIGHBRIDGE_OPERATOR\\224_weigh_backImg2_1723534032788.jpg',NULL,'2024-08-13',NULL,'C:\\VIKRAM PRIVATE LIMITED\\SUNDARGARH\\WEIGHBRIDGE_OPERATOR\\224_weigh_leftImg5_1723534032789.jpg',NULL,7,224,'C:\\VIKRAM PRIVATE LIMITED\\SUNDARGARH\\WEIGHBRIDGE_OPERATOR\\224_weigh_topImg3_1723534032789.jpg','ENTRY'),(701,'C:\\VIKRAM PRIVATE LIMITED\\SUNDARGARH\\WEIGHBRIDGE_OPERATOR\\223_weigh_backImg2_1723534592806.jpg',NULL,'2024-08-13',NULL,'C:\\VIKRAM PRIVATE LIMITED\\SUNDARGARH\\WEIGHBRIDGE_OPERATOR\\223_weigh_leftImg5_1723534592806.jpg',NULL,7,223,'C:\\VIKRAM PRIVATE LIMITED\\SUNDARGARH\\WEIGHBRIDGE_OPERATOR\\223_weigh_topImg3_1723534592806.jpg','EXIT'),(702,'C:\\VIKRAM PRIVATE LIMITED\\SUNDARGARH\\GATE_USER\\backImg2_GATE_USER_VK01@01_1723534685448.jpg',NULL,'2024-08-13',NULL,NULL,NULL,6,223,'C:\\VIKRAM PRIVATE LIMITED\\SUNDARGARH\\GATE_USER\\topImg3_GATE_USER_VK01@01_1723534685448.jpg','EXIT'),(703,'C:\\VIKRAM PRIVATE LIMITED\\SUNDARGARH\\WEIGHBRIDGE_OPERATOR\\220_weigh_backImg2_1723535076162.jpg',NULL,'2024-08-13',NULL,'C:\\VIKRAM PRIVATE LIMITED\\SUNDARGARH\\WEIGHBRIDGE_OPERATOR\\220_weigh_leftImg5_1723535076163.jpg',NULL,7,220,'C:\\VIKRAM PRIVATE LIMITED\\SUNDARGARH\\WEIGHBRIDGE_OPERATOR\\220_weigh_topImg3_1723535076163.jpg','EXIT'),(704,'C:\\VIKRAM PRIVATE LIMITED\\SUNDARGARH\\WEIGHBRIDGE_OPERATOR\\224_weigh_backImg2_1723535334294.jpg',NULL,'2024-08-13',NULL,'C:\\VIKRAM PRIVATE LIMITED\\SUNDARGARH\\WEIGHBRIDGE_OPERATOR\\224_weigh_leftImg5_1723535334299.jpg',NULL,7,224,'C:\\VIKRAM PRIVATE LIMITED\\SUNDARGARH\\WEIGHBRIDGE_OPERATOR\\224_weigh_topImg3_1723535334299.jpg','EXIT'),(705,'C:\\VIKRAM PRIVATE LIMITED\\SUNDARGARH\\GATE_USER\\backImg2_GATE_USER_VK01@01_1723539049215.jpg',NULL,'2024-08-13',NULL,NULL,NULL,6,224,'C:\\VIKRAM PRIVATE LIMITED\\SUNDARGARH\\GATE_USER\\topImg3_GATE_USER_VK01@01_1723539049215.jpg','EXIT'),(706,'C:\\VIKRAM PRIVATE LIMITED\\SUNDARGARH\\GATE_USER\\backImg2_GATE_USER_VK01@01_1723539545673.jpg',NULL,'2024-08-13',NULL,NULL,NULL,6,225,NULL,'ENTRY'),(707,'C:\\VIKRAM PRIVATE LIMITED\\SUNDARGARH\\WEIGHBRIDGE_OPERATOR\\225_weigh_backImg2_1723539716608.jpg',NULL,'2024-08-13',NULL,'C:\\VIKRAM PRIVATE LIMITED\\SUNDARGARH\\WEIGHBRIDGE_OPERATOR\\225_weigh_leftImg5_1723539716610.jpg',NULL,7,225,'C:\\VIKRAM PRIVATE LIMITED\\SUNDARGARH\\WEIGHBRIDGE_OPERATOR\\225_weigh_topImg3_1723539716610.jpg','ENTRY'),(708,'C:\\VIKRAM PRIVATE LIMITED\\SUNDARGARH\\WEIGHBRIDGE_OPERATOR\\225_weigh_backImg2_1723540706688.jpg',NULL,'2024-08-13',NULL,'C:\\VIKRAM PRIVATE LIMITED\\SUNDARGARH\\WEIGHBRIDGE_OPERATOR\\225_weigh_leftImg5_1723540706688.jpg',NULL,7,225,'C:\\VIKRAM PRIVATE LIMITED\\SUNDARGARH\\WEIGHBRIDGE_OPERATOR\\225_weigh_topImg3_1723540706689.jpg','EXIT'),(709,'C:\\VIKRAM PRIVATE LIMITED\\SUNDARGARH\\GATE_USER\\backImg2_GATE_USER_VK01@01_1723540797646.jpg',NULL,'2024-08-13',NULL,NULL,NULL,6,225,'C:\\VIKRAM PRIVATE LIMITED\\SUNDARGARH\\GATE_USER\\topImg3_GATE_USER_VK01@01_1723540797646.jpg','EXIT'),(710,'C:\\VIKRAM PRIVATE LIMITED\\SUNDARGARH\\GATE_USER\\backImg2_GATE_USER_VK01@01_1723546798953.jpg',NULL,'2024-08-13',NULL,NULL,NULL,6,226,NULL,'ENTRY'),(711,'C:\\VIKRAM PRIVATE LIMITED\\SUNDARGARH\\WEIGHBRIDGE_OPERATOR\\226_weigh_backImg2_1723547155776.jpg',NULL,'2024-08-13',NULL,'C:\\VIKRAM PRIVATE LIMITED\\SUNDARGARH\\WEIGHBRIDGE_OPERATOR\\226_weigh_leftImg5_1723547155776.jpg',NULL,7,226,'C:\\VIKRAM PRIVATE LIMITED\\SUNDARGARH\\WEIGHBRIDGE_OPERATOR\\226_weigh_topImg3_1723547155776.jpg','ENTRY'),(712,'C:\\VIKRAM PRIVATE LIMITED\\SUNDARGARH\\WEIGHBRIDGE_OPERATOR\\226_weigh_backImg2_1723547904022.jpg',NULL,'2024-08-13',NULL,'C:\\VIKRAM PRIVATE LIMITED\\SUNDARGARH\\WEIGHBRIDGE_OPERATOR\\226_weigh_leftImg5_1723547904022.jpg',NULL,7,226,'C:\\VIKRAM PRIVATE LIMITED\\SUNDARGARH\\WEIGHBRIDGE_OPERATOR\\226_weigh_topImg3_1723547904023.jpg','EXIT'),(713,'C:\\VIKRAM PRIVATE LIMITED\\SUNDARGARH\\GATE_USER\\backImg2_GATE_USER_VK01@01_1723550428662.jpg',NULL,'2024-08-13',NULL,NULL,NULL,6,226,'C:\\VIKRAM PRIVATE LIMITED\\SUNDARGARH\\GATE_USER\\topImg3_GATE_USER_VK01@01_1723550428663.jpg','EXIT'),(714,'C:\\VIKRAM PRIVATE LIMITED\\SUNDARGARH\\GATE_USER\\backImg2_GATE_USER_VK01@01_1723550446090.jpg',NULL,'2024-08-13',NULL,NULL,NULL,6,226,'C:\\VIKRAM PRIVATE LIMITED\\SUNDARGARH\\GATE_USER\\topImg3_GATE_USER_VK01@01_1723550446090.jpg','EXIT'),(715,'C:\\VIKRAM PRIVATE LIMITED\\SUNDARGARH\\GATE_USER\\backImg2_GATE_USER_VK01@01_1723550818719.jpg',NULL,'2024-08-13',NULL,NULL,NULL,6,227,NULL,'ENTRY'),(716,'C:\\VIKRAM PRIVATE LIMITED\\SUNDARGARH\\WEIGHBRIDGE_OPERATOR\\227_weigh_backImg2_1723551109137.jpg',NULL,'2024-08-13',NULL,'C:\\VIKRAM PRIVATE LIMITED\\SUNDARGARH\\WEIGHBRIDGE_OPERATOR\\227_weigh_leftImg5_1723551109137.jpg',NULL,7,227,'C:\\VIKRAM PRIVATE LIMITED\\SUNDARGARH\\WEIGHBRIDGE_OPERATOR\\227_weigh_topImg3_1723551109137.jpg','ENTRY'),(717,'C:\\VIKRAM PRIVATE LIMITED\\SUNDARGARH\\WEIGHBRIDGE_OPERATOR\\227_weigh_backImg2_1723551775277.jpg',NULL,'2024-08-13',NULL,'C:\\VIKRAM PRIVATE LIMITED\\SUNDARGARH\\WEIGHBRIDGE_OPERATOR\\227_weigh_leftImg5_1723551775278.jpg',NULL,7,227,'C:\\VIKRAM PRIVATE LIMITED\\SUNDARGARH\\WEIGHBRIDGE_OPERATOR\\227_weigh_topImg3_1723551775278.jpg','EXIT'),(718,'C:\\VIKRAM PRIVATE LIMITED\\SUNDARGARH\\GATE_USER\\backImg2_GATE_USER_VK01@01_1723560766538.jpg',NULL,'2024-08-13',NULL,NULL,NULL,6,228,NULL,'ENTRY'),(719,'C:\\VIKRAM PRIVATE LIMITED\\SUNDARGARH\\WEIGHBRIDGE_OPERATOR\\228_weigh_backImg2_1723560963367.jpg',NULL,'2024-08-13',NULL,'C:\\VIKRAM PRIVATE LIMITED\\SUNDARGARH\\WEIGHBRIDGE_OPERATOR\\228_weigh_leftImg5_1723560963368.jpg',NULL,7,228,'C:\\VIKRAM PRIVATE LIMITED\\SUNDARGARH\\WEIGHBRIDGE_OPERATOR\\228_weigh_topImg3_1723560963406.jpg','ENTRY'),(720,'C:\\VIKRAM PRIVATE LIMITED\\SUNDARGARH\\GATE_USER\\backImg2_GATE_USER_VK01@01_1723561116506.jpg',NULL,'2024-08-13',NULL,NULL,NULL,6,229,NULL,'ENTRY'),(721,'C:\\VIKRAM PRIVATE LIMITED\\SUNDARGARH\\WEIGHBRIDGE_OPERATOR\\229_weigh_backImg2_1723561526801.jpg',NULL,'2024-08-13',NULL,'C:\\VIKRAM PRIVATE LIMITED\\SUNDARGARH\\WEIGHBRIDGE_OPERATOR\\229_weigh_leftImg5_1723561526801.jpg',NULL,7,229,'C:\\VIKRAM PRIVATE LIMITED\\SUNDARGARH\\WEIGHBRIDGE_OPERATOR\\229_weigh_topImg3_1723561526801.jpg','ENTRY'),(722,'C:\\VIKRAM PRIVATE LIMITED\\SUNDARGARH\\WEIGHBRIDGE_OPERATOR\\228_weigh_backImg2_1723562255414.jpg',NULL,'2024-08-13',NULL,'C:\\VIKRAM PRIVATE LIMITED\\SUNDARGARH\\WEIGHBRIDGE_OPERATOR\\228_weigh_leftImg5_1723562255414.jpg',NULL,7,228,'C:\\VIKRAM PRIVATE LIMITED\\SUNDARGARH\\WEIGHBRIDGE_OPERATOR\\228_weigh_topImg3_1723562255414.jpg','EXIT'),(723,'C:\\VIKRAM PRIVATE LIMITED\\SUNDARGARH\\WEIGHBRIDGE_OPERATOR\\229_weigh_backImg2_1723562721723.jpg',NULL,'2024-08-13',NULL,'C:\\VIKRAM PRIVATE LIMITED\\SUNDARGARH\\WEIGHBRIDGE_OPERATOR\\229_weigh_leftImg5_1723562721723.jpg',NULL,7,229,'C:\\VIKRAM PRIVATE LIMITED\\SUNDARGARH\\WEIGHBRIDGE_OPERATOR\\229_weigh_topImg3_1723562721723.jpg','EXIT'),(724,'C:\\VIKRAM PRIVATE LIMITED\\SUNDARGARH\\GATE_USER\\backImg2_GATE_USER_VK01@01_1723567783028.jpg',NULL,'2024-08-13',NULL,NULL,NULL,6,230,NULL,'ENTRY'),(725,'C:\\VIKRAM PRIVATE LIMITED\\SUNDARGARH\\WEIGHBRIDGE_OPERATOR\\230_weigh_backImg2_1723568011451.jpg',NULL,'2024-08-13',NULL,'C:\\VIKRAM PRIVATE LIMITED\\SUNDARGARH\\WEIGHBRIDGE_OPERATOR\\230_weigh_leftImg5_1723568011451.jpg',NULL,7,230,'C:\\VIKRAM PRIVATE LIMITED\\SUNDARGARH\\WEIGHBRIDGE_OPERATOR\\230_weigh_topImg3_1723568011451.jpg','ENTRY'),(726,'C:\\VIKRAM PRIVATE LIMITED\\SUNDARGARH\\GATE_USER\\backImg2_GATE_USER_VK01@01_1723568079447.jpg',NULL,'2024-08-13',NULL,NULL,NULL,6,231,NULL,'ENTRY'),(727,'C:\\VIKRAM PRIVATE LIMITED\\SUNDARGARH\\WEIGHBRIDGE_OPERATOR\\231_weigh_backImg2_1723568332638.jpg',NULL,'2024-08-13',NULL,'C:\\VIKRAM PRIVATE LIMITED\\SUNDARGARH\\WEIGHBRIDGE_OPERATOR\\231_weigh_leftImg5_1723568332638.jpg',NULL,7,231,'C:\\VIKRAM PRIVATE LIMITED\\SUNDARGARH\\WEIGHBRIDGE_OPERATOR\\231_weigh_topImg3_1723568332638.jpg','ENTRY'),(728,'C:\\VIKRAM PRIVATE LIMITED\\SUNDARGARH\\WEIGHBRIDGE_OPERATOR\\230_weigh_backImg2_1723568928868.jpg',NULL,'2024-08-13',NULL,'C:\\VIKRAM PRIVATE LIMITED\\SUNDARGARH\\WEIGHBRIDGE_OPERATOR\\230_weigh_leftImg5_1723568928869.jpg',NULL,7,230,'C:\\VIKRAM PRIVATE LIMITED\\SUNDARGARH\\WEIGHBRIDGE_OPERATOR\\230_weigh_topImg3_1723568928869.jpg','EXIT'),(729,'C:\\VIKRAM PRIVATE LIMITED\\SUNDARGARH\\WEIGHBRIDGE_OPERATOR\\231_weigh_backImg2_1723569230139.jpg',NULL,'2024-08-13',NULL,'C:\\VIKRAM PRIVATE LIMITED\\SUNDARGARH\\WEIGHBRIDGE_OPERATOR\\231_weigh_leftImg5_1723569230140.jpg',NULL,7,231,'C:\\VIKRAM PRIVATE LIMITED\\SUNDARGARH\\WEIGHBRIDGE_OPERATOR\\231_weigh_topImg3_1723569230143.jpg','EXIT'),(730,'C:\\VIKRAM PRIVATE LIMITED\\SUNDARGARH\\GATE_USER\\backImg2_GATE_USER_VK01@01_1723571333964.jpg',NULL,'2024-08-13',NULL,NULL,NULL,6,232,NULL,'ENTRY'),(731,'C:\\VIKRAM PRIVATE LIMITED\\SUNDARGARH\\WEIGHBRIDGE_OPERATOR\\232_weigh_backImg2_1723571538195.jpg',NULL,'2024-08-13',NULL,'C:\\VIKRAM PRIVATE LIMITED\\SUNDARGARH\\WEIGHBRIDGE_OPERATOR\\232_weigh_leftImg5_1723571538195.jpg',NULL,7,232,'C:\\VIKRAM PRIVATE LIMITED\\SUNDARGARH\\WEIGHBRIDGE_OPERATOR\\232_weigh_topImg3_1723571538195.jpg','ENTRY'),(732,'C:\\VIKRAM PRIVATE LIMITED\\SUNDARGARH\\WEIGHBRIDGE_OPERATOR\\232_weigh_backImg2_1723572510813.jpg',NULL,'2024-08-13',NULL,'C:\\VIKRAM PRIVATE LIMITED\\SUNDARGARH\\WEIGHBRIDGE_OPERATOR\\232_weigh_leftImg5_1723572510813.jpg',NULL,7,232,'C:\\VIKRAM PRIVATE LIMITED\\SUNDARGARH\\WEIGHBRIDGE_OPERATOR\\232_weigh_topImg3_1723572510815.jpg','EXIT'),(733,'C:\\VIKRAM PRIVATE LIMITED\\SUNDARGARH\\GATE_USER\\backImg2_GATE_USER_VK01@01_1723612305390.jpg',NULL,'2024-08-14',NULL,NULL,NULL,6,221,'C:\\VIKRAM PRIVATE LIMITED\\SUNDARGARH\\GATE_USER\\topImg3_GATE_USER_VK01@01_1723612305391.jpg','EXIT'),(734,'C:\\VIKRAM PRIVATE LIMITED\\SUNDARGARH\\GATE_USER\\backImg2_GATE_USER_VK01@01_1723612341140.jpg',NULL,'2024-08-14',NULL,NULL,NULL,6,220,'C:\\VIKRAM PRIVATE LIMITED\\SUNDARGARH\\GATE_USER\\topImg3_GATE_USER_VK01@01_1723612341140.jpg','EXIT'),(735,'C:\\VIKRAM PRIVATE LIMITED\\SUNDARGARH\\GATE_USER\\backImg2_GATE_USER_VK01@01_1723612362046.jpg',NULL,'2024-08-14',NULL,NULL,NULL,6,232,'C:\\VIKRAM PRIVATE LIMITED\\SUNDARGARH\\GATE_USER\\topImg3_GATE_USER_VK01@01_1723612362046.jpg','EXIT'),(736,'C:\\VIKRAM PRIVATE LIMITED\\SUNDARGARH\\GATE_USER\\backImg2_GATE_USER_VK01@01_1723612376593.jpg',NULL,'2024-08-14',NULL,NULL,NULL,6,231,'C:\\VIKRAM PRIVATE LIMITED\\SUNDARGARH\\GATE_USER\\topImg3_GATE_USER_VK01@01_1723612376593.jpg','EXIT'),(737,'C:\\VIKRAM PRIVATE LIMITED\\SUNDARGARH\\GATE_USER\\backImg2_GATE_USER_VK01@01_1723612395392.jpg',NULL,'2024-08-14',NULL,NULL,NULL,6,230,'C:\\VIKRAM PRIVATE LIMITED\\SUNDARGARH\\GATE_USER\\topImg3_GATE_USER_VK01@01_1723612395392.jpg','EXIT'),(738,'C:\\VIKRAM PRIVATE LIMITED\\SUNDARGARH\\GATE_USER\\backImg2_GATE_USER_VK01@01_1723612414740.jpg',NULL,'2024-08-14',NULL,NULL,NULL,6,229,'C:\\VIKRAM PRIVATE LIMITED\\SUNDARGARH\\GATE_USER\\topImg3_GATE_USER_VK01@01_1723612414740.jpg','EXIT'),(739,'C:\\VIKRAM PRIVATE LIMITED\\SUNDARGARH\\GATE_USER\\backImg2_GATE_USER_VK01@01_1723612439293.jpg',NULL,'2024-08-14',NULL,NULL,NULL,6,228,'C:\\VIKRAM PRIVATE LIMITED\\SUNDARGARH\\GATE_USER\\topImg3_GATE_USER_VK01@01_1723612439294.jpg','EXIT'),(740,'C:\\VIKRAM PRIVATE LIMITED\\SUNDARGARH\\GATE_USER\\backImg2_GATE_USER_VK01@01_1723612476860.jpg',NULL,'2024-08-14',NULL,NULL,NULL,6,227,'C:\\VIKRAM PRIVATE LIMITED\\SUNDARGARH\\GATE_USER\\topImg3_GATE_USER_VK01@01_1723612476860.jpg','EXIT'),(741,'C:\\VIKRAM PRIVATE LIMITED\\SUNDARGARH\\GATE_USER\\backImg2_GATE_USER_VK01@01_1723615322759.jpg',NULL,'2024-08-14',NULL,NULL,NULL,6,233,NULL,'ENTRY'),(742,'C:\\VIKRAM PRIVATE LIMITED\\SUNDARGARH\\WEIGHBRIDGE_OPERATOR\\233_weigh_backImg2_1723616006358.jpg',NULL,'2024-08-14',NULL,'C:\\VIKRAM PRIVATE LIMITED\\SUNDARGARH\\WEIGHBRIDGE_OPERATOR\\233_weigh_leftImg5_1723616006358.jpg',NULL,7,233,'C:\\VIKRAM PRIVATE LIMITED\\SUNDARGARH\\WEIGHBRIDGE_OPERATOR\\233_weigh_topImg3_1723616006358.jpg','ENTRY'),(743,'C:\\VIKRAM PRIVATE LIMITED\\SUNDARGARH\\GATE_USER\\backImg2_GATE_USER_VK01@01_1723616961916.jpg',NULL,'2024-08-14',NULL,'C:\\VIKRAM PRIVATE LIMITED\\SUNDARGARH\\GATE_USER\\leftImg5_GATE_USER_VK01@01_1723616961916.jpg',NULL,6,234,NULL,'ENTRY'),(744,'C:\\VIKRAM PRIVATE LIMITED\\SUNDARGARH\\WEIGHBRIDGE_OPERATOR\\234_weigh_backImg2_1723617524593.jpg',NULL,'2024-08-14',NULL,'C:\\VIKRAM PRIVATE LIMITED\\SUNDARGARH\\WEIGHBRIDGE_OPERATOR\\234_weigh_leftImg5_1723617524593.jpg',NULL,7,234,'C:\\VIKRAM PRIVATE LIMITED\\SUNDARGARH\\WEIGHBRIDGE_OPERATOR\\234_weigh_topImg3_1723617524593.jpg','ENTRY'),(745,'C:\\VIKRAM PRIVATE LIMITED\\SUNDARGARH\\GATE_USER\\backImg2_GATE_USER_VK01@01_1723620633627.jpg',NULL,'2024-08-14',NULL,NULL,NULL,6,235,NULL,'ENTRY'),(746,'C:\\VIKRAM PRIVATE LIMITED\\SUNDARGARH\\WEIGHBRIDGE_OPERATOR\\235_weigh_backImg2_1723620968845.jpg',NULL,'2024-08-14',NULL,'C:\\VIKRAM PRIVATE LIMITED\\SUNDARGARH\\WEIGHBRIDGE_OPERATOR\\235_weigh_leftImg5_1723620968845.jpg',NULL,7,235,'C:\\VIKRAM PRIVATE LIMITED\\SUNDARGARH\\WEIGHBRIDGE_OPERATOR\\235_weigh_topImg3_1723620968845.jpg','ENTRY'),(747,'C:\\VIKRAM PRIVATE LIMITED\\SUNDARGARH\\WEIGHBRIDGE_OPERATOR\\233_weigh_backImg2_1723623136418.jpg',NULL,'2024-08-14',NULL,'C:\\VIKRAM PRIVATE LIMITED\\SUNDARGARH\\WEIGHBRIDGE_OPERATOR\\233_weigh_leftImg5_1723623136418.jpg',NULL,7,233,'C:\\VIKRAM PRIVATE LIMITED\\SUNDARGARH\\WEIGHBRIDGE_OPERATOR\\233_weigh_topImg3_1723623136418.jpg','EXIT'),(748,'C:\\VIKRAM PRIVATE LIMITED\\SUNDARGARH\\WEIGHBRIDGE_OPERATOR\\234_weigh_backImg2_1723625076434.jpg',NULL,'2024-08-14',NULL,'C:\\VIKRAM PRIVATE LIMITED\\SUNDARGARH\\WEIGHBRIDGE_OPERATOR\\234_weigh_leftImg5_1723625076434.jpg',NULL,7,234,'C:\\VIKRAM PRIVATE LIMITED\\SUNDARGARH\\WEIGHBRIDGE_OPERATOR\\234_weigh_topImg3_1723625076434.jpg','EXIT'),(749,NULL,NULL,'2024-08-14',NULL,NULL,NULL,7,235,'C:\\VIKRAM PRIVATE LIMITED\\SUNDARGARH\\WEIGHBRIDGE_OPERATOR\\235_weigh_topImg3_1723630732721.jpg','EXIT'),(750,NULL,NULL,'2024-08-14',NULL,NULL,NULL,6,236,NULL,'ENTRY'),(751,NULL,NULL,'2024-08-14',NULL,NULL,NULL,7,236,NULL,'ENTRY'),(752,NULL,NULL,'2024-08-14',NULL,NULL,NULL,7,236,NULL,'EXIT'),(753,'C:\\VIKRAM PRIVATE LIMITED\\SUNDARGARH\\GATE_USER\\backImg2_GATE_USER_VK01@01_1723640964396.jpg',NULL,'2024-08-14',NULL,NULL,NULL,6,237,'C:\\VIKRAM PRIVATE LIMITED\\SUNDARGARH\\GATE_USER\\topImg3_GATE_USER_VK01@01_1723640964396.jpg','ENTRY'),(754,NULL,NULL,'2024-08-14',NULL,NULL,NULL,6,238,NULL,'ENTRY'),(755,'C:\\VIKRAM PRIVATE LIMITED\\SUNDARGARH\\GATE_USER\\backImg2_GATE_USER_VK01@01_1723641053064.jpg',NULL,'2024-08-14',NULL,NULL,NULL,6,238,'C:\\VIKRAM PRIVATE LIMITED\\SUNDARGARH\\GATE_USER\\topImg3_GATE_USER_VK01@01_1723641053064.jpg','EXIT'),(756,NULL,NULL,'2024-08-14',NULL,NULL,NULL,7,238,NULL,'ENTRY'),(757,'C:\\VIKRAM PRIVATE LIMITED\\SUNDARGARH\\GATE_USER\\backImg2_GATE_USER_VK01@01_1723641788968.jpg',NULL,'2024-08-14',NULL,NULL,NULL,6,239,'C:\\VIKRAM PRIVATE LIMITED\\SUNDARGARH\\GATE_USER\\topImg3_GATE_USER_VK01@01_1723641788968.jpg','ENTRY'),(758,NULL,NULL,'2024-08-14',NULL,NULL,NULL,7,239,NULL,'ENTRY'),(759,NULL,NULL,'2024-08-14',NULL,NULL,NULL,7,237,NULL,'ENTRY'),(760,NULL,NULL,'2024-08-14',NULL,NULL,NULL,6,239,NULL,'EXIT'),(761,'C:\\VIKRAM PRIVATE LIMITED\\SUNDARGARH\\GATE_USER\\backImg2_GATE_USER_VK01@01_1723642623943.jpg',NULL,'2024-08-14',NULL,NULL,NULL,6,239,'C:\\VIKRAM PRIVATE LIMITED\\SUNDARGARH\\GATE_USER\\topImg3_GATE_USER_VK01@01_1723642623943.jpg','EXIT'),(762,'C:\\VIKRAM PRIVATE LIMITED\\SUNDARGARH\\GATE_USER\\backImg2_GATE_USER_VK01@01_1723642641807.jpg',NULL,'2024-08-14',NULL,NULL,NULL,6,235,'C:\\VIKRAM PRIVATE LIMITED\\SUNDARGARH\\GATE_USER\\topImg3_GATE_USER_VK01@01_1723642641807.jpg','EXIT'),(763,'C:\\VIKRAM PRIVATE LIMITED\\SUNDARGARH\\GATE_USER\\backImg2_GATE_USER_VK01@01_1723642702169.jpg',NULL,'2024-08-14',NULL,NULL,NULL,6,237,'C:\\VIKRAM PRIVATE LIMITED\\SUNDARGARH\\GATE_USER\\topImg3_GATE_USER_VK01@01_1723642702169.jpg','EXIT'),(764,NULL,NULL,'2024-08-14',NULL,NULL,NULL,7,239,NULL,'EXIT'),(765,NULL,NULL,'2024-08-15',NULL,NULL,NULL,6,240,'C:\\VIKRAM PRIVATE LIMITED\\SUNDARGARH\\GATE_USER\\topImg3_GATE_USER_VK01@01_1723688176019.jpg','ENTRY'),(766,'C:\\VIKRAM PRIVATE LIMITED\\SUNDARGARH\\GATE_USER\\backImg2_GATE_USER_VK01@01_1723688433254.jpg',NULL,'2024-08-15',NULL,NULL,NULL,6,241,NULL,'ENTRY'),(767,NULL,NULL,'2024-08-15',NULL,NULL,NULL,7,240,NULL,'ENTRY'),(768,'C:\\VIKRAM PRIVATE LIMITED\\SUNDARGARH\\GATE_USER\\backImg2_GATE_USER_VK01@01_1723688627692.jpg',NULL,'2024-08-15',NULL,NULL,NULL,6,242,NULL,'ENTRY'),(769,NULL,NULL,'2024-08-15',NULL,NULL,NULL,7,241,NULL,'ENTRY'),(770,NULL,NULL,'2024-08-15',NULL,NULL,NULL,7,242,NULL,'ENTRY'),(771,NULL,NULL,'2024-08-15',NULL,NULL,NULL,7,240,NULL,'EXIT'),(772,NULL,NULL,'2024-08-15',NULL,NULL,NULL,7,241,NULL,'EXIT'),(773,NULL,NULL,'2024-08-15',NULL,NULL,NULL,7,242,NULL,'EXIT'),(774,'C:\\VIKRAM PRIVATE LIMITED\\SUNDARGARH\\GATE_USER\\backImg2_GATE_USER_VK01@01_1723695779368.jpg',NULL,'2024-08-15',NULL,NULL,NULL,6,238,'C:\\VIKRAM PRIVATE LIMITED\\SUNDARGARH\\GATE_USER\\topImg3_GATE_USER_VK01@01_1723695779368.jpg','EXIT'),(775,'C:\\VIKRAM PRIVATE LIMITED\\SUNDARGARH\\GATE_USER\\backImg2_GATE_USER_VK01@01_1723695905633.jpg',NULL,'2024-08-15',NULL,NULL,NULL,6,242,'C:\\VIKRAM PRIVATE LIMITED\\SUNDARGARH\\GATE_USER\\topImg3_GATE_USER_VK01@01_1723695905633.jpg','EXIT'),(776,'C:\\VIKRAM PRIVATE LIMITED\\SUNDARGARH\\GATE_USER\\backImg2_GATE_USER_VK01@01_1723695919869.jpg',NULL,'2024-08-15',NULL,NULL,NULL,6,241,'C:\\VIKRAM PRIVATE LIMITED\\SUNDARGARH\\GATE_USER\\topImg3_GATE_USER_VK01@01_1723695919869.jpg','EXIT'),(777,'C:\\VIKRAM PRIVATE LIMITED\\SUNDARGARH\\GATE_USER\\backImg2_GATE_USER_VK01@01_1723695934699.jpg',NULL,'2024-08-15',NULL,NULL,NULL,6,240,'C:\\VIKRAM PRIVATE LIMITED\\SUNDARGARH\\GATE_USER\\topImg3_GATE_USER_VK01@01_1723695934699.jpg','EXIT'),(778,'C:\\VIKRAM PRIVATE LIMITED\\SUNDARGARH\\GATE_USER\\backImg2_GATE_USER_VK01@01_1723695952164.jpg',NULL,'2024-08-15',NULL,NULL,NULL,6,239,'C:\\VIKRAM PRIVATE LIMITED\\SUNDARGARH\\GATE_USER\\topImg3_GATE_USER_VK01@01_1723695952165.jpg','EXIT'),(779,'C:\\VIKRAM PRIVATE LIMITED\\SUNDARGARH\\GATE_USER\\backImg2_GATE_USER_VK01@01_1723695968101.jpg',NULL,'2024-08-15',NULL,NULL,NULL,6,236,'C:\\VIKRAM PRIVATE LIMITED\\SUNDARGARH\\GATE_USER\\topImg3_GATE_USER_VK01@01_1723695968101.jpg','EXIT'),(780,'C:\\VIKRAM PRIVATE LIMITED\\SUNDARGARH\\GATE_USER\\backImg2_GATE_USER_VK01@01_1723695985316.jpg',NULL,'2024-08-15',NULL,NULL,NULL,6,234,'C:\\VIKRAM PRIVATE LIMITED\\SUNDARGARH\\GATE_USER\\topImg3_GATE_USER_VK01@01_1723695985316.jpg','EXIT'),(781,'C:\\VIKRAM PRIVATE LIMITED\\SUNDARGARH\\GATE_USER\\backImg2_GATE_USER_VK01@01_1723695998404.jpg',NULL,'2024-08-15',NULL,NULL,NULL,6,238,'C:\\VIKRAM PRIVATE LIMITED\\SUNDARGARH\\GATE_USER\\topImg3_GATE_USER_VK01@01_1723695998405.jpg','EXIT'),(782,'C:\\VIKRAM PRIVATE LIMITED\\SUNDARGARH\\GATE_USER\\backImg2_GATE_USER_VK01@01_1723696179170.jpg',NULL,'2024-08-15',NULL,NULL,NULL,6,243,'C:\\VIKRAM PRIVATE LIMITED\\SUNDARGARH\\GATE_USER\\topImg3_GATE_USER_VK01@01_1723696179170.jpg','ENTRY'),(783,'C:\\VIKRAM PRIVATE LIMITED\\SUNDARGARH\\GATE_USER\\backImg2_GATE_USER_VK01@01_1723696206559.jpg',NULL,'2024-08-15',NULL,NULL,NULL,6,233,'C:\\VIKRAM PRIVATE LIMITED\\SUNDARGARH\\GATE_USER\\topImg3_GATE_USER_VK01@01_1723696206559.jpg','EXIT'),(784,'C:\\VIKRAM PRIVATE LIMITED\\SUNDARGARH\\GATE_USER\\backImg2_GATE_USER_VK01@01_1723696230555.jpg',NULL,'2024-08-15',NULL,NULL,NULL,6,237,'C:\\VIKRAM PRIVATE LIMITED\\SUNDARGARH\\GATE_USER\\topImg3_GATE_USER_VK01@01_1723696230555.jpg','EXIT'),(785,NULL,NULL,'2024-08-15',NULL,NULL,NULL,7,243,NULL,'ENTRY'),(786,'C:\\VIKRAM PRIVATE LIMITED\\SUNDARGARH\\GATE_USER\\backImg2_GATE_USER_VK01@01_1723696414662.jpg',NULL,'2024-08-15',NULL,NULL,NULL,6,244,'C:\\VIKRAM PRIVATE LIMITED\\SUNDARGARH\\GATE_USER\\topImg3_GATE_USER_VK01@01_1723696414662.jpg','ENTRY'),(787,NULL,NULL,'2024-08-15',NULL,NULL,NULL,7,244,NULL,'ENTRY'),(788,'C:\\VIKRAM PRIVATE LIMITED\\SUNDARGARH\\GATE_USER\\backImg2_GATE_USER_VK01@01_1723696698896.jpg',NULL,'2024-08-15',NULL,NULL,NULL,6,245,'C:\\VIKRAM PRIVATE LIMITED\\SUNDARGARH\\GATE_USER\\topImg3_GATE_USER_VK01@01_1723696698896.jpg','ENTRY'),(789,NULL,NULL,'2024-08-15',NULL,NULL,NULL,7,245,NULL,'ENTRY'),(790,'C:\\VIKRAM PRIVATE LIMITED\\SUNDARGARH\\GATE_USER\\backImg2_GATE_USER_VK01@01_1723696944229.jpg',NULL,'2024-08-15',NULL,NULL,NULL,6,246,'C:\\VIKRAM PRIVATE LIMITED\\SUNDARGARH\\GATE_USER\\topImg3_GATE_USER_VK01@01_1723696944229.jpg','ENTRY'),(791,NULL,NULL,'2024-08-15',NULL,NULL,NULL,7,246,NULL,'ENTRY'),(792,'C:\\VIKRAM PRIVATE LIMITED\\SUNDARGARH\\GATE_USER\\backImg2_GATE_USER_VK01@01_1723697289955.jpg',NULL,'2024-08-15',NULL,NULL,NULL,6,247,'C:\\VIKRAM PRIVATE LIMITED\\SUNDARGARH\\GATE_USER\\topImg3_GATE_USER_VK01@01_1723697289955.jpg','ENTRY'),(793,NULL,NULL,'2024-08-15',NULL,NULL,NULL,7,243,NULL,'EXIT'),(794,'C:\\VIKRAM PRIVATE LIMITED\\SUNDARGARH\\GATE_USER\\backImg2_GATE_USER_VK01@01_1723697555210.jpg',NULL,'2024-08-15',NULL,NULL,NULL,6,243,'C:\\VIKRAM PRIVATE LIMITED\\SUNDARGARH\\GATE_USER\\topImg3_GATE_USER_VK01@01_1723697555210.jpg','EXIT'),(795,NULL,NULL,'2024-08-15',NULL,NULL,NULL,7,247,NULL,'ENTRY'),(796,NULL,NULL,'2024-08-15',NULL,NULL,NULL,7,245,'C:\\VIKRAM PRIVATE LIMITED\\SUNDARGARH\\WEIGHBRIDGE_OPERATOR\\245_weigh_topImg3_1723698353031.jpg','EXIT'),(797,NULL,NULL,'2024-08-15',NULL,NULL,NULL,7,244,NULL,'EXIT'),(798,NULL,NULL,'2024-08-15',NULL,NULL,NULL,7,246,NULL,'EXIT'),(799,'C:\\VIKRAM PRIVATE LIMITED\\SUNDARGARH\\GATE_USER\\backImg2_GATE_USER_VK01@01_1723698869158.jpg',NULL,'2024-08-15',NULL,NULL,NULL,6,248,'C:\\VIKRAM PRIVATE LIMITED\\SUNDARGARH\\GATE_USER\\topImg3_GATE_USER_VK01@01_1723698869159.jpg','ENTRY'),(800,'C:\\VIKRAM PRIVATE LIMITED\\SUNDARGARH\\GATE_USER\\backImg2_GATE_USER_VK01@01_1723699103207.jpg',NULL,'2024-08-15',NULL,NULL,NULL,6,249,'C:\\VIKRAM PRIVATE LIMITED\\SUNDARGARH\\GATE_USER\\topImg3_GATE_USER_VK01@01_1723699103207.jpg','ENTRY'),(801,NULL,NULL,'2024-08-15',NULL,NULL,NULL,6,250,NULL,'ENTRY'),(802,NULL,NULL,'2024-08-15',NULL,NULL,NULL,7,248,NULL,'ENTRY'),(803,'C:\\VIKRAM PRIVATE LIMITED\\SUNDARGARH\\GATE_USER\\backImg2_GATE_USER_VK01@01_1723699728482.jpg',NULL,'2024-08-15',NULL,NULL,NULL,6,246,'C:\\VIKRAM PRIVATE LIMITED\\SUNDARGARH\\GATE_USER\\topImg3_GATE_USER_VK01@01_1723699728482.jpg','EXIT'),(804,NULL,NULL,'2024-08-15',NULL,NULL,NULL,7,249,NULL,'ENTRY'),(805,NULL,NULL,'2024-08-15',NULL,NULL,NULL,7,250,NULL,'ENTRY'),(806,NULL,NULL,'2024-08-15',NULL,NULL,NULL,6,251,NULL,'ENTRY'),(807,NULL,NULL,'2024-08-15',NULL,NULL,NULL,7,251,NULL,'ENTRY'),(808,'C:\\VIKRAM PRIVATE LIMITED\\SUNDARGARH\\GATE_USER\\backImg2_GATE_USER_VK01@01_1723701509784.jpg',NULL,'2024-08-15',NULL,NULL,NULL,6,252,'C:\\VIKRAM PRIVATE LIMITED\\SUNDARGARH\\GATE_USER\\topImg3_GATE_USER_VK01@01_1723701509784.jpg','ENTRY'),(809,NULL,NULL,'2024-08-15',NULL,NULL,NULL,7,252,NULL,'ENTRY'),(810,NULL,NULL,'2024-08-15',NULL,NULL,NULL,6,251,NULL,'EXIT'),(811,'C:\\VIKRAM PRIVATE LIMITED\\SUNDARGARH\\GATE_USER\\backImg2_GATE_USER_VK01@01_1723702474733.jpg',NULL,'2024-08-15',NULL,NULL,NULL,6,251,'C:\\VIKRAM PRIVATE LIMITED\\SUNDARGARH\\GATE_USER\\topImg3_GATE_USER_VK01@01_1723702474733.jpg','EXIT'),(812,'C:\\VIKRAM PRIVATE LIMITED\\SUNDARGARH\\GATE_USER\\backImg2_GATE_USER_VK01@01_1723702515605.jpg',NULL,'2024-08-15',NULL,NULL,NULL,6,237,'C:\\VIKRAM PRIVATE LIMITED\\SUNDARGARH\\GATE_USER\\topImg3_GATE_USER_VK01@01_1723702515605.jpg','EXIT'),(813,NULL,NULL,'2024-08-15',NULL,NULL,NULL,6,253,NULL,'ENTRY'),(814,NULL,NULL,'2024-08-15',NULL,NULL,NULL,7,247,NULL,'EXIT'),(815,NULL,NULL,'2024-08-15',NULL,NULL,NULL,7,251,NULL,'EXIT'),(816,'C:\\VIKRAM PRIVATE LIMITED\\SUNDARGARH\\GATE_USER\\backImg2_GATE_USER_VK01@01_1723704477513.jpg',NULL,'2024-08-15',NULL,NULL,NULL,6,251,'C:\\VIKRAM PRIVATE LIMITED\\SUNDARGARH\\GATE_USER\\topImg3_GATE_USER_VK01@01_1723704477513.jpg','EXIT'),(817,'C:\\VIKRAM PRIVATE LIMITED\\SUNDARGARH\\GATE_USER\\backImg2_GATE_USER_VK01@01_1723704496460.jpg',NULL,'2024-08-15',NULL,NULL,NULL,6,245,'C:\\VIKRAM PRIVATE LIMITED\\SUNDARGARH\\GATE_USER\\topImg3_GATE_USER_VK01@01_1723704496460.jpg','EXIT'),(818,'C:\\VIKRAM PRIVATE LIMITED\\SUNDARGARH\\GATE_USER\\backImg2_GATE_USER_VK01@01_1723704517689.jpg',NULL,'2024-08-15',NULL,NULL,NULL,6,244,'C:\\VIKRAM PRIVATE LIMITED\\SUNDARGARH\\GATE_USER\\topImg3_GATE_USER_VK01@01_1723704517689.jpg','EXIT'),(819,'C:\\VIKRAM PRIVATE LIMITED\\SUNDARGARH\\GATE_USER\\backImg2_GATE_USER_VK01@01_1723704537525.jpg',NULL,'2024-08-15',NULL,NULL,NULL,6,237,'C:\\VIKRAM PRIVATE LIMITED\\SUNDARGARH\\GATE_USER\\topImg3_GATE_USER_VK01@01_1723704537526.jpg','EXIT'),(820,'C:\\VIKRAM PRIVATE LIMITED\\SUNDARGARH\\GATE_USER\\backImg2_GATE_USER_VK01@01_1723704547460.jpg',NULL,'2024-08-15',NULL,NULL,NULL,6,137,'C:\\VIKRAM PRIVATE LIMITED\\SUNDARGARH\\GATE_USER\\topImg3_GATE_USER_VK01@01_1723704547461.jpg','EXIT'),(821,'C:\\VIKRAM PRIVATE LIMITED\\SUNDARGARH\\GATE_USER\\backImg2_GATE_USER_VK01@01_1723704556826.jpg',NULL,'2024-08-15',NULL,NULL,NULL,6,237,'C:\\VIKRAM PRIVATE LIMITED\\SUNDARGARH\\GATE_USER\\topImg3_GATE_USER_VK01@01_1723704556826.jpg','EXIT'),(822,NULL,NULL,'2024-08-15',NULL,NULL,NULL,6,254,NULL,'ENTRY'),(823,'C:\\VIKRAM PRIVATE LIMITED\\SUNDARGARH\\GATE_USER\\backImg2_GATE_USER_VK01@01_1723704708516.jpg',NULL,'2024-08-15',NULL,NULL,NULL,6,131,'C:\\VIKRAM PRIVATE LIMITED\\SUNDARGARH\\GATE_USER\\topImg3_GATE_USER_VK01@01_1723704708517.jpg','EXIT'),(824,'C:\\VIKRAM PRIVATE LIMITED\\SUNDARGARH\\GATE_USER\\backImg2_GATE_USER_VK01@01_1723704720562.jpg',NULL,'2024-08-15',NULL,NULL,NULL,6,128,'C:\\VIKRAM PRIVATE LIMITED\\SUNDARGARH\\GATE_USER\\topImg3_GATE_USER_VK01@01_1723704720562.jpg','EXIT'),(825,NULL,NULL,'2024-08-15',NULL,NULL,NULL,7,254,NULL,'ENTRY'),(826,NULL,NULL,'2024-08-15',NULL,NULL,NULL,6,255,NULL,'ENTRY'),(827,NULL,NULL,'2024-08-15',NULL,NULL,NULL,7,255,NULL,'ENTRY'),(828,NULL,NULL,'2024-08-15',NULL,NULL,NULL,7,248,NULL,'EXIT'),(829,'C:\\VIKRAM PRIVATE LIMITED\\SUNDARGARH\\GATE_USER\\backImg2_GATE_USER_VK01@01_1723708995319.jpg',NULL,'2024-08-15',NULL,NULL,NULL,6,131,'C:\\VIKRAM PRIVATE LIMITED\\SUNDARGARH\\GATE_USER\\topImg3_GATE_USER_VK01@01_1723708995319.jpg','EXIT'),(830,NULL,NULL,'2024-08-15',NULL,NULL,NULL,7,252,NULL,'EXIT'),(831,'C:\\VIKRAM PRIVATE LIMITED\\SUNDARGARH\\GATE_USER\\backImg2_GATE_USER_VK01@01_1723712435545.jpg',NULL,'2024-08-15',NULL,NULL,NULL,6,237,'C:\\VIKRAM PRIVATE LIMITED\\SUNDARGARH\\GATE_USER\\topImg3_GATE_USER_VK01@01_1723712435545.jpg','EXIT'),(832,'C:\\VIKRAM PRIVATE LIMITED\\SUNDARGARH\\GATE_USER\\backImg2_GATE_USER_VK01@01_1723712900289.jpg',NULL,'2024-08-15',NULL,NULL,NULL,6,237,'C:\\VIKRAM PRIVATE LIMITED\\SUNDARGARH\\GATE_USER\\topImg3_GATE_USER_VK01@01_1723712900290.jpg','EXIT'),(833,'C:\\VIKRAM PRIVATE LIMITED\\SUNDARGARH\\GATE_USER\\backImg2_GATE_USER_VK01@01_1723712933090.jpg',NULL,'2024-08-15',NULL,NULL,NULL,6,237,'C:\\VIKRAM PRIVATE LIMITED\\SUNDARGARH\\GATE_USER\\topImg3_GATE_USER_VK01@01_1723712933090.jpg','EXIT'),(834,NULL,NULL,'2024-08-15',NULL,NULL,NULL,7,254,NULL,'EXIT'),(835,NULL,NULL,'2024-08-15',NULL,NULL,NULL,7,249,NULL,'EXIT'),(836,NULL,NULL,'2024-08-15',NULL,NULL,NULL,7,250,NULL,'EXIT'),(837,NULL,NULL,'2024-08-15',NULL,NULL,NULL,7,255,NULL,'EXIT'),(838,'C:\\VIKRAM PRIVATE LIMITED\\SUNDARGARH\\GATE_USER\\backImg2_GATE_USER_VK01@01_1723722517204.jpg',NULL,'2024-08-15',NULL,NULL,NULL,6,256,'C:\\VIKRAM PRIVATE LIMITED\\SUNDARGARH\\GATE_USER\\topImg3_GATE_USER_VK01@01_1723722517204.jpg','ENTRY'),(839,NULL,NULL,'2024-08-15',NULL,NULL,NULL,7,256,NULL,'ENTRY'),(840,NULL,NULL,'2024-08-15',NULL,NULL,NULL,7,256,NULL,'EXIT'),(841,'C:\\VIKRAM PRIVATE LIMITED\\SUNDARGARH\\GATE_USER\\backImg2_GATE_USER_VK01@01_1723791589339.jpg',NULL,'2024-08-16',NULL,NULL,NULL,6,257,NULL,'ENTRY'),(842,'C:\\VIKRAM PRIVATE LIMITED\\SUNDARGARH\\GATE_USER\\backImg2_GATE_USER_VK01@01_1723791702556.jpg',NULL,'2024-08-16',NULL,NULL,NULL,6,258,NULL,'ENTRY'),(843,NULL,NULL,'2024-08-16',NULL,NULL,NULL,7,257,NULL,'ENTRY'),(844,NULL,NULL,'2024-08-16',NULL,NULL,NULL,7,258,NULL,'ENTRY'),(845,'C:\\VIKRAM PRIVATE LIMITED\\SUNDARGARH\\GATE_USER\\backImg2_GATE_USER_VK01@01_1723799637528.jpg',NULL,'2024-08-16',NULL,NULL,NULL,6,259,NULL,'ENTRY'),(846,'C:\\VIKRAM PRIVATE LIMITED\\SUNDARGARH\\GATE_USER\\backImg2_GATE_USER_VK01@01_1723800003303.jpg',NULL,'2024-08-16',NULL,NULL,NULL,6,260,NULL,'ENTRY'),(847,NULL,NULL,'2024-08-16',NULL,NULL,NULL,7,259,NULL,'ENTRY'),(848,NULL,NULL,'2024-08-16',NULL,NULL,NULL,7,260,NULL,'ENTRY'),(849,NULL,NULL,'2024-08-16',NULL,NULL,NULL,7,258,NULL,'EXIT'),(850,NULL,NULL,'2024-08-16',NULL,NULL,NULL,7,257,NULL,'EXIT'),(851,NULL,NULL,'2024-08-16',NULL,NULL,NULL,7,259,NULL,'EXIT'),(852,NULL,NULL,'2024-08-16',NULL,NULL,NULL,7,260,NULL,'EXIT'),(853,'C:\\VIKRAM PRIVATE LIMITED\\SUNDARGARH\\GATE_USER\\backImg2_GATE_USER_VK01@01_1723816925689.jpg',NULL,'2024-08-16',NULL,NULL,NULL,6,256,'C:\\VIKRAM PRIVATE LIMITED\\SUNDARGARH\\GATE_USER\\topImg3_GATE_USER_VK01@01_1723816925689.jpg','EXIT'),(854,'C:\\VIKRAM PRIVATE LIMITED\\SUNDARGARH\\GATE_USER\\backImg2_GATE_USER_VK01@01_1723816959227.jpg',NULL,'2024-08-16',NULL,NULL,NULL,6,237,'C:\\VIKRAM PRIVATE LIMITED\\SUNDARGARH\\GATE_USER\\topImg3_GATE_USER_VK01@01_1723816959227.jpg','EXIT'),(855,'C:\\VIKRAM PRIVATE LIMITED\\SUNDARGARH\\GATE_USER\\backImg2_GATE_USER_VK01@01_1723816965543.jpg',NULL,'2024-08-16',NULL,NULL,NULL,6,153,'C:\\VIKRAM PRIVATE LIMITED\\SUNDARGARH\\GATE_USER\\topImg3_GATE_USER_VK01@01_1723816965543.jpg','EXIT'),(856,'C:\\VIKRAM PRIVATE LIMITED\\SUNDARGARH\\GATE_USER\\backImg2_GATE_USER_VK01@01_1723822703671.jpg',NULL,'2024-08-16',NULL,NULL,NULL,6,255,'C:\\VIKRAM PRIVATE LIMITED\\SUNDARGARH\\GATE_USER\\topImg3_GATE_USER_VK01@01_1723822703671.jpg','EXIT'),(857,'C:\\VIKRAM PRIVATE LIMITED\\SUNDARGARH\\GATE_USER\\backImg2_GATE_USER_VK01@01_1723822725727.jpg',NULL,'2024-08-16',NULL,NULL,NULL,6,254,'C:\\VIKRAM PRIVATE LIMITED\\SUNDARGARH\\GATE_USER\\topImg3_GATE_USER_VK01@01_1723822725727.jpg','EXIT'),(858,'C:\\VIKRAM PRIVATE LIMITED\\SUNDARGARH\\GATE_USER\\backImg2_GATE_USER_VK01@01_1723822751102.jpg',NULL,'2024-08-16',NULL,NULL,NULL,6,253,'C:\\VIKRAM PRIVATE LIMITED\\SUNDARGARH\\GATE_USER\\topImg3_GATE_USER_VK01@01_1723822751102.jpg','EXIT'),(859,'C:\\VIKRAM PRIVATE LIMITED\\SUNDARGARH\\GATE_USER\\backImg2_GATE_USER_VK01@01_1723822787743.jpg',NULL,'2024-08-16',NULL,NULL,NULL,6,247,'C:\\VIKRAM PRIVATE LIMITED\\SUNDARGARH\\GATE_USER\\topImg3_GATE_USER_VK01@01_1723822787743.jpg','EXIT'),(860,'C:\\VIKRAM PRIVATE LIMITED\\SUNDARGARH\\GATE_USER\\backImg2_GATE_USER_VK01@01_1723822808324.jpg',NULL,'2024-08-16',NULL,NULL,NULL,6,238,'C:\\VIKRAM PRIVATE LIMITED\\SUNDARGARH\\GATE_USER\\topImg3_GATE_USER_VK01@01_1723822808324.jpg','EXIT'),(861,'C:\\VIKRAM PRIVATE LIMITED\\SUNDARGARH\\GATE_USER\\backImg2_GATE_USER_VK01@01_1723822818848.jpg',NULL,'2024-08-16',NULL,NULL,NULL,6,248,'C:\\VIKRAM PRIVATE LIMITED\\SUNDARGARH\\GATE_USER\\topImg3_GATE_USER_VK01@01_1723822818848.jpg','EXIT'),(862,'C:\\VIKRAM PRIVATE LIMITED\\SUNDARGARH\\GATE_USER\\backImg2_GATE_USER_VK01@01_1723822870178.jpg',NULL,'2024-08-16',NULL,NULL,NULL,6,238,'C:\\VIKRAM PRIVATE LIMITED\\SUNDARGARH\\GATE_USER\\topImg3_GATE_USER_VK01@01_1723822870178.jpg','EXIT'),(863,'C:\\VIKRAM PRIVATE LIMITED\\SUNDARGARH\\GATE_USER\\backImg2_GATE_USER_VK01@01_1723822878011.jpg',NULL,'2024-08-16',NULL,NULL,NULL,6,249,'C:\\VIKRAM PRIVATE LIMITED\\SUNDARGARH\\GATE_USER\\topImg3_GATE_USER_VK01@01_1723822878011.jpg','EXIT'),(864,'C:\\VIKRAM PRIVATE LIMITED\\SUNDARGARH\\GATE_USER\\backImg2_GATE_USER_VK01@01_1723822899660.jpg',NULL,'2024-08-16',NULL,NULL,NULL,6,250,'C:\\VIKRAM PRIVATE LIMITED\\SUNDARGARH\\GATE_USER\\topImg3_GATE_USER_VK01@01_1723822899660.jpg','EXIT'),(865,'C:\\VIKRAM PRIVATE LIMITED\\SUNDARGARH\\GATE_USER\\backImg2_GATE_USER_VK01@01_1723822926515.jpg',NULL,'2024-08-16',NULL,NULL,NULL,6,252,'C:\\VIKRAM PRIVATE LIMITED\\SUNDARGARH\\GATE_USER\\topImg3_GATE_USER_VK01@01_1723822926515.jpg','EXIT'),(866,'C:\\VIKRAM PRIVATE LIMITED\\SUNDARGARH\\GATE_USER\\backImg2_GATE_USER_VK01@01_1723822993592.jpg',NULL,'2024-08-16',NULL,NULL,NULL,6,238,'C:\\VIKRAM PRIVATE LIMITED\\SUNDARGARH\\GATE_USER\\topImg3_GATE_USER_VK01@01_1723822993593.jpg','EXIT'),(867,'C:\\VIKRAM PRIVATE LIMITED\\SUNDARGARH\\GATE_USER\\backImg2_GATE_USER_VK01@01_1723828093163.jpg',NULL,'2024-08-16',NULL,NULL,NULL,6,258,'C:\\VIKRAM PRIVATE LIMITED\\SUNDARGARH\\GATE_USER\\topImg3_GATE_USER_VK01@01_1723828093163.jpg','EXIT'),(868,'C:\\VIKRAM PRIVATE LIMITED\\SUNDARGARH\\GATE_USER\\backImg2_GATE_USER_VK01@01_1723853359832.jpg',NULL,'2024-08-17',NULL,NULL,NULL,6,237,'C:\\VIKRAM PRIVATE LIMITED\\SUNDARGARH\\GATE_USER\\topImg3_GATE_USER_VK01@01_1723853359832.jpg','EXIT'),(869,'C:\\VIKRAM PRIVATE LIMITED\\SUNDARGARH\\GATE_USER\\backImg2_GATE_USER_VK01@01_1723853390309.jpg',NULL,'2024-08-17',NULL,NULL,NULL,6,128,'C:\\VIKRAM PRIVATE LIMITED\\SUNDARGARH\\GATE_USER\\topImg3_GATE_USER_VK01@01_1723853390309.jpg','EXIT'),(870,'C:\\VIKRAM PRIVATE LIMITED\\SUNDARGARH\\GATE_USER\\backImg2_GATE_USER_VK01@01_1723856582725.jpg',NULL,'2024-08-17',NULL,NULL,NULL,6,260,'C:\\VIKRAM PRIVATE LIMITED\\SUNDARGARH\\GATE_USER\\topImg3_GATE_USER_VK01@01_1723856582725.jpg','EXIT'),(871,'C:\\VIKRAM PRIVATE LIMITED\\SUNDARGARH\\GATE_USER\\backImg2_GATE_USER_VK01@01_1723856599684.jpg',NULL,'2024-08-17',NULL,NULL,NULL,6,259,'C:\\VIKRAM PRIVATE LIMITED\\SUNDARGARH\\GATE_USER\\topImg3_GATE_USER_VK01@01_1723856599685.jpg','EXIT'),(872,'C:\\VIKRAM PRIVATE LIMITED\\SUNDARGARH\\GATE_USER\\backImg2_GATE_USER_VK01@01_1723864665206.jpg',NULL,'2024-08-17',NULL,NULL,NULL,6,257,'C:\\VIKRAM PRIVATE LIMITED\\SUNDARGARH\\GATE_USER\\topImg3_GATE_USER_VK01@01_1723864665206.jpg','EXIT'),(873,NULL,NULL,'2024-08-17',NULL,NULL,NULL,6,261,NULL,'ENTRY'),(874,NULL,NULL,'2024-08-17',NULL,NULL,NULL,7,261,NULL,'ENTRY'),(875,NULL,NULL,'2024-08-17',NULL,NULL,NULL,6,262,NULL,'ENTRY'),(876,NULL,NULL,'2024-08-17',NULL,NULL,NULL,7,262,NULL,'ENTRY'),(877,NULL,NULL,'2024-08-17',NULL,NULL,NULL,6,263,NULL,'ENTRY'),(878,NULL,NULL,'2024-08-17',NULL,NULL,NULL,6,264,NULL,'ENTRY'),(879,NULL,NULL,'2024-08-17',NULL,NULL,NULL,7,263,NULL,'ENTRY'),(880,NULL,NULL,'2024-08-17',NULL,NULL,NULL,6,265,NULL,'ENTRY'),(881,NULL,NULL,'2024-08-17',NULL,NULL,NULL,7,264,NULL,'ENTRY'),(882,NULL,NULL,'2024-08-17',NULL,NULL,NULL,6,237,NULL,'EXIT'),(883,NULL,NULL,'2024-08-17',NULL,NULL,NULL,7,265,NULL,'ENTRY'),(884,NULL,NULL,'2024-08-17',NULL,NULL,NULL,7,261,NULL,'EXIT'),(885,NULL,NULL,'2024-08-17',NULL,NULL,NULL,6,266,NULL,'ENTRY'),(886,NULL,NULL,'2024-08-17',NULL,NULL,NULL,6,267,NULL,'ENTRY'),(887,NULL,NULL,'2024-08-17',NULL,NULL,NULL,7,266,NULL,'ENTRY'),(888,NULL,NULL,'2024-08-17',NULL,NULL,NULL,6,261,NULL,'EXIT'),(889,NULL,NULL,'2024-08-17',NULL,NULL,NULL,7,267,NULL,'ENTRY'),(890,NULL,NULL,'2024-08-17',NULL,NULL,NULL,7,266,NULL,'EXIT'),(891,NULL,NULL,'2024-08-17',NULL,NULL,NULL,6,266,NULL,'EXIT'),(892,NULL,NULL,'2024-08-17',NULL,NULL,NULL,7,267,NULL,'EXIT'),(893,NULL,NULL,'2024-08-17',NULL,NULL,NULL,6,267,NULL,'EXIT'),(894,NULL,NULL,'2024-08-17',NULL,NULL,NULL,6,6,NULL,'EXIT'),(895,NULL,NULL,'2024-08-17',NULL,NULL,NULL,6,6,NULL,'EXIT'),(896,NULL,NULL,'2024-08-17',NULL,NULL,NULL,6,6,NULL,'EXIT'),(897,NULL,NULL,'2024-08-20',NULL,NULL,NULL,6,265,NULL,'EXIT'),(898,NULL,NULL,'2024-08-20',NULL,NULL,NULL,6,264,NULL,'EXIT');
/*!40000 ALTER TABLE `camera_view` ENABLE KEYS */;
UNLOCK TABLES;

--
-- Table structure for table `company_master`
--

DROP TABLE IF EXISTS `company_master`;
/*!40101 SET @saved_cs_client     = @@character_set_client */;
/*!50503 SET character_set_client = utf8mb4 */;
CREATE TABLE `company_master` (
  `company_id` varchar(255) NOT NULL,
  `company_address` varchar(255) DEFAULT NULL,
  `company_contact_no` varchar(255) DEFAULT NULL,
  `company_created_by` varchar(255) DEFAULT NULL,
  `company_created_date` datetime(6) DEFAULT NULL,
  `company_email` varchar(255) DEFAULT NULL,
  `company_modified_by` varchar(255) DEFAULT NULL,
  `company_modified_date` datetime(6) DEFAULT NULL,
  `company_name` varchar(255) NOT NULL,
  `company_status` varchar(255) DEFAULT NULL,
  PRIMARY KEY (`company_id`)
) ENGINE=InnoDB DEFAULT CHARSET=utf8mb4 COLLATE=utf8mb4_0900_ai_ci;
/*!40101 SET character_set_client = @saved_cs_client */;

--
-- Dumping data for table `company_master`
--

LOCK TABLES `company_master` WRITE;
/*!40000 ALTER TABLE `company_master` DISABLE KEYS */;
INSERT INTO `company_master` VALUES ('all',NULL,NULL,NULL,NULL,NULL,NULL,NULL,'ALL','ACTIVE'),('VK01','RAJAMUNDA','8249866798','admin','2024-06-18 12:12:58.576125','vikramplant@gmail.com','admin','2024-06-18 12:12:58.576125','VIKRAM PRIVATE LIMITED','ACTIVE');
/*!40000 ALTER TABLE `company_master` ENABLE KEYS */;
UNLOCK TABLES;

--
-- Table structure for table `customer_master`
--

DROP TABLE IF EXISTS `customer_master`;
/*!40101 SET @saved_cs_client     = @@character_set_client */;
/*!50503 SET character_set_client = utf8mb4 */;
CREATE TABLE `customer_master` (
  `customer_id` bigint NOT NULL AUTO_INCREMENT,
  `city` varchar(255) DEFAULT NULL,
  `country` varchar(255) DEFAULT NULL,
  `customer_address_line1` varchar(255) NOT NULL,
  `customer_address_line2` varchar(255) DEFAULT NULL,
  `customer_contact_no` varchar(255) DEFAULT NULL,
  `customer_created_by` varchar(255) DEFAULT NULL,
  `customer_created_date` datetime(6) DEFAULT NULL,
  `customer_email` varchar(255) DEFAULT NULL,
  `customer_modified_by` varchar(255) DEFAULT NULL,
  `customer_modified_date` datetime(6) DEFAULT NULL,
  `customer_name` varchar(255) NOT NULL,
  `customer_status` varchar(255) DEFAULT NULL,
  `state` varchar(255) DEFAULT NULL,
  `zip` varchar(255) DEFAULT NULL,
  PRIMARY KEY (`customer_id`)
) ENGINE=InnoDB AUTO_INCREMENT=13 DEFAULT CHARSET=utf8mb4 COLLATE=utf8mb4_0900_ai_ci;
/*!40101 SET character_set_client = @saved_cs_client */;

--
-- Dumping data for table `customer_master`
--

LOCK TABLES `customer_master` WRITE;
/*!40000 ALTER TABLE `customer_master` DISABLE KEYS */;
INSERT INTO `customer_master` VALUES (1,'Bhubaneshwar','IN','Patia','Bhubaneswar','9876543211','admin','2024-06-18 12:47:53.064479','swift@gmail.com','admin','2024-06-18 12:47:53.064479','Swift Solutions pvt ltd','ACTIVE','OR','75016'),(2,'Bhubaneshwar','IN','Bhubaneswar','Patia, near Sikharchandi','7896754354','VK01@04','2024-07-04 12:02:51.514178','zento@gmail.com','VK01@04','2024-07-04 12:02:51.514178','Zento Private Limited','ACTIVE','OR','751024'),(3,'Muzaffarnagar','IN','Vahalna','MUZAFFARNAGAR','8273542823','VK01@04','2024-07-04 12:28:18.955391','samridhi@gmail.com','VK01@04','2024-07-04 12:28:18.955391','SAMRIDHI TRADERS','ACTIVE','UP','251003'),(4,'Kashipur','IN','NARAYAN NAGAR','BAJPUR, KASHIPUR','7895236588','VK01@04','2024-07-05 11:27:11.124673','galwalia@gmail.com','VK01@04','2024-07-05 11:27:11.124673','GALWALIA ISPAT UDYOG Pvt Ltd','ACTIVE','UT','548965'),(5,'Kashipur','IN','NARAIN NAGAR BAJPUR ROAD','Kashipur','','VK01@09','2024-07-26 12:15:03.779462','','VK01@09','2024-07-26 12:15:03.779462','KASHI VISHWANATH STEELS PVT LTD','ACTIVE','UT','244713'),(6,'Naini Tal','IN','HALDWANI','NAINITAL','7500244869','VK01@09','2024-07-26 12:39:28.896794','steels@vw-maasheetla.co.in','admin','2024-07-26 12:51:02.502988','MAA SHEETLA AUTOWHEELS PVT LTD','ACTIVE','UT','263139'),(7,'Sundargarh','IN','CIVIL TOWNSHIP ROURKELA','ODISHA','9439072445','VK01@09','2024-07-26 17:12:05.208233','zevithventures@gmail.com','VK01@09','2024-07-26 17:12:05.208233','ZEVITH VENTURES PVT LTD','ACTIVE','OR','769004'),(8,'Ranchi','IN','RANCHI JHARKHAND','JHARKHAND','0000000000','VK01@09','2024-07-27 10:39:39.300053','info@cpil.com','VK01@09','2024-07-27 10:39:39.300053','CHANDRA PRABHU INTERNATIONAL LTD','ACTIVE','JH','834008'),(9,'Bankura','IN','BARJORA BANKURA','WEST BENGAL','8100435945','VK01@09','2024-07-27 11:02:12.471482','rattan@nkrkworld.com','VK01@09','2024-07-27 11:02:12.471482','RATTAN ISPAT PVT LTD','ACTIVE','WB','722202'),(10,'Muzaffarnagar','IN','MUZAFFARNAGAR','UTTAR PRADESH','7205489343','VK01@09','2024-08-08 10:35:22.776281','shree123@gmail.com','VK01@09','2024-08-08 10:35:22.776281','SHREE SIDHBALI STEELS PVT LTD','ACTIVE','UP','251001'),(11,'Kolkata','IN','CAMAC STREET','KOLKATA','','VK01@09','2024-08-12 10:31:02.421737','','VK01@09','2024-08-12 10:31:02.421737','SARAF TREXIM LTD','ACTIVE','WB','700071'),(12,'Udham Singh Nagar','IN','BAJPUR US NAGAR','UTTARAKHAND','','VK01@09','2024-08-16 10:20:28.340139','','VK01@09','2024-08-16 10:20:28.340139','UTTARANCHAL ISPAT PVT LTD','ACTIVE','UT','');
/*!40000 ALTER TABLE `customer_master` ENABLE KEYS */;
UNLOCK TABLES;

--
-- Table structure for table `document`
--

DROP TABLE IF EXISTS `document`;
/*!40101 SET @saved_cs_client     = @@character_set_client */;
/*!50503 SET character_set_client = utf8mb4 */;
CREATE TABLE `document` (
  `id` bigint NOT NULL AUTO_INCREMENT,
  `content_type` varchar(255) DEFAULT NULL,
  `created_by` varchar(255) DEFAULT NULL,
  `created_date` date DEFAULT NULL,
  `file_name` varchar(255) DEFAULT NULL,
  `file_path` varchar(255) DEFAULT NULL,
  `file_size` bigint DEFAULT NULL,
  `modified_by` varchar(255) DEFAULT NULL,
  `modified_date` date DEFAULT NULL,
  PRIMARY KEY (`id`)
) ENGINE=InnoDB DEFAULT CHARSET=utf8mb4 COLLATE=utf8mb4_0900_ai_ci;
/*!40101 SET character_set_client = @saved_cs_client */;

--
-- Dumping data for table `document`
--

LOCK TABLES `document` WRITE;
/*!40000 ALTER TABLE `document` DISABLE KEYS */;
/*!40000 ALTER TABLE `document` ENABLE KEYS */;
UNLOCK TABLES;

--
-- Table structure for table `flyway_schema_history`
--

DROP TABLE IF EXISTS `flyway_schema_history`;
/*!40101 SET @saved_cs_client     = @@character_set_client */;
/*!50503 SET character_set_client = utf8mb4 */;
CREATE TABLE `flyway_schema_history` (
  `installed_rank` int NOT NULL,
  `version` varchar(50) DEFAULT NULL,
  `description` varchar(200) NOT NULL,
  `type` varchar(20) NOT NULL,
  `script` varchar(1000) NOT NULL,
  `checksum` int DEFAULT NULL,
  `installed_by` varchar(100) NOT NULL,
  `installed_on` timestamp NOT NULL DEFAULT CURRENT_TIMESTAMP,
  `execution_time` int NOT NULL,
  `success` tinyint(1) NOT NULL,
  PRIMARY KEY (`installed_rank`),
  KEY `flyway_schema_history_s_idx` (`success`)
) ENGINE=InnoDB DEFAULT CHARSET=utf8mb4 COLLATE=utf8mb4_0900_ai_ci;
/*!40101 SET character_set_client = @saved_cs_client */;

--
-- Dumping data for table `flyway_schema_history`
--

LOCK TABLES `flyway_schema_history` WRITE;
/*!40000 ALTER TABLE `flyway_schema_history` DISABLE KEYS */;
INSERT INTO `flyway_schema_history` VALUES (1,'1','CREATE COMPANY MASTER TABLE','SQL','V1__CREATE_COMPANY_MASTER_TABLE.sql',129413526,'root','2024-06-18 06:35:53',184,1),(2,'2','CREATE SITE MASTER TABLE','SQL','V2__CREATE_SITE_MASTER_TABLE.sql',563083852,'root','2024-06-18 06:35:53',232,1),(3,'3','CREATE ROLE MASTER TABLE','SQL','V3__CREATE_ROLE_MASTER_TABLE.sql',1687688023,'root','2024-06-18 06:35:54',115,1),(4,'4','CREATE USER MASTER TABLE','SQL','V4__CREATE_USER_MASTER_TABLE.sql',1910228744,'root','2024-06-18 06:35:55',577,1),(5,'5','CREATE USER AUTHENTICATION TABLE','SQL','V5__CREATE_USER_AUTHENTICATION_TABLE.sql',-1473560214,'root','2024-06-18 06:35:55',118,1),(6,'6','CREATE USER ROLES TABLE','SQL','V6__CREATE_USER_ROLES_TABLE.sql',452981129,'root','2024-06-18 06:35:56',428,1),(7,'7','CREATE USER HISTORY TABLE','SQL','V7__CREATE_USER_HISTORY_TABLE.sql',-72976688,'root','2024-06-18 06:35:57',194,1),(8,'8','CREATE MATERIAL MASTER TABLE','SQL','V8__CREATE_MATERIAL_MASTER_TABLE.sql',-1640586456,'root','2024-06-18 06:35:58',115,1),(9,'9','CREATE MATERIAL TYPE MASTER TABLE','SQL','V9__CREATE_MATERIAL_TYPE_MASTER_TABLE.sql',394241895,'root','2024-06-18 06:35:58',191,1),(10,'10','CREATE PRODUCT MASTER TABLE','SQL','V10__CREATE_PRODUCT_MASTER_TABLE.sql',1265812974,'root','2024-06-18 06:35:59',76,1),(11,'11','CREATE PRODUCT TYPE MASTER TABLE','SQL','V11__CREATE_PRODUCT_TYPE_MASTER_TABLE.sql',-1699492714,'root','2024-06-18 06:36:00',180,1),(12,'12','CREATE QUALITY RANGE MASTER TABLE','SQL','V12__CREATE_QUALITY_RANGE_MASTER_TABLE.sql',1160433773,'root','2024-06-18 06:36:01',242,1),(13,'13','CREATE TRANSPORTER MASTER TABLE','SQL','V13__CREATE_TRANSPORTER_MASTER_TABLE.sql',-1419741615,'root','2024-06-18 06:36:02',171,1),(14,'14','CREATE VEHICLE MASTER TABLE','SQL','V14__CREATE_VEHICLE_MASTER_TABLE.sql',1034516483,'root','2024-06-18 06:36:02',179,1),(15,'15','TRANSPORTER VEHICLE TABLE','SQL','V15__TRANSPORTER_VEHICLE_TABLE.sql',1893809590,'root','2024-06-18 06:36:03',157,1),(16,'16','CREATE SUPPLIER MASTER TABLE','SQL','V16__CREATE_SUPPLIER_MASTER_TABLE.sql',-1695387772,'root','2024-06-18 06:36:04',136,1),(17,'17','CREATE CUSTOMER MASTER TABLE','SQL','V17__CREATE_CUSTOMER_MASTER_TABLE.sql',909841576,'root','2024-06-18 06:36:07',1008,1),(18,'18','CREATE STATUS CODE MASTER TABLE','SQL','V18__CREATE_STATUS_CODE_MASTER_TABLE.sql',-205677377,'root','2024-06-18 06:36:08',196,1),(19,'19','CREATE TRANSACTION LOG TABLE','SQL','V19__CREATE_TRANSACTION_LOG_TABLE.sql',1753493053,'root','2024-06-18 06:36:09',781,1),(20,'20','CREATE VEHICLE TRANSACTION STATUS TABLE','SQL','V20__CREATE_VEHICLE_TRANSACTION_STATUS_TABLE.sql',-1362699013,'root','2024-06-18 06:36:09',115,1),(21,'21','CREATE GATE ENTRY TRANSACTION TABLE','SQL','V21__CREATE_GATE_ENTRY_TRANSACTION_TABLE.sql',-14384096,'root','2024-06-18 06:36:10',317,1),(22,'22','CREATE WEIGHMENT TRANSACTION TABLE','SQL','V22__CREATE_WEIGHMENT_TRANSACTION_TABLE.sql',-252765881,'root','2024-06-18 06:36:11',418,1),(23,'23','CREATE QUALITY TRANSACTION TABLE','SQL','V23__CREATE_QUALITY_TRANSACTION_TABLE.sql',-360495509,'root','2024-06-18 06:36:12',163,1),(24,'24','CREATE SALES ORDER TABLE','SQL','V24__CREATE_SALES_ORDER_TABLE.sql',1598498834,'root','2024-06-18 06:36:13',292,1),(25,'25','CREATE SALES PROCESS TABLE','SQL','V25__CREATE_SALES_PROCESS_TABLE.sql',-2086946926,'root','2024-06-18 06:36:14',508,1);
/*!40000 ALTER TABLE `flyway_schema_history` ENABLE KEYS */;
UNLOCK TABLES;

--
-- Table structure for table `gate_entry_transaction`
--

DROP TABLE IF EXISTS `gate_entry_transaction`;
/*!40101 SET @saved_cs_client     = @@character_set_client */;
/*!50503 SET character_set_client = utf8mb4 */;
CREATE TABLE `gate_entry_transaction` (
  `ticket_no` int NOT NULL AUTO_INCREMENT,
  `challan_date` date DEFAULT NULL,
  `challan_no` varchar(255) DEFAULT NULL,
  `company_id` varchar(255) DEFAULT NULL,
  `customer_id` bigint NOT NULL,
  `dl_no` varchar(255) DEFAULT NULL,
  `driver_name` varchar(255) DEFAULT NULL,
  `ewaybill_no` varchar(255) DEFAULT NULL,
  `material_id` bigint NOT NULL,
  `material_type` varchar(255) DEFAULT NULL,
  `po_no` varchar(255) DEFAULT NULL,
  `site_id` varchar(255) DEFAULT NULL,
  `supplier_id` bigint NOT NULL,
  `supply_consignment_weight` double DEFAULT NULL,
  `tp_no` varchar(255) DEFAULT NULL,
  `transaction_date` date DEFAULT NULL,
  `transaction_type` varchar(255) DEFAULT NULL,
  `transporter_id` bigint NOT NULL,
  `vehicle_id` bigint NOT NULL,
  `vehicle_in` datetime(6) DEFAULT NULL,
  `vehicle_out` datetime(6) DEFAULT NULL,
  PRIMARY KEY (`ticket_no`),
  UNIQUE KEY `UK_q6dr7f9g6vw7x34eb3tsaigre` (`tp_no`),
  KEY `idx_gate_entry_transaction` (`site_id`,`company_id`,`transaction_date` DESC)
) ENGINE=InnoDB AUTO_INCREMENT=268 DEFAULT CHARSET=utf8mb4 COLLATE=utf8mb4_0900_ai_ci;
/*!40101 SET character_set_client = @saved_cs_client */;

--
-- Dumping data for table `gate_entry_transaction`
--

LOCK TABLES `gate_entry_transaction` WRITE;
/*!40000 ALTER TABLE `gate_entry_transaction` DISABLE KEYS */;
INSERT INTO `gate_entry_transaction` VALUES (1,'2024-07-25','2024-25/51043','VK01',0,'OD1420100100100','JOHAN AIND','891434428362',3,'10-40MM','','SUN01',3,39.09,'L72402353/21','2024-07-26','Inbound',3,32,'2024-07-26 11:53:00.000000','2024-07-26 13:20:00.000000'),(2,'2024-07-25','2024-25/51050','VK01',0,'OR1420120167692','SURENDRANATH PRADHAN','851434427622',3,'10-40MM','','SUN01',3,32.4,'L72402353/24','2024-07-26','Inbound',3,33,'2024-07-26 11:58:00.000000','2024-07-26 13:21:00.000000'),(3,'2024-07-25','2024-25/51039','VK01',0,'OR1420080015376','BINAND SINGH','8414 3442 7380',3,'10-40MM','','SUN01',3,32.28,'L72402353/20','2024-07-26','Inbound',3,34,'2024-07-26 12:03:00.000000','2024-07-26 13:21:00.000000'),(4,'2024-07-25','2024-25/51042','VK01',0,'OD1420140001635','DINA ORAM','8314 3442 7080',3,'10-40MM','','SUN01',3,32.27,'L72402353/22','2024-07-26','Inbound',3,35,'2024-07-26 12:09:00.000000','2024-07-26 13:22:00.000000'),(5,'2024-07-25','2024-25/51045','VK01',0,'OR1420080012956','SUKRA ORAM','8814 3442 6800',3,'10-40MM','','SUN01',3,32.26,'L72402353/23','2024-07-26','Inbound',3,36,'2024-07-26 12:13:00.000000','2024-07-26 13:22:00.000000'),(6,'2024-07-25','5300025506578','VK01',0,'89765541','Rohit Gouda','',1,'ROM -100MM','','SUN01',1,0,'69996','2024-07-26','Inbound',3,36,'2024-07-26 13:48:00.000000',NULL),(7,'2024-07-13','07/08','VK01',4,'UP2520070004039','KEHAR SINGH','N/A',1,'Lumps','U224Y-00129/00130','SUN01',0,0,'07/08-01','2024-07-26','Outbound',9,37,'2024-07-26 14:28:00.000000','2024-07-26 22:16:00.000000'),(8,'2024-07-26','2024-25/25','VK01',0,'OD1420170111455','ROHIT MUNDARY','8014 3456 7796',3,'10-40MM','','SUN01',3,29.29,'L72402353/25','2024-07-26','Inbound',3,38,'2024-07-26 17:27:00.000000','2024-07-26 17:52:00.000000'),(9,'2024-07-26','2024-25/51112','VK01',0,'OR1420040098444','BISHRAM TOPNO','8414 3455 6671',3,'10-40MM','','SUN01',3,11.71,'L72402353/26','2024-07-26','Inbound',3,40,'2024-07-26 17:32:00.000000','2024-07-26 17:53:00.000000'),(10,'2024-06-11','06/01(A)','VK01',7,'CG0720050018956','KULVINDER SINGH','N/A',3,'NA','ZVPL/PO/24-25/001','SUN01',0,0,'06/01(A)-01','2024-07-26','Outbound',10,39,'2024-07-26 17:37:00.000000','2024-07-28 08:25:00.000000'),(11,'2024-07-26','2024-25/51134','VK01',0,'OD1420150218634','JITENDRA SINKU','8414 3461 4713',3,'10-40MM','','SUN01',3,32.25,'L72402353/27','2024-07-26','Inbound',3,41,'2024-07-26 18:51:00.000000','2024-07-26 19:16:00.000000'),(12,'2024-07-26','2024-25/51135','VK01',0,'OR2820110003559','JARMAN MUNDA','8914 3461 3687',3,'10-40MM','','SUN01',3,32.35,'L72402352/28','2024-07-26','Inbound',3,42,'2024-07-26 18:55:00.000000','2024-08-07 05:37:00.000000'),(13,'2024-07-26','2024-25/51149','VK01',0,'BR2420020041341','NAGENDRA SINGH','8914 3460 0564',3,'10-40MM','','SUN01',3,11.5,'L72402353/30','2024-07-26','Inbound',3,43,'2024-07-26 19:02:00.000000',NULL),(14,'2024-07-26','2024-25/51137','VK01',0,'OR1420120167490','RABINDRA SINGH','89143459 3954',3,'10-40MM','','SUN01',3,11.65,'L72402352/29','2024-07-26','Inbound',3,44,'2024-07-26 19:31:00.000000','2024-07-26 19:53:00.000000'),(15,'2024-07-19','2024-25/51155','VK01',0,'OD2820200001304','DIBYASINGH NAIK','8514 3465 1346',3,'10-40MM','','SUN01',3,32.32,'L72402353/31','2024-07-26','Inbound',3,45,'2024-07-26 20:39:00.000000','2024-07-26 21:17:00.000000'),(16,'2024-07-26','2024-25/51179','VK01',0,'OR1420090090153','BINAY RAY','8814 3467 9149',3,'10-40MM','','SUN01',3,11.74,'L72402353/33','2024-07-26','Inbound',3,46,'2024-07-26 21:39:00.000000','2024-07-26 22:14:00.000000'),(17,'2024-07-26','2024-25/51174','VK01',0,'OR1420100138005','ARJUN KISHAN','8014 3467 8452',3,'10-40MM','','SUN01',3,28.61,'L72402353/32','2024-07-26','Inbound',3,47,'2024-07-26 21:46:00.000000','2024-07-26 22:17:00.000000'),(18,'2024-07-26','2024-25/51186','VK01',0,'0D1420130194762','KISHOR MNZ','8314 3467 9665',3,'10-40MM','','SUN01',3,32.15,'L72402353/34','2024-07-26','Inbound',3,48,'2024-07-26 22:25:00.000000',NULL),(19,'2024-07-26','2024-25/51190','VK01',0,'OR1420090024026','BILSAN MUNDA','8214 3468 0846',3,'10-40MM','','SUN01',3,23.66,'L72402353/36','2024-07-27','Inbound',3,49,'2024-07-27 08:58:00.000000','2024-07-27 09:22:00.000000'),(20,'2024-07-26','2024-25/51193','VK01',0,'OD1420130860860','ROSHAN TIGGA','8514 3468 0168',3,'10-40MM','','SUN01',3,23.775,'L72402353/35','2024-07-27','Inbound',3,50,'2024-07-27 09:25:00.000000','2024-07-27 09:54:00.000000'),(41,'2024-07-13','VPL/S/SO/2024-25/07/08','VK01',4,'UP2520100020590','ASIQ ALI','N/A',1,'Lumps','U224Y-00129/00130','SUN01',0,0,'VPL/S/SO/2024-25/07/08-01','2024-07-27','Outbound',9,51,'2024-07-27 11:34:00.000000','2024-07-27 19:38:00.000000'),(42,'2024-07-27','2024-25/51262','VK01',0,'OR1420060009053','RAJENDRA MUNDA','8714 3496 0925',3,'10-40MM','','SUN01',3,23.515,'L72402353/41','2024-07-27','Inbound',3,52,'2024-07-27 19:30:00.000000','2024-07-27 19:52:00.000000'),(43,'2024-07-27','2024-25/51248','VK01',0,'OD1420150219837','MANOJ BAGE','871434965397',3,'10-40MM','','SUN01',3,23.22,'L72402353/38','2024-07-27','Inbound',3,53,'2024-07-27 19:36:00.000000','2024-07-27 19:57:00.000000'),(44,'2024-07-27','2024-25/51287','VK01',0,'OD1420140204348','KRISHNA BADAIK','8814 3496 7057',3,'10-40MM','','SUN01',3,23.8,'L72401244/43','2024-07-27','Inbound',3,54,'2024-07-27 19:49:00.000000','2024-07-27 20:18:00.000000'),(45,'2024-07-27','2024-25/51242','VK01',0,'WB4120070298404','HABIBULLA  ANSARI','8314 3496 6190',3,'10-40MM','','SUN01',3,23.8,'42','2024-07-27','Inbound',3,55,'2024-07-27 20:02:00.000000','2024-07-27 20:21:00.000000'),(52,'2024-07-27','2024-25/51256','VK01',0,'OD2320170058067','RAKESH KUMAR PRASAD','8014 3496 3936',3,'10-40MM','','SUN01',3,32.47,'L72402353/39','2024-07-27','Inbound',3,58,'2024-07-27 20:33:00.000000','2024-07-28 08:22:00.000000'),(53,'2024-07-27','2024-25/51257','VK01',0,'OR1520080023135','RAJESH CHHATRIA','8014 3496 4744',3,'10-40MM','','SUN01',3,28.23,'L72402353/40','2024-07-27','Inbound',3,59,'2024-07-27 20:38:00.000000','2024-07-27 21:00:00.000000'),(54,'2024-07-27','2024-25/51279','VK01',0,'OR04 19840006643','NARENDRA KUMAR NAYAK','8514 3496 2277',3,'10-40MM','','SUN01',3,10.79,'L72400528/41','2024-07-28','Inbound',3,62,'2024-07-28 07:41:00.000000',NULL),(55,'2024-07-27','2024-25/51345','VK01',0,'OD1420200003168','SANJAY KANDULNA','8214 3501 9586',3,'10-40MM','','SUN01',3,23.59,'L72402353/43','2024-07-28','Inbound',3,60,'2024-07-28 07:45:00.000000','2024-07-28 08:22:00.000000'),(56,'2024-07-27','2024-25/51403','VK01',0,'OR1420120167975','SIBA MUNDA','8214 3507 1007',3,'10-40MM','','SUN01',3,28.74,'L72402353/49','2024-07-28','Inbound',3,63,'2024-07-28 10:08:00.000000','2024-07-28 11:08:00.000000'),(57,'2024-07-27','2024-25/51363','VK01',0,'OR1420110159502','ALAXIUS MUNDA','8914 3502 0109',3,'10-40MM','','SUN01',3,29.22,'L72402353/45','2024-07-28','Inbound',3,64,'2024-07-28 10:17:00.000000',NULL),(58,NULL,'2024-25/51404','VK01',0,'OD1420190004967','ANIL BODRA','8114 3507 1075',3,'10-40MM','','SUN01',3,23.13,'L72402353/48','2024-08-01','Inbound',3,65,'2024-08-01 17:45:00.000000',NULL),(59,'2024-07-27','2024-25/51390','VK01',0,'OR1420020002969','BIRSA ORAM','8114 3503 2762',3,'10-40MM','','SUN01',3,32.19,'L72402352/47','2024-07-28','Inbound',3,66,'2024-07-28 10:27:00.000000','2024-07-28 11:05:00.000000'),(60,'2024-07-22','53000255061','VK01',0,'UP26 20160011239','LAMBU','',1,'ROM -100MM','','SUN01',5,0,'   I22445678','2024-07-29','Inbound',9,67,'2024-07-29 10:19:00.000000',NULL),(61,'2024-07-29','IS67373I','VK01',0,'UP26 20160011239','Biswanatha pallai','',1,'ROM -100MM','','SUN01',1,0,'L72402353/48	','2024-07-29','Inbound',3,64,'2024-07-29 10:20:00.000000',NULL),(62,'2024-07-17','07/10','VK01',4,'UP2620150001787','RAMOO','N/A',1,'Lumps','U224Y-00135/00136','SUN01',0,0,'07/10-01','2024-07-29','Outbound',9,67,'2024-07-29 10:31:00.000000','2024-08-01 07:44:00.000000'),(63,'2024-07-10','07/03','VK01',5,'UP2620120000252','GURVINDAR SINGH','N/A',1,'Lumps','KVS/2024-25/126','SUN01',0,0,'07/03-01','2024-07-29','Outbound',9,68,'2024-07-29 10:55:00.000000','2024-07-31 07:34:00.000000'),(74,'2024-07-10','07/03','VK01',5,'UP2320010000590','BALJEET SINGH','N/A',1,'Fines','KVS/2024-25/126','SUN01',0,0,'07/03-02','2024-07-29','Outbound',9,69,'2024-07-29 12:13:00.000000','2024-07-30 11:40:00.000000'),(75,'2024-07-17','07/10','VK01',4,'UK0420170188332','SHYAM VERMA','N/A',1,'Lumps','U224Y-00135/00136','SUN01',0,0,'07/10-02','2024-07-29','Outbound',9,70,'2024-07-29 15:38:00.000000','2024-08-01 07:43:00.000000'),(76,'2024-07-15','07/09','VK01',9,'JH0920150008590','MUKESH JADAV','N/A',1,'-1mm','RIPL/FY25/579','SUN01',0,0,'07/09-01','2024-07-29','Outbound',11,71,'2024-07-29 15:41:00.000000','2024-08-01 07:43:00.000000'),(77,'2024-07-29','2024-25/51578','VK01',0,'MN08 20150008799','SHUKARDI SK','841435491524',3,'10-40MM','','SUN01',3,12.15,'L72402353/50','2024-07-29','Inbound',3,72,'2024-07-29 23:51:00.000000','2024-07-30 10:08:00.000000'),(78,'2024-07-29','2024-25/51615','VK01',0,'WB01 20040809310','MD AMJAD ALI','841435492246',3,'10-40MM','','SUN01',3,11.685,'L72402353/51','2024-07-30','Inbound',3,73,'2024-07-30 06:44:00.000000','2024-07-30 10:09:00.000000'),(79,'2024-07-17','07/10','VK01',4,'UP2520030012299','GHUTTAN KHAN','N/A',1,'Lumps','U224Y-00135/00136','SUN01',0,0,'07/10-03','2024-07-30','Outbound',9,74,'2024-07-30 11:31:00.000000','2024-07-31 07:30:00.000000'),(80,'2024-07-17','07/10','VK01',4,'UP2520002714803','SALEEMUDDIN','N/A',1,'Fines','U224Y-00135/00136','SUN01',0,0,'07/10-04','2024-07-30','Outbound',9,75,'2024-07-30 11:35:00.000000','2024-07-31 07:30:00.000000'),(81,'2024-07-02','07/01','VK01',8,'UP1219891305783','KOHLA SINGH','N/A',1,'-1mm','CPIL/24-25/011','SUN01',0,0,'07/01-01','2024-07-30','Outbound',8,76,'2024-07-30 11:42:00.000000','2024-07-31 07:29:00.000000'),(82,'2024-07-30','2024-25/51729','VK01',0,'OR14201201174945','SUNIT KUMAR HORO','8414 3560 1727',3,'10-40MM','','SUN01',3,24.22,'L72402353/61','2024-07-30','Inbound',3,77,'2024-07-30 13:12:00.000000','2024-07-30 13:31:00.000000'),(83,'2024-07-30','2024-25/51722','VK01',0,'OD1420100141368','CHQMU SINGH','8914 3560 2402',3,'10-40MM','','SUN01',3,23.93,'L72402353/55','2024-07-30','Inbound',3,78,'2024-07-30 13:16:00.000000','2024-07-30 13:36:00.000000'),(84,'2024-07-30','2024-25/51727','VK01',0,'OD1420130192348','PAWAN KUMAR NAIK','8914 3560 3108',3,'10-40MM','','SUN01',3,23.29,'L72402353/54','2024-07-30','Inbound',3,79,'2024-07-30 13:20:00.000000','2024-07-30 13:38:00.000000'),(85,'2024-07-30','2024-25/51723','VK01',0,'OD1420090090903','SOMRA ORAM','8214 3560 4481',3,'10-40MM','','SUN01',3,24.06,'L72402353/58','2024-07-30','Inbound',3,80,'2024-07-30 13:26:00.000000','2024-07-30 13:40:00.000000'),(86,'2024-07-30','2024-25/51725','VK01',0,'OD1420210006366','JOGEN MUNDA','8714 3560 5236',3,'10-40MM','','SUN01',3,23.16,'L72402353/59','2024-07-30','Inbound',3,81,'2024-07-30 13:29:00.000000','2024-07-30 13:46:00.000000'),(87,'2024-07-30','2024-25/51730','VK01',0,'OD1420150219093','RANTHU ORAON','8314 3560 3928',3,'10-40MM','','SUN01',3,23.96,'L72402353/60','2024-07-30','Inbound',3,82,'2024-07-30 14:47:00.000000','2024-07-30 15:09:00.000000'),(88,'2024-07-30','2024-25/51719','VK01',0,'WB5720110133935','SABIR SK','8814 3560 0317',3,'10-40MM','','SUN01',3,23.63,'L72402353/56','2024-07-30','Inbound',3,83,'2024-07-30 14:52:00.000000','2024-07-30 15:07:00.000000'),(89,'2024-07-30','2024-25/51720','VK01',0,'MN0320150002260','MD IMARAN','8414 3560 1079',3,'10-40MM','','SUN01',3,28.93,'L72402353/57','2024-07-30','Inbound',3,84,'2024-07-30 14:56:00.000000','2024-07-30 15:14:00.000000'),(90,'2024-07-30','2024-25/51618','VK01',0,'JH1220030028333','MD KAUSAR KHAN','8514 3549 3396',3,'10-40MM','','SUN01',3,24.17,'L72402353/52','2024-07-30','Inbound',3,85,'2024-07-30 15:21:00.000000','2024-07-30 15:44:00.000000'),(91,'2024-07-30','2024-25/51728','VK01',0,'OR1420060015090','RAGHUNATH KISHAN','8314 3563 3967',3,'10-40MM','','SUN01',3,27.3,'L72402353/53','2024-07-30','Inbound',3,86,'2024-07-30 17:12:00.000000','2024-07-30 17:31:00.000000'),(92,'2024-07-30','2024-25/51869','VK01',0,'OR1420080023656','BAHADUR BHUMIJ','8614 35812932',3,'10-40MM','','SUN01',3,23.35,'L72402353/63','2024-07-30','Inbound',3,87,'2024-07-30 19:41:00.000000','2024-07-31 07:24:00.000000'),(93,'2024-07-30','2024-25/51918','VK01',0,'OD1420160056899','RANJIT SINGH','8114 3587 1389',3,'10-40MM','','SUN01',3,28.67,'L72402353/64','2024-07-31','Inbound',3,88,'2024-07-31 10:03:00.000000','2024-07-31 10:33:00.000000'),(94,'2024-07-31','2024-25/52137','VK01',0,'OR1420100138005','ARJUN KISHAN','841436213758',3,'10-40MM','','SUN01',3,28.71,'L72402353/68','2024-07-31','Inbound',3,47,'2024-07-31 19:34:00.000000','2024-08-01 07:40:00.000000'),(95,NULL,'2024-25/52098','VK01',0,'OR1420000059106','MANJAN KUMAR LAKRA','871436204579',3,'10-40MM','','SUN01',3,23.225,'L72402353/67','2024-08-01','Inbound',3,89,'2024-08-01 17:44:00.000000',NULL),(96,'2024-07-31','2024-25/52050','VK01',0,'OR1420040098444','BISHRAM TOPNO','801436206938',3,'10-40MM','','SUN01',3,11.725,'L72402353/66','2024-07-31','Inbound',3,40,'2024-07-31 21:08:00.000000','2024-08-01 07:39:00.000000'),(97,'2024-07-31','2024-25/52044','VK01',0,'WB01 20040809310','MD AMJAD ALI','881436205658',3,'10-40MM','','SUN01',3,11.665,'L72402353/65','2024-08-01','Inbound',3,73,'2024-08-01 06:31:00.000000','2024-08-01 07:31:00.000000'),(98,'2024-07-31','2024-25/52178','VK01',0,'OD1420160229892','JALSEN MUNDA','861436301992',3,'10-40MM','','SUN01',3,23.19,'L72402353/69','2024-08-01','Inbound',3,90,'2024-08-01 06:37:00.000000','2024-08-01 07:39:00.000000'),(99,'2024-07-31','2024-25/52192','VK01',0,'WB5320140098397','MD KALIM MIYAN','871436302873',3,'10-40MM','','SUN01',3,28.47,'L72402353/70','2024-08-01','Inbound',3,91,'2024-08-01 06:42:00.000000','2024-08-01 07:38:00.000000'),(100,'2024-07-10','07/03','VK01',5,'UP2520140015505','RASHID KHAN','N/A',1,'Lumps','KVS/2024-25/126','SUN01',0,0,'07/03-03','2024-08-01','Outbound',9,92,'2024-08-01 12:52:00.000000','2024-08-02 10:56:00.000000'),(101,'2024-07-10','07/03','VK01',5,'UP2720010011024','THAKUR PRASAD','N/A',1,'Lumps','KVS/2024-25/126','SUN01',0,0,'07/03-04','2024-08-01','Outbound',9,93,'2024-08-01 12:54:00.000000','2024-08-02 10:56:00.000000'),(102,'2024-07-02','07/01','VK01',8,'UP1219990001279','HARPAL SINGH','N/A',1,'-1mm','CPIL/24-25/011','SUN01',0,0,'07/01-02','2024-08-01','Outbound',8,94,'2024-08-01 13:04:00.000000','2024-08-02 10:56:00.000000'),(103,'2024-07-30','07/13','VK01',4,'CG0419920000839','GURMEET SINGH','N/A',1,'Lumps','U224Y-00146/00147','SUN01',0,0,'07/13-01','2024-08-02','Outbound',9,95,'2024-08-02 11:21:00.000000','2024-08-03 07:44:00.000000'),(104,'2024-07-17','07/10','VK01',4,'UP1120170002752','ABRAR','N/A',1,'Fines','U224Y-00135/00136','SUN01',0,0,'07/10-05','2024-08-02','Outbound',9,96,'2024-08-02 11:24:00.000000','2024-08-03 07:43:00.000000'),(105,'2024-07-10','07/03','VK01',5,'UP2520090004599','ZAHID HUSSAIN','N/A',1,'Lumps','KVS/2024-25/126','SUN01',0,0,'07/03-05','2024-08-03','Outbound',9,97,'2024-08-03 12:07:00.000000','2024-08-05 06:19:00.000000'),(106,'2024-06-11','06/01(A)','VK01',7,'CG1020102384451','SANNI KUMAR','N/A',3,'NA','ZVPL/PO/24-25/001','SUN01',0,0,'06/01(A)-02','2024-08-03','Outbound',10,98,'2024-08-03 12:59:00.000000','2024-08-05 06:18:00.000000'),(107,'2024-08-05','2024-25/52608','VK01',0,'OR1420100146417','SUDAMA SINGH','831437505143',3,'10-40MM','','SUN01',3,11.68,'L72402353/71','2024-08-05','Inbound',3,99,'2024-08-05 18:37:00.000000',NULL),(108,'2024-08-05','2024-25/52621','VK01',0,'MN08 20150008799','SHUKARDI SK','8514 3750 4498',3,'10-40MM','','SUN01',3,12.12,'L72402353/72','2024-08-05','Inbound',3,72,'2024-08-05 19:33:00.000000','2024-08-05 19:54:00.000000'),(109,'2024-08-05','2024-25/52748','VK01',0,'BR2420020041341','NAGENDRA SINGH','801437567326',3,'10-40MM','','SUN01',3,11.515,'L72402353/73','2024-08-06','Inbound',3,43,'2024-08-06 08:41:00.000000','2024-08-06 18:55:00.000000'),(110,'2024-08-06','2024-25/52911','VK01',0,'OR1420060034816','MOHAMMAD SIKANDAR','831437753193',3,'10-40MM','','SUN01',3,32.22,'L72402353/81','2024-08-06','Inbound',3,100,'2024-08-06 17:13:00.000000',NULL),(111,'2024-08-06','2024-25/52915','VK01',0,'OD1420190833298','SUBHAM DANG','871437754312',3,'10-40MM','','SUN01',3,23.235,'L72402353/80','2024-08-06','Inbound',3,101,'2024-08-06 17:30:00.000000',NULL),(112,'2024-08-06','2024-25/53043','VK01',0,'OR1420100131504','UDE KISHAN','8814 3779 0885',3,'10-40MM','','SUN01',3,27.99,'l72403777/13','2024-08-06','Inbound',3,102,'2024-08-06 19:21:00.000000','2024-08-06 19:44:00.000000'),(113,'2024-08-06','2024-25/53002','VK01',0,'OR1420090090153','BINAY RAY','8214 3776 0963',3,'10-40MM','','SUN01',3,11.76,'L72402353/82','2024-08-06','Inbound',3,46,'2024-08-06 19:50:00.000000',NULL),(114,'2024-08-06','2024-25/52907','VK01',0,'OR0419840006643','NARENDRA KUMAR NAYAK','8714 3775 7535',3,'10-40MM','','SUN01',3,11.82,'L72402353/76','2024-08-06','Inbound',3,62,'2024-08-06 20:10:00.000000',NULL),(115,'2024-08-06','2024-25/52986','VK01',0,'OR1420000059106','NANJAN KUMAR LAKRA','8414 3778 3403',3,'10-40MM','','SUN01',3,23.26,'L72403777/3','2024-08-06','Inbound',3,89,'2024-08-06 20:33:00.000000',NULL),(116,'2024-08-06','2024-25/52976','VK01',0,'OD1420160232238','AJIT KUMAR PATRA','8714 3778 4249',3,'10-40MM','','SUN01',3,28.24,'L72403777/4','2024-08-06','Inbound',3,26,'2024-08-06 20:38:00.000000','2024-08-06 21:28:00.000000'),(117,'2024-08-06','2024-25/53004','VK01',0,'OR1419980139884','SALMON SORENG','8914 3778 4881',3,'10-40MM','','SUN01',3,32.36,'L72403777/5','2024-08-06','Inbound',3,103,'2024-08-06 20:48:00.000000','2024-08-06 21:24:00.000000'),(118,'2024-08-06','2024-25/53061','VK01',0,'OD1920080225488','DEBENDRA KUMAR SAHU','8314 3779 1953',3,'10-40MM','','SUN01',3,32.41,'L72403777/14','2024-08-06','Inbound',3,104,'2024-08-06 20:51:00.000000','2024-08-06 21:33:00.000000'),(119,'2024-08-06','2024-25/53045','VK01',0,'OR1420100141368','CHAMU SINGH','8214 3778 7045',3,'10-40MM','','SUN01',3,23.97,'L72403777/8','2024-08-06','Inbound',3,78,'2024-08-06 21:06:00.000000',NULL),(120,'2024-08-06','2024-25/53068','VK01',0,'OD1420260229862','JALSEN MUNDA','8314 3779 4358',3,'10-40MM','','SUN01',3,23.22,'L72403777/16','2024-08-06','Inbound',3,90,'2024-08-06 21:09:00.000000','2024-08-07 05:39:00.000000'),(121,'2024-08-06','2024-25/53048','VK01',0,'OR1420080013802','FIROJ HUSSAIN','8114 3778 8425',3,'10-40MM','','SUN01',3,23.81,'L72403777/10','2024-08-06','Inbound',3,105,'2024-08-06 21:37:00.000000',NULL),(122,'2024-08-06','2024-25/53049','VK01',0,'OR1420080015744','BUDHURAM BARLA','8614 3778 6482',3,'10-40MM','','SUN01',3,23.84,'L72403777/7','2024-08-06','Inbound',3,106,'2024-08-06 21:41:00.000000',NULL),(123,'2024-08-06','2024-25/53039','VK01',0,'OR1420110159502','ALAXIUS MUNDA','8414 3778 7786',3,'10-40MM','','SUN01',3,29.16,'L72403777/9','2024-08-06','Inbound',3,25,'2024-08-06 21:43:00.000000',NULL),(124,'2024-08-06','2024-25/5','VK01',0,'OD1420140092952','LUKASH MUNDA','8214 3778 8949',3,'10-40MM','','SUN01',3,28.62,'L72403777/11','2024-08-06','Inbound',3,28,'2024-08-06 22:26:00.000000',NULL),(125,'2024-08-06','2024-25/53044','VK01',0,'OD1420140092952','LUKASH MUNDA','8114 3778 9600',3,'10-40MM','','SUN01',3,23.4,'L72403777/12','2024-08-06','Inbound',3,29,'2024-08-06 22:30:00.000000','2024-08-07 00:37:00.000000'),(126,'2024-08-06','2024-25/5063','VK01',0,'OD1220150067691','RAHUL PRADHAN','8714 3779 2750',3,'10-40MM','','SUN01',3,23.57,'L72403777/15','2024-08-06','Inbound',3,107,'2024-08-06 22:36:00.000000','2024-08-07 00:37:00.000000'),(127,'2024-08-06','2024-25/53142','VK01',0,'OR041988002808','PABITRA KUMAR BHOI','8514 3786 2990',3,'10-40MM','','SUN01',3,28.41,'L72403777/19','2024-08-06','Inbound',3,108,'2024-08-06 23:10:00.000000',NULL),(128,'2024-08-06','2024-25/53111','VK01',0,'MN08 20150008799','SHUKARDI SK','8014 3786 2119',3,'10-40MM','','SUN01',3,12.12,'L72403777/18','2024-08-06','Inbound',3,72,'2024-08-06 23:16:00.000000',NULL),(129,'2024-08-06','2024-25/52895','VK01',0,'BR0220110123056','GANAURI SAW','8714 3775 3687',3,'10-40MM','','SUN01',3,23.67,'L72402353/74','2024-08-07','Inbound',2,109,'2024-08-07 06:53:00.000000','2024-08-07 19:39:00.000000'),(130,'2024-08-06','2024-25/53112','VK01',0,'WB0120040809310','MD AMJAD ALI','8814 3786 1462',3,'10-40MM','','SUN01',3,11.67,'L72403777/17','2024-08-07','Inbound',3,73,'2024-08-07 06:56:00.000000','2024-08-07 19:38:00.000000'),(131,'2024-08-07','2024-25/53167','VK01',0,'OD1420160190009','JADAV MAHANTA','821437898194',3,'10-40MM','','SUN01',3,23.855,'L72403777/20','2024-08-07','Inbound',3,110,'2024-08-07 11:22:00.000000',NULL),(132,'2024-07-17','07/10','VK01',4,'UP2520140007574','MANIS SAFI','N/A',1,'Fines','U224Y-00135/00136','SUN01',0,0,'07/10-06','2024-08-07','Outbound',9,111,'2024-08-07 13:13:00.000000','2024-08-07 21:32:00.000000'),(133,'2024-08-07','2024-25/53310','VK01',0,'BR2420020041341','NAGENDRA SINGH','821437968372',3,'10-40MM','','SUN01',3,11.55,'L72403777/21','2024-08-07','Inbound',3,43,'2024-08-07 15:22:00.000000','2024-08-07 19:34:00.000000'),(134,'2024-08-07','2024-25/53325','VK01',0,'WB4120070298404','HABIBULLA  ANSARI','811437968791',3,'10-40MM','','SUN01',3,23.89,'L72403777/22','2024-08-07','Inbound',3,55,'2024-08-07 15:45:00.000000','2024-08-07 19:33:00.000000'),(135,'2024-08-07','2024-25/53410','VK01',0,'JH1920120050317','SHIBU KUMAR YADAV','881438067762',3,'10-40MM','','SUN01',3,28.6,'L72403777/25','2024-08-07','Inbound',3,112,'2024-08-07 17:42:00.000000','2024-08-07 19:32:00.000000'),(136,'2024-08-07','2024-25/53435','VK01',0,'BR5020030038376','BASHUDEO YADAV','801438076623',3,'10-40MM','','SUN01',3,32.24,'L72403777/29','2024-08-07','Inbound',3,113,'2024-08-07 18:11:00.000000','2024-08-07 19:31:00.000000'),(137,NULL,'2024-25/53430','VK01',0,'OD1420150011299','BASANT BADAIK','881438074452',0,'10-40MM','','SUN01',0,32.295,'L72403777/26','2024-08-07','Inbound ',3,114,'2024-08-07 18:22:00.000000',NULL),(138,'2024-08-07','2024-25/53429','VK01',0,'OR1420110159502','ALAXIUS MUNDA','811438075090',3,'10-40MM','','SUN01',3,29.135,'L72403777/27','2024-08-07','Inbound',3,64,'2024-08-07 18:38:00.000000','2024-08-07 19:21:00.000000'),(139,'2024-08-07','2024-25/53436','VK01',0,'MN08 20150008799','SHUKARDI SK','881438075877',3,'10-40MM','','SUN01',3,12.09,'L72403777/28','2024-08-07','Inbound',3,72,'2024-08-07 18:46:00.000000','2024-08-07 21:31:00.000000'),(140,'2024-08-07','2024-25/53401','VK01',0,'OD1220150067691','RAHUL PRADHAN','811438067154',3,'10-40MM','','SUN01',3,23.495,'L72403777/24','2024-08-07','Inbound',3,107,'2024-08-07 19:28:00.000000','2024-08-07 19:42:00.000000'),(141,'2024-08-07','2024-25/53442','VK01',0,'OR0419840006643','NARENDRA KUMAR NAYAK','8114 3807 7182',3,'10-40MM','','SUN01',3,11.76,'L72403777/30','2024-08-07','Inbound',3,62,'2024-08-07 20:56:00.000000','2024-08-07 21:31:00.000000'),(142,'2024-08-07','2024-25/53454','VK01',0,'OD141420220004536','ABHISHEK KUMAR HEMBRAM','8514 3810 3038',3,'10-40MM','','SUN01',3,32.17,'L72403777/33','2024-08-07','Inbound',3,115,'2024-08-07 21:01:00.000000','2024-08-07 21:26:00.000000'),(143,'2024-08-07','2024-25/53469','VK01',0,'OR1420080013802','FIROJ HUSSAIN','8914 3810 2251',3,'10-40MM','','SUN01',3,23.8,'L72403777/32','2024-08-07','Inbound',3,105,'2024-08-07 21:05:00.000000','2024-08-07 21:28:00.000000'),(144,'2024-08-07','2024-25/53468','VK01',0,'OR1420080015744','BUDHURAM BARLA','8414 3812 6199',3,'10-40MM','','SUN01',3,23.84,'L72403777/37','2024-08-07','Inbound',3,116,'2024-08-07 21:09:00.000000','2024-08-07 21:30:00.000000'),(146,'2024-08-07','2024-25/53467','VK01',0,'OR0920050000638','RAJESH MUNDA','8014 3810 3682',3,'10-40MM','','SUN01',3,28.64,'L72403777/34','2024-08-07','Inbound',3,117,'2024-08-07 21:19:00.000000','2024-08-07 21:51:00.000000'),(147,'2024-08-07','2024-25/53411','VK01',0,'OD1420160229892','JALSEN MUNDA','8014 3806 6215',3,'10-40MM','','SUN01',3,23.225,'L72403777/23','2024-08-07','Inbound',3,90,'2024-08-07 22:18:00.000000','2024-08-07 23:12:00.000000'),(148,'2024-08-07','2024-25/53466','VK01',0,'BR0220080118741','KALLU KHAN','8114 3812 53337',3,'10-40MM','','SUN01',3,23.745,'L72403777/36','2024-08-07','Inbound',3,118,'2024-08-07 22:23:00.000000','2024-08-08 00:19:00.000000'),(149,'2024-08-07','2024-25/53482','VK01',0,'OR1420100141368','CHAMU SINGH','8814 3812 4728',3,'10-40MM','','SUN01',3,23.94,'L72403777/35','2024-08-07','Inbound',3,78,'2024-08-07 22:33:00.000000','2024-08-08 00:19:00.000000'),(150,'2024-08-07','2024-25/53479','VK01',0,'OD2820220000854','BIJAYA KUMAR NAYAK','8414 3812 6904',3,'10-40MM','','SUN01',3,28.33,'L72403777/38','2024-08-07','Inbound',3,119,'2024-08-07 23:05:00.000000','2024-08-07 23:34:00.000000'),(151,'2024-08-07','2024-25/53506','VK01',0,'OD1420101704829','MANOJ KUMAR HORO','8314 3812 8486',3,'10-40MM','','SUN01',3,24.015,'L72403777/40','2024-08-07','Inbound',3,120,'2024-08-07 23:18:00.000000','2024-08-08 00:18:00.000000'),(152,'2024-08-07','2024-25/53500','VK01',0,'OD1420000229177','SHIV SHANKAR BEHERA','8114 3812 7656',3,'10-40MM','','SUN01',3,32.205,'L72403777/39','2024-08-07','Inbound',3,121,'2024-08-07 23:45:00.000000','2024-08-08 00:18:00.000000'),(153,NULL,'2024-25/53530','VK01',0,'OR1420110153568','BANA GURIA','841438189530',0,'10-40MM','','SUN01',0,31.995,'L72403777/41','2024-08-08','Inbound ',3,122,'2024-08-08 09:20:00.000000',NULL),(154,'2024-08-07','2024-25/53446','VK01',0,'OD1420170210450','MARKASH MUNDA','811438101717',3,'10-40MM','','SUN01',3,24.205,'L72403777/31','2024-08-08','Inbound',3,123,'2024-08-08 09:25:00.000000','2024-08-08 19:19:00.000000'),(155,'2024-07-11','07/06','VK01',10,'UP5820070097652','DALBAG SINGH','N/A',1,'Fines','PO/24-25/76','SUN01',0,0,'07/06-01','2024-08-08','Outbound',8,124,'2024-08-08 10:50:00.000000','2024-08-08 19:20:00.000000'),(156,'2024-08-08','2024-25/53599','VK01',0,'OD1420180245125','BHIMA SINGH','894138274464',3,'10-40MM','','SUN01',3,28.63,'L72403777/42','2024-08-08','Inbound',3,125,'2024-08-08 17:07:00.000000','2024-08-08 19:20:00.000000'),(157,'2024-08-08','2024-25/53635','VK01',0,'OD1420170243576','ASAB MUNDA','821438363729',3,'10-40MM','','SUN01',3,28.55,'L72403777/44','2024-08-08','Inbound',3,28,'2024-08-08 17:11:00.000000','2024-08-08 19:20:00.000000'),(158,'2024-08-08','2024-25/53642','VK01',0,'JH1020100178782','SIKANDAR ANSARI','841438397993',3,'10-40MM','','SUN01',3,28.855,'L72403777/43','2024-08-08','Inbound',3,126,'2024-08-08 18:55:00.000000','2024-08-08 19:25:00.000000'),(159,'2024-08-08','2024-25/53686','VK01',0,'OR1420100146417','SUDAMA SINGH','8314 3841 6985',3,'10-40MM','','SUN01',3,11.71,'72403777/45','2024-08-08','Inbound',3,99,'2024-08-08 20:15:00.000000','2024-08-08 21:03:00.000000'),(160,'2024-08-08','2024-25/53729','VK01',0,'OD1420220004536','ABHISHEK KUMAR HEMBRAM','8314 3841 7777',3,'10-40MM','','SUN01',3,32.095,'L72403777/46','2024-08-08','Inbound',3,115,'2024-08-08 22:40:00.000000','2024-08-08 23:21:00.000000'),(161,'2024-08-08','2024-25/53742','VK01',0,'OD1420150011299','BASANT BADAIK','8214 3814 8582',3,'10-40MM','','SUN01',3,32.13,'L72403777/47','2024-08-08','Inbound',3,114,'2024-08-08 23:23:00.000000','2024-08-08 23:47:00.000000'),(162,'2024-08-08','2024-25/53782','VK01',0,'OR0419841000664','NARENDRA KUMAR NAYAK','8314 3845 9922',3,'10-40MM','','SUN01',3,11.74,'L72403777/49','2024-08-09','Inbound',3,127,'2024-08-09 07:06:00.000000','2024-08-10 06:29:00.000000'),(163,'2024-08-08','2024-25/53','VK01',0,'MN08 20150008799','SHUKARDI SK','871438459177',3,'10-40MM','','SUN01',3,12.11,'L72403777/48','2024-08-09','Inbound',3,72,'2024-08-09 07:11:00.000000','2024-08-10 06:28:00.000000'),(164,'2024-07-30','07/13','VK01',4,'UK0420170188332','SHYAM VERMA','N/A',1,'Lumps','U224Y-00146/00147','SUN01',0,0,'07/13-02','2024-08-09','Outbound',9,70,'2024-08-09 10:34:00.000000','2024-08-10 06:29:00.000000'),(165,NULL,'2024/2553819','VK01',0,'OD1420220001158','BASANT SINGH','801438480613',3,'10-40MM','','SUN01',3,28.125,'L72403777/50','2024-08-09','Inbound',3,128,'2024-08-09 14:37:00.000000','2024-08-10 06:28:00.000000'),(166,'2024-08-09','2024-25/53833','VK01',0,'OR2820100001439','TARANISEN NAIK','871438487251',3,'10-40MM','','SUN01',3,32.32,'L72403777/51','2024-08-09','Inbound',3,45,'2024-08-09 11:53:00.000000','2024-08-10 06:28:00.000000'),(167,'2024-08-09','2024-25/53857','VK01',0,'OD1420220004436','JADU MUNDARI','861438508364',3,'10-40MM','','SUN01',3,23.74,'L72403777/52','2024-08-09','Inbound',3,129,'2024-08-09 12:21:00.000000','2024-08-10 06:27:00.000000'),(168,'2024-07-30','07/13','VK01',4,'UP2220040005880','SUNDEEP SINGH','N/A',1,'Fines','U224Y-00146/00147','SUN01',0,0,'07/13-03','2024-08-09','Outbound',9,130,'2024-08-09 13:24:00.000000','2024-08-09 19:30:00.000000'),(169,'2024-08-09','2024-25/53949','VK01',0,'OD1420160229892','JALSEN MUNDA','821438589581',3,'10-40MM','','SUN01',3,23.13,'L72403777/55','2024-08-09','Inbound',3,90,'2024-08-09 14:35:00.000000','2024-08-10 06:27:00.000000'),(170,'2024-08-09','2024-25/53895','VK01',0,'BR2420020041341','NAGENDRA SINGH','861438609414',3,'10-40MM','','SUN01',3,11.475,'L72403777/53','2024-08-09','Inbound',3,43,'2024-08-09 14:42:00.000000','2024-08-10 06:27:00.000000'),(171,'2024-08-09','2024-25/53996','VK01',0,'OR1420100138005','SUNA KISAN','871438637645',3,'10-40MM','','SUN01',3,28.68,'L72403777/56','2024-08-09','Inbound',3,47,'2024-08-09 15:03:00.000000','2024-08-10 06:26:00.000000'),(172,'2024-08-09','2024-25/53951','VK01',0,'OD1420140212980','DEEPAK KUMAR MAHALI','861438618548',3,'10-40MM','','SUN01',3,22.835,'L72403777/54','2024-08-09','Inbound',3,131,'2024-08-09 15:09:00.000000','2024-08-10 06:26:00.000000'),(173,'2024-08-09','2024-25/53997','VK01',0,'OD1420140092952','LUKASH MUNDA','811438638893',3,'10-40MM','','SUN01',3,23.33,'L72403777/58','2024-08-09','Inbound',3,29,'2024-08-09 15:14:00.000000','2024-08-10 06:26:00.000000'),(174,'2024-08-09','2024-25/54001','VK01',0,'OD1420210009870','AJAY MUNDA','851438641707',3,'10-40MM','','SUN01',3,23.42,'L72403777/59','2024-08-09','Inbound',3,132,'2024-08-09 15:20:00.000000','2024-08-10 06:25:00.000000'),(175,'2024-08-09','2024-25/53990','VK01',0,'JH1019970025820','RATAN LAL HANSDA','801438640530',3,'10-40MM','','SUN01',3,28.425,'L72403777/57','2024-08-09','Inbound',3,133,'2024-08-09 15:33:00.000000','2024-08-10 06:25:00.000000'),(176,'2024-08-09','2024-25/54008','VK01',0,'OR1420080015296','KALICHARAN GOUD','881438654465',3,'10-40MM','','SUN01',3,11.505,'L72403777/60','2024-08-09','Inbound',3,134,'2024-08-09 17:19:00.000000','2024-08-10 06:25:00.000000'),(177,'2024-08-09','2024-25/54043','VK01',0,'OD1420130192524','NAKUL TIRKY','881438671943',3,'10-40MM','','SUN01',3,28.3,'L72403777/61','2024-08-09','Inbound',3,135,'2024-08-09 17:30:00.000000','2024-08-10 06:24:00.000000'),(178,'2024-08-09','2024-25/54107','VK01',0,'OR1420120167490','RABINDRIA SING','811438737819',3,'10-40MM','','SUN01',3,11.625,'L72403777/63','2024-08-09','Inbound',3,44,'2024-08-09 19:08:00.000000','2024-08-09 19:37:00.000000'),(179,'2024-08-09','2024-25/54134','VK01',0,'JH1920140002561','DEVAN RAVIDAS','8214 3879 4932',3,'10-40MM','','SUN01',3,23.34,'L72403777/64','2024-08-09','Inbound',3,136,'2024-08-09 21:04:00.000000','2024-08-09 21:19:00.000000'),(180,'2024-08-10','2024-25/54111','VK01',0,'OR1420080015742','MANOHAR MUNDA','861438736064',3,'10-40MM','','SUN01',3,23.6,'L72403777/62','2024-08-10','Inbound',3,52,'2024-08-10 08:22:00.000000','2024-08-10 20:38:00.000000'),(181,'2024-08-10','2024-25/54224','VK01',0,'OD1420150215439','MD IBRAR','861438834566',3,'10-40MM','','SUN01',3,23.315,'L72403777/65','2024-08-10','Inbound',3,137,'2024-08-10 14:38:00.000000','2024-08-10 20:38:00.000000'),(182,'2024-08-10','2024-25/54313','VK01',0,'OD1420160229892','JALSEN MUNDA','881438946119',3,'10-40MM','','SUN01',3,23.14,'L72403777/66','2024-08-10','Inbound',3,90,'2024-08-10 17:10:00.000000','2024-08-10 20:37:00.000000'),(183,'2024-08-10','2024-25/54458','VK01',0,'MN0820150008799','SHUKARDI SK','8214 3908 6937',3,'10-40MM','','SUN01',3,12.125,'L72403777/68','2024-08-10','Inbound',3,72,'2024-08-10 20:03:00.000000','2024-08-10 20:37:00.000000'),(184,'2024-08-10','2024-25/54465','VK01',0,'OR1420090024026','BINAY RAY','8914 3910 3787',3,'10-40MM','','SUN01',3,11.705,'L72403777/69','2024-08-10','Inbound',3,46,'2024-08-10 20:42:00.000000','2024-08-10 22:43:00.000000'),(185,'2024-08-10','2024-25/54471','VK01',0,'OR1420110157189','RAMCHANDRA MAHANTA','8414 3910 4644',3,'10-40MM','','SUN01',3,23.825,'L72403777/70','2024-08-10','Inbound',3,138,'2024-08-10 20:45:00.000000','2024-08-10 22:40:00.000000'),(186,'2024-08-10','2024-25/54494','VK01',0,'OD1420140092952','LUKASH MUNDA','8214 3912 3458',3,'10-40MM','','SUN01',3,23.31,'L72403777/73','2024-08-10','Inbound',3,29,'2024-08-10 21:31:00.000000','2024-08-10 22:42:00.000000'),(187,'2024-08-10','2024-25/54499','VK01',0,'JH0420070004297','MR BIRBAL PRAJAPATI','8914 3912 1198',3,'10-40MM','','SUN01',3,28.64,'L72403777/76','2024-08-10','Inbound',3,139,'2024-08-10 22:29:00.000000','2024-08-10 22:53:00.000000'),(188,'2024-08-10','2024-25/54476','VK01',0,'OR041988002808','PABITRA KUMAR BHOI','8114 3911 3737',3,'10-40MM','','SUN01',3,28.22,'L72403777/71','2024-08-10','Inbound',3,108,'2024-08-10 22:32:00.000000','2024-08-10 23:03:00.000000'),(189,'2024-08-10','2024-25/54486','VK01',0,'OR0419840006643','NARENDRA KUMAR NAYAK','8814 3912 0741',3,'10-40MM','','SUN01',3,11.77,'L72403777/72','2024-08-11','Inbound',3,62,'2024-08-11 00:34:00.000000','2024-08-11 00:56:00.000000'),(190,'2024-08-10','2024-25/54504','VK01',0,'MN08 20150008799','SHUKARDI SK','8014 3912  3890',3,'10-40MM','','SUN01',3,11.55,'L72403777/75','2024-08-11','Inbound',3,43,'2024-08-11 05:19:00.000000','2024-08-11 05:40:00.000000'),(191,'2024-08-10','2024-25/54433','VK01',0,'OD1420220028463','SRITAM MUNDA','8714 3907 5505',3,'10-40MM','','SUN01',3,23.105,'L72403777/67','2024-08-11','Inbound',3,140,'2024-08-11 06:33:00.000000','2024-08-11 07:01:00.000000'),(192,'2024-08-10','2024-25/54493','VK01',0,'WB4120070298404','HABIBULLA  ANSARI','',3,'10-40MM','','SUN01',3,0,'L72403777/74','2024-08-11','Inbound',3,55,'2024-08-11 07:08:00.000000','2024-08-11 07:24:00.000000'),(193,'2024-08-10','2024-25/54523','VK01',0,'OR1420120167490','RABINDRA SINGH','8914 3912 4535',3,'10-40MM','','SUN01',3,11.6,'L72403777/78','2024-08-11','Inbound',3,44,'2024-08-11 07:16:00.000000','2024-08-11 08:02:00.000000'),(194,'2024-08-10','2024-25/54507','VK01',0,'OR1420070005354','BALI PASWAN','8914 3912 4209',3,'10-40MM','','SUN01',3,23.92,'L72403777/77','2024-08-11','Inbound',3,141,'2024-08-11 12:29:00.000000','2024-08-11 12:57:00.000000'),(195,'2024-08-11','2024-25/54556','VK01',0,'WB0120040809310','MD AMJAD ALI','881439135097',3,'10-40MM','','SUN01',3,11.62,'l72403777/79','2024-08-11','Inbound',3,73,'2024-08-11 21:45:00.000000','2024-08-12 09:12:00.000000'),(196,'2024-07-30','07/13','VK01',4,'UP2520180022557','ANISH AHMAD','N/A',1,'Fines','U224Y-00146/00147','SUN01',0,0,'07/13-04','2024-08-12','Outbound',9,142,'2024-08-12 10:32:00.000000','2024-08-13 07:35:00.000000'),(197,'2024-06-11','06/01(A)','VK01',7,'CG1220190007894','JAYPRAKASH KUMAR','N/A',3,'NA','ZVPL/PO/24-25/001','SUN01',0,0,'06/01(A)-03','2024-08-12','Outbound',10,144,'2024-08-12 10:38:00.000000','2024-08-12 17:47:00.000000'),(198,'2024-08-09','08/01','VK01',11,'BR2820230004097','RAFIK KHAN','N/A',1,'Lumps','STL/PO/068/24-25','SUN01',0,0,'08/01-01','2024-08-12','Outbound',12,145,'2024-08-12 10:46:00.000000','2024-08-13 07:34:00.000000'),(199,'2024-08-09','08/01','VK01',11,'UP5320120033617','GUDDU KUMAR JAISWAL','N/A',1,'Lumps','STL/PO/068/24-25','SUN01',0,0,'08/01-02','2024-08-12','Outbound',12,146,'2024-08-12 10:53:00.000000','2024-08-13 07:33:00.000000'),(200,'2024-07-10','07/03','VK01',5,'UP2620220001386','SUNIL KUMAR','N/A',1,'Lumps','KVS/2024-25/126','SUN01',0,0,'07/03-06','2024-08-12','Outbound',9,143,'2024-08-12 11:04:00.000000','2024-08-13 07:34:00.000000'),(201,'2024-07-10','07/03','VK01',5,'UP2520090024825','SALEEM AHMAD','N/A',1,'Fines','KVS/2024-25/126','SUN01',0,0,'07/03-07','2024-08-12','Outbound',9,147,'2024-08-12 11:20:00.000000','2024-08-13 07:34:00.000000'),(202,'2024-07-02','07/01','VK01',8,'UP2420140007993','SETHA PAL','N/A',1,'-1mm','CPIL/24-25/011','SUN01',0,0,'07/01-03','2024-08-12','Outbound',8,148,'2024-08-12 11:24:00.000000','2024-08-13 07:33:00.000000'),(203,'2024-08-11','2024-25/54618','VK01',0,'OR1420020053657','PREM NARAYAN TIWARI','8214 3918 4299',3,'10-40MM','','SUN01',3,24.105,'L82400988/2','2024-08-12','Inbound',3,149,'2024-08-12 12:01:00.000000','2024-08-12 13:18:00.000000'),(204,'2024-08-11','2024-25/54616','VK01',0,'JH1020060138362','ANIL KUMAR','8114 3918 4410',3,'10-40MM','','SUN01',3,23.74,'L82400988/3','2024-08-12','Inbound',3,150,'2024-08-12 13:17:00.000000','2024-08-12 14:25:00.000000'),(205,'2024-08-11','2024-25/54617','VK01',0,'JH0820020005379','KAMAL THAPA','8414 3918 4042',3,'10-40MM','','SUN01',3,23.855,'L82400988/1','2024-08-12','Inbound',3,151,'2024-08-12 15:15:00.000000','2024-08-12 15:51:00.000000'),(206,'2024-08-12','2024-25/54645','VK01',0,'OR1420120173393','SUDHIR GUDIA','8414 3939 0371',3,'10-40MM','','SUN01',3,26.87,'L72403777/80','2024-08-12','Inbound',3,152,'2024-08-12 15:24:00.000000','2024-08-12 15:51:00.000000'),(207,'2024-08-12','2024-25/54654','VK01',0,'OR1420100146417','SUDAMA SINGH','8214 3939 1279',3,'10-40MM','','SUN01',3,11.765,'L72403777/81','2024-08-12','Inbound',3,99,'2024-08-12 15:56:00.000000','2024-08-12 16:10:00.000000'),(208,'2024-08-12','2024-25/54667','VK01',0,'OR1420120166415','SUSHIL HASDA','8114 3939 2451',3,'10-40MM','','SUN01',3,32.245,'L72403777/82','2024-08-12','Inbound',3,153,'2024-08-12 17:23:00.000000','2024-08-12 18:01:00.000000'),(209,'2024-08-12','2024-25/54683','VK01',0,'MN08 20150008799','SHUKARDI SK','8914 3939 3081',3,'10-40MM','','SUN01',3,12.16,'L72403777/83','2024-08-12','Inbound',3,72,'2024-08-12 17:26:00.000000','2024-08-12 17:56:00.000000'),(210,'2024-08-12','2024-25/54691','VK01',0,'OR1420120167490','RABINDRA SINGH','8014 3939 3563',3,'10-40MM','','SUN01',3,11.645,'L72403777/84','2024-08-12','Inbound',3,44,'2024-08-12 17:34:00.000000','2024-08-12 17:58:00.000000'),(211,'2024-08-12','2024-25/54702','VK01',0,'WB0120040909331','MD TAMJID','8514 3939 3948',3,'10-40MM','','SUN01',3,32.16,'L72403777/85','2024-08-12','Inbound',3,3,'2024-08-12 17:39:00.000000','2024-08-12 18:02:00.000000'),(212,'2024-08-12','2024-25/54717','VK01',0,'OD1420160229892','JALSEN MUNDA','831439396053',3,'10-40MM','','SUN01',3,23.245,'L82400988/5','2024-08-12','Inbound',3,90,'2024-08-12 19:13:00.000000','2024-08-13 07:31:00.000000'),(213,'2024-08-12','2024-25/54696','VK01',0,'OR1420040175366','JOGENDRA NAYAK','851439395746',3,'10-40MM','','SUN01',3,32.36,'L82400988/4','2024-08-12','Inbound',3,154,'2024-08-12 21:03:00.000000','2024-08-13 07:31:00.000000'),(214,'2024-08-13','2024-25/54778','VK01',0,'JH1020020198482','RAJ KUMAR MANDAL','811439535973',3,'10-40MM','','SUN01',3,28.16,'L82400988/7','2024-08-13','Inbound',3,155,'2024-08-13 00:51:00.000000','2024-08-13 07:32:00.000000'),(215,'2024-08-13','2024-25/54781','VK01',0,'OD1420200005960','SUSANT ORAM','821439537211',3,'10-40MM','','SUN01',3,32.205,'L82400988/9','2024-08-13','Inbound',3,156,'2024-08-13 00:56:00.000000','2024-08-13 07:32:00.000000'),(216,NULL,'2024-25/54779','VK01',0,'AR0520200012175','MDABBAS KHAN','811439536525',3,'10-40MM','','SUN01',3,28.385,'L82400988/8','2024-08-13','Inbound',3,157,'2024-08-13 02:01:00.000000','2024-08-13 07:32:00.000000'),(217,'2024-08-13','2024-25/54755','VK01',0,'OR1420090024026','BILSAN MUNDA','861439463468',3,'10-40MM','','SUN01',3,23.565,'L82400988/6','2024-08-13','Inbound',3,49,'2024-08-13 06:52:00.000000','2024-08-13 09:21:00.000000'),(218,'2024-08-12','2024-25/54821','VK01',0,'OR1420080014271','SUNIL LAKRA','8914 3956 8449',3,'10-40MM','','SUN01',3,32.165,'L82400988/12','2024-08-13','Inbound',3,158,'2024-08-13 09:16:00.000000','2024-08-13 09:34:00.000000'),(219,'2024-08-12','2024-25/54812','VK01',0,'OR1420110159502','ALAXIUS MUNDA','8114 3956 0681',3,'10-40MM','','SUN01',3,29.3,'L82400988/11','2024-08-13','Inbound',3,64,'2024-08-13 09:20:00.000000','2024-08-13 10:46:00.000000'),(220,'2024-07-30','07/13','VK01',4,'UP2520090004220','JAGTAR SINGH','N/A',1,'Fines','U224Y-00146/00147','SUN01',0,0,'07/13-05','2024-08-13','Outbound',9,159,'2024-08-13 11:17:00.000000','2024-08-14 10:42:00.000000'),(221,'2024-07-10','07/03','VK01',5,'UP2520100011187','SHAMRAN ALIKHAN','N/A',1,'Lumps','KVS/2024-25/126','SUN01',0,0,'07/03-08','2024-08-13','Outbound',9,160,'2024-08-13 11:24:00.000000','2024-08-14 10:41:00.000000'),(222,'2024-08-12','2024-25/54822','VK01',0,'OR1420120173386','AJIT KISAN','8014 3956 8624',3,'10-40MM','','SUN01',3,28.835,'L82400988/13','2024-08-13','Inbound',3,161,'2024-08-13 11:40:00.000000','2024-08-13 12:09:00.000000'),(223,'2024-08-12','2024-25/54835','VK01',0,'OD1420170243576','ASAB MUNDA','8714 3962 8370',3,'10-40MM','','SUN01',3,28.575,'L82400988/14','2024-08-13','Inbound',3,28,'2024-08-13 12:49:00.000000','2024-08-13 13:08:00.000000'),(224,'2024-08-12','2024-25/54836','VK01',0,'OD1420140092952','LUKASH MUNDA','8414 3963 0970',3,'10-40MM','','SUN01',3,23.46,'L82400988/15','2024-08-13','Inbound',3,29,'2024-08-13 12:54:00.000000','2024-08-13 14:20:00.000000'),(225,'2024-08-12','2024-25/54807','VK01',0,'OD142015025439','MD IBRAR','8114 3956 0467',3,'10-40MM','','SUN01',3,23.245,'L82400988/10','2024-08-13','Inbound',3,137,'2024-08-13 14:29:00.000000','2024-08-13 14:50:00.000000'),(226,'2024-08-13','2024-25/54882','VK01',0,'MN08 20150008799','SHUKARDI SK','8714 3971 8668',3,'10-40MM','','SUN01',3,12.175,'L82400988/16','2024-08-13','Inbound',3,72,'2024-08-13 16:29:00.000000','2024-08-13 17:30:00.000000'),(227,'2024-08-13','2024-25/54902','VK01',0,'OR1420110153568','BANA GURIA','8614 3974 9157',3,'10-40MM','','SUN01',3,32.075,'L82400988/17','2024-08-13','Inbound',3,122,'2024-08-13 17:36:00.000000','2024-08-14 10:44:00.000000'),(228,'2024-08-13','2024-25/54904','VK01',0,'JH0420070000704','MD AFZAL ANSARI','821439749986',3,'10-40MM','','SUN01',3,28.625,'L82400988/18','2024-08-13','Inbound',3,162,'2024-08-13 20:22:00.000000','2024-08-14 10:43:00.000000'),(229,'2024-08-13','2024-25/54907','VK01',0,'AR0620190061622','IMRAN ANSARI','831439750668',3,'10-40MM','','SUN01',3,28.435,'L82400988/19','2024-08-13','Inbound',3,163,'2024-08-13 20:28:00.000000','2024-08-14 10:43:00.000000'),(230,'2024-08-13','2024-25/54936','VK01',0,'BR2420020041341','NAGENDRA SINGH','871439751340',3,'10-40MM','','SUN01',3,11.525,'L82400988/20','2024-08-13','Inbound',3,43,'2024-08-13 22:19:00.000000','2024-08-14 10:43:00.000000'),(231,NULL,'2024-25/54937','VK01',0,'OR0419840006643','NARENDRA KUMAR NAYAK','881439827772',3,'10-40MM','','SUN01',3,11.8,'L72403777/86','2024-08-13','Inbound',3,62,'2024-08-13 23:21:00.000000','2024-08-14 10:42:00.000000'),(232,'2024-08-13','2024-25/55050','VK01',0,'OR1420040098444','BISHRAM TOPNO','881439875289',3,'10-40MM','','SUN01',3,11.735,'L82400988/28','2024-08-13','Inbound',3,40,'2024-08-13 23:18:00.000000','2024-08-14 10:42:00.000000'),(233,'2024-07-19','07/12','VK01',5,'up3420210008630','LALTA PRASHAD','N/A',1,'Lumps','KVS/2024-25/158','SUN01',0,0,'07/12-01','2024-08-14','Outbound',9,164,'2024-08-14 11:32:00.000000','2024-08-15 10:00:00.000000'),(234,'2024-07-19','07/12','VK01',5,'UP2220180008228','MANMOHAN SINGH','N/A',1,'Fines','KVS/2024-25/158','SUN01',0,0,'07/12-02','2024-08-14','Outbound',9,165,'2024-08-14 11:59:00.000000','2024-08-15 09:56:00.000000'),(235,'2024-07-19','07/12','VK01',5,'UP2220010019115','RANJEET SINGH','N/A',1,'Fines','KVS/2024-25/158','SUN01',0,0,'07/12-03','2024-08-14','Outbound',9,166,'2024-08-14 13:00:00.000000','2024-08-14 19:07:00.000000'),(236,'2024-07-02','07/01','VK01',8,'UP3120030000189','BALVINDER SINGH','N/A',1,'-1mm','CPIL/24-25/011','SUN01',0,0,'07/01-04','2024-08-14','Outbound',8,167,'2024-08-14 16:18:00.000000','2024-08-15 09:56:00.000000'),(237,NULL,'2024-25/55139','VK01',0,'OR1420000057485','NARESH KUMAR MAHATO','8014 4012 5830',3,'10-40MM','','SUN01',3,23.955,'L82400988/45','2024-08-17','Inbound',3,168,'2024-08-17 05:39:00.000000',NULL),(238,'2024-07-13','07/08','VK01',4,'','','N/A',1,'Lumps','U224Y-00129/00130','SUN01',0,0,'07/08-03','2024-08-14','Outbound',9,51,'2024-08-14 18:40:00.000000',NULL),(239,'2024-08-14','2024-25/55128','VK01',0,'OR1420080014271','SUNIL LAKRA','8614 4012 8473',3,'10-40MM','','SUN01',3,32.115,'L82400988/46','2024-08-14','Inbound',3,158,'2024-08-14 18:53:00.000000','2024-08-15 09:55:00.000000'),(240,'2024-08-15','2024-25/55186','VK01',0,'OR1420120173386','AJIT KISAN','891440194246',3,'10-40MM','','SUN01',3,28.79,'L82400988/47','2024-08-15','Inbound',3,161,'2024-08-15 07:46:00.000000','2024-08-15 09:55:00.000000'),(241,'2024-08-15','2024-25/55258','VK01',0,'MN08 20150008799','SHUKARDI SK','851440196055',3,'10-40MM','','SUN01',3,12.15,'L82400988/50','2024-08-15','Inbound',3,72,'2024-08-15 07:50:00.000000','2024-08-15 09:55:00.000000'),(242,'2024-08-15','2024-25/55263','VK01',0,'OD1420190004967','ANIL BODRA','811440222428',3,'10-40MM','','SUN01',3,23.075,'L82400988/52','2024-08-15','Inbound',3,65,'2024-08-15 07:53:00.000000','2024-08-15 09:55:00.000000'),(243,'2024-08-14','2024-25/55262','VK01',0,'OR1420080015296','KALICHARAN GOUD','8714 419 4873',3,'10-40MM','','SUN01',3,11.53,'L82400988/48','2024-08-15','Inbound',3,134,'2024-08-15 09:59:00.000000','2024-08-15 10:22:00.000000'),(244,'2024-08-14','2024-25/55309','VK01',0,'OR1420000050074','BUTURU KISAN','8614 4027 3025',3,'10-40MM','','SUN01',3,23.425,'L82400988/55','2024-08-15','Inbound',3,173,'2024-08-15 10:03:00.000000','2024-08-15 12:18:00.000000'),(245,'2024-08-14','2024-25/55285','VK01',0,'OD1420170037248','BIKASH LOHAR','8414 4027 3102',3,'10-40MM','','SUN01',3,32.17,'L82400988/53','2024-08-15','Inbound',3,174,'2024-08-15 10:08:00.000000','2024-08-15 12:18:00.000000'),(246,'2024-08-14','2024-25/55228','VK01',0,'OD1420170000785','SAROJ KUMAR AIK','8414 4019 5640',3,'10-40MM','','SUN01',3,0,'L82400988/49','2024-08-15','Inbound',3,175,'2024-08-15 10:12:00.000000','2024-08-15 10:58:00.000000'),(247,'2024-07-02','07/01','VK01',8,'UP8120050014896','JAMSED ALI','N/A',1,'-1mm','CPIL/24-25/011','SUN01',0,0,'07/01-05','2024-08-15','Outbound',8,169,'2024-08-15 10:18:00.000000','2024-08-16 21:09:00.000000'),(248,'2024-08-09','08/01','VK01',11,'UP5320070017477','SANTOSH KUMAR PANDEY','N/A',1,'Lumps','STL/PO/068/24-25','SUN01',0,0,'08/01-03','2024-08-15','Outbound',12,172,'2024-08-15 10:44:00.000000','2024-08-16 21:10:00.000000'),(249,'2024-07-03','07/02','VK01',3,'UP3220140004889','AMIT KUMAR VARMA','N/A',1,'Lumps','PO/02/2024-25','SUN01',0,0,'07/02-01','2024-08-15','Outbound',8,170,'2024-08-15 10:48:00.000000','2024-08-16 21:11:00.000000'),(250,'2024-07-03','07/02','VK01',3,'UP6120120000665','SUNIL KUMAR','N/A',1,'Fines','PO/02/2024-25','SUN01',0,0,'07/02-02','2024-08-15','Outbound',8,171,'2024-08-15 10:51:00.000000','2024-08-16 21:11:00.000000'),(251,'2024-08-14','2024-25/55286','VK01',0,'OD1420220004436','JADU MUNDARI','8614 4027 3228',3,'10-40MM','','SUN01',3,23.74,'L8240088/54','2024-08-15','Inbound',3,129,'2024-08-15 11:11:00.000000','2024-08-15 12:17:00.000000'),(252,'2024-07-30','07/13','VK01',4,'UP2520190007923','NYAJ AHAMAD KHAN','N/A',1,'Fines','U224Y-00146/00147','SUN01',0,0,'07/13-06','2024-08-15','Outbound',9,75,'2024-08-15 11:28:00.000000','2024-08-16 21:12:00.000000'),(253,'2024-07-13','07/08','VK01',4,'','','N/A',1,'Lumps','U224Y-00129/00130','SUN01',0,0,'07/08-02','2024-08-15','Outbound',9,51,'2024-08-15 11:45:00.000000',NULL),(254,'2024-07-19','07/12','VK01',5,'UP2220090007239','SURESH KUMAR','N/A',1,'Fines','KVS/2024-25/158','SUN01',0,0,'07/12-04','2024-08-15','Outbound',9,177,'2024-08-15 12:21:00.000000','2024-08-16 21:08:00.000000'),(255,'2024-07-30','07/13','VK01',4,'UK0619980011415','HARBANSH SINGH','N/A',1,'Lumps','U224Y-00146/00147','SUN01',0,0,'07/13-07','2024-08-15','Outbound',9,176,'2024-08-15 12:31:00.000000','2024-08-16 21:08:00.000000'),(256,'2024-08-14','2024-25/55360','VK01',0,'JH0420070000704','MD AFZAL ANSARI','8314 4021 5453',3,'10-40MM','','SUN01',3,28.605,'L82400988/51','2024-08-15','Inbound',3,162,'2024-08-15 17:18:00.000000','2024-08-16 19:32:00.000000'),(257,'2024-08-09','08/01','VK01',11,'UP5320070005883','VIJAY PRATAP','N/A',1,'Lumps','STL/PO/068/24-25','SUN01',0,0,'08/01-04','2024-08-16','Outbound',12,178,'2024-08-16 12:29:00.000000','2024-08-17 08:47:00.000000'),(258,'2024-08-09','08/01','VK01',11,'UP5620120001942','DILIP','N/A',1,'Lumps','STL/PO/068/24-25','SUN01',0,0,'08/01-05','2024-08-16','Outbound',12,179,'2024-08-16 12:31:00.000000','2024-08-16 22:38:00.000000'),(259,'2024-07-30','07/13','VK01',4,'UP3120021384352','JASVINDER SING','N/A',1,'Lumps','U224Y-00146/00147','SUN01',0,0,'07/13-08','2024-08-16','Outbound',9,181,'2024-08-16 14:43:00.000000','2024-08-17 06:33:00.000000'),(260,'2024-08-11','08/04','VK01',12,'UP6220070007734','UPENDER KUMAR','N/A',1,'Fines','NIL','SUN01',0,0,'08/04-01','2024-08-16','Outbound',9,180,'2024-08-16 14:50:00.000000','2024-08-17 06:33:00.000000'),(261,'2024-08-17','2024-25/55460','VK01',0,'MN0320150002260','MD IMARAN','8714 4072 4894',3,'10-40MM','','SUN01',3,28.83,'L82400988/56','2024-08-17','Inbound',3,84,'2024-08-17 10:37:00.000000','2024-08-17 12:08:00.000000'),(262,'2024-08-11','08/04','VK01',12,'UP3120060016106','GUDDU','N/A',1,'Lumps','NIL','SUN01',0,0,'08/04-02','2024-08-17','Outbound',9,182,'2024-08-17 10:43:00.000000',NULL),(263,'2024-07-30','07/13','VK01',4,'UP2520050015960','SHAHID HUSSAIN ','N/A',1,'Lumps','U224Y-00146/00147','SUN01',0,0,'07/13-10','2024-08-17','Outbound',9,184,'2024-08-17 11:26:00.000000',NULL),(264,'2024-07-30','07/13','VK01',4,'UP2520070019430','SALEEM BEG','N/A',1,'Lumps','U224Y-00146/00147','SUN01',0,0,'07/13-09','2024-08-17','Outbound',9,183,'2024-08-17 11:29:00.000000',NULL),(265,'2024-08-10','08/03','VK01',4,'UP2520090004599','ZAHID HUSSAIN','N/A',1,'Lumps','U224Y-00156','SUN01',0,0,'08/03-01','2024-08-17','Outbound',9,97,'2024-08-17 11:35:00.000000',NULL),(266,'2024-08-17','01','VK01',0,'BR2620010000313','RAKESH KUMAR PANDEY','8914 4068 9953',1,'ROM -100MM','','SUN01',5,37.29,'L72405838/1','2024-08-17','Inbound',7,185,'2024-08-17 12:03:00.000000','2024-08-17 12:35:00.000000'),(267,'2024-08-17','02','VK01',0,'JH1019980195744','SUVAUL KHAN','8314 4069 0113',1,'ROM -100MM','','SUN01',5,36.83,'L72405838/2','2024-08-17','Inbound',7,186,'2024-08-17 12:06:00.000000','2024-08-17 12:36:00.000000');
/*!40000 ALTER TABLE `gate_entry_transaction` ENABLE KEYS */;
UNLOCK TABLES;

--
-- Table structure for table `material_master`
--

DROP TABLE IF EXISTS `material_master`;
/*!40101 SET @saved_cs_client     = @@character_set_client */;
/*!50503 SET character_set_client = utf8mb4 */;
CREATE TABLE `material_master` (
  `material_id` bigint NOT NULL AUTO_INCREMENT,
  `material_created_by` varchar(255) DEFAULT NULL,
  `material_created_date` datetime(6) DEFAULT NULL,
  `material_modified_by` varchar(255) DEFAULT NULL,
  `material_modified_date` datetime(6) DEFAULT NULL,
  `material_name` varchar(255) NOT NULL,
  `material_status` varchar(255) DEFAULT NULL,
  PRIMARY KEY (`material_id`)
) ENGINE=InnoDB AUTO_INCREMENT=4 DEFAULT CHARSET=utf8mb4 COLLATE=utf8mb4_0900_ai_ci;
/*!40101 SET character_set_client = @saved_cs_client */;

--
-- Dumping data for table `material_master`
--

LOCK TABLES `material_master` WRITE;
/*!40000 ALTER TABLE `material_master` DISABLE KEYS */;
INSERT INTO `material_master` VALUES (1,'admin','2024-06-18 12:50:33.657937','admin','2024-06-18 12:50:33.657937','Coal','ACTIVE'),(2,'admin','2024-06-18 12:57:00.519733','admin','2024-06-18 12:57:00.519733','Dolomite','ACTIVE'),(3,'admin','2024-06-18 12:57:50.350240','admin','2024-06-18 12:57:50.350240','Iron Ore','ACTIVE');
/*!40000 ALTER TABLE `material_master` ENABLE KEYS */;
UNLOCK TABLES;

--
-- Table structure for table `material_type_master`
--

DROP TABLE IF EXISTS `material_type_master`;
/*!40101 SET @saved_cs_client     = @@character_set_client */;
/*!50503 SET character_set_client = utf8mb4 */;
CREATE TABLE `material_type_master` (
  `material_type_id` bigint NOT NULL AUTO_INCREMENT,
  `material_type_name` varchar(255) DEFAULT NULL,
  `material_id` bigint DEFAULT NULL,
  PRIMARY KEY (`material_type_id`),
  KEY `FKq3jma0e1kv65q73mfyubjjq7s` (`material_id`),
  CONSTRAINT `FKq3jma0e1kv65q73mfyubjjq7s` FOREIGN KEY (`material_id`) REFERENCES `material_master` (`material_id`)
) ENGINE=InnoDB AUTO_INCREMENT=7 DEFAULT CHARSET=utf8mb4 COLLATE=utf8mb4_0900_ai_ci;
/*!40101 SET character_set_client = @saved_cs_client */;

--
-- Dumping data for table `material_type_master`
--

LOCK TABLES `material_type_master` WRITE;
/*!40000 ALTER TABLE `material_type_master` DISABLE KEYS */;
INSERT INTO `material_type_master` VALUES (1,'ROM -100MM',1),(4,'10-40MM',3),(5,'10 40',3),(6,'30-30',2);
/*!40000 ALTER TABLE `material_type_master` ENABLE KEYS */;
UNLOCK TABLES;

--
-- Table structure for table `meter_data`
--

DROP TABLE IF EXISTS `meter_data`;
/*!40101 SET @saved_cs_client     = @@character_set_client */;
/*!50503 SET character_set_client = utf8mb4 */;
CREATE TABLE `meter_data` (
  `id` int NOT NULL,
  `timestamp` datetime(6) DEFAULT NULL,
  `weight` varchar(255) DEFAULT NULL,
  PRIMARY KEY (`id`)
) ENGINE=InnoDB DEFAULT CHARSET=utf8mb4 COLLATE=utf8mb4_0900_ai_ci;
/*!40101 SET character_set_client = @saved_cs_client */;

--
-- Dumping data for table `meter_data`
--

LOCK TABLES `meter_data` WRITE;
/*!40000 ALTER TABLE `meter_data` DISABLE KEYS */;
INSERT INTO `meter_data` VALUES (1,'2024-07-08 10:00:22.000000','70 kg'),(2,'2024-07-08 10:30:22.000000','110 kg');
/*!40000 ALTER TABLE `meter_data` ENABLE KEYS */;
UNLOCK TABLES;

--
-- Table structure for table `product_master`
--

DROP TABLE IF EXISTS `product_master`;
/*!40101 SET @saved_cs_client     = @@character_set_client */;
/*!50503 SET character_set_client = utf8mb4 */;
CREATE TABLE `product_master` (
  `product_id` bigint NOT NULL AUTO_INCREMENT,
  `product_created_by` varchar(255) DEFAULT NULL,
  `product_created_date` datetime(6) DEFAULT NULL,
  `product_modified_by` varchar(255) DEFAULT NULL,
  `product_modified_date` datetime(6) DEFAULT NULL,
  `product_name` varchar(255) NOT NULL,
  `product_status` varchar(255) DEFAULT NULL,
  PRIMARY KEY (`product_id`)
) ENGINE=InnoDB AUTO_INCREMENT=4 DEFAULT CHARSET=utf8mb4 COLLATE=utf8mb4_0900_ai_ci;
/*!40101 SET character_set_client = @saved_cs_client */;

--
-- Dumping data for table `product_master`
--

LOCK TABLES `product_master` WRITE;
/*!40000 ALTER TABLE `product_master` DISABLE KEYS */;
INSERT INTO `product_master` VALUES (1,'admin','2024-06-18 12:39:17.826587','admin','2024-06-18 12:39:17.826587','Sponge Iron','ACTIVE'),(2,'admin','2024-06-18 12:41:22.547159','admin','2024-06-18 12:41:22.547159','Dolochar','ACTIVE'),(3,'admin','2024-07-26 17:15:59.187909','admin','2024-07-26 17:15:59.187909','Low Mag','ACTIVE');
/*!40000 ALTER TABLE `product_master` ENABLE KEYS */;
UNLOCK TABLES;

--
-- Table structure for table `product_type_master`
--

DROP TABLE IF EXISTS `product_type_master`;
/*!40101 SET @saved_cs_client     = @@character_set_client */;
/*!50503 SET character_set_client = utf8mb4 */;
CREATE TABLE `product_type_master` (
  `product_type_id` bigint NOT NULL AUTO_INCREMENT,
  `product_type_name` varchar(255) DEFAULT NULL,
  `product_id` bigint DEFAULT NULL,
  PRIMARY KEY (`product_type_id`),
  KEY `FKpkih3dk2xytrwy61wyln0sdp1` (`product_id`),
  CONSTRAINT `FKpkih3dk2xytrwy61wyln0sdp1` FOREIGN KEY (`product_id`) REFERENCES `product_master` (`product_id`)
) ENGINE=InnoDB AUTO_INCREMENT=6 DEFAULT CHARSET=utf8mb4 COLLATE=utf8mb4_0900_ai_ci;
/*!40101 SET character_set_client = @saved_cs_client */;

--
-- Dumping data for table `product_type_master`
--

LOCK TABLES `product_type_master` WRITE;
/*!40000 ALTER TABLE `product_type_master` DISABLE KEYS */;
INSERT INTO `product_type_master` VALUES (1,'Lumps',1),(2,'Fines',1),(3,'-1mm',1),(4,'Low-Mag',1),(5,'NA',3);
/*!40000 ALTER TABLE `product_type_master` ENABLE KEYS */;
UNLOCK TABLES;

--
-- Table structure for table `quality_range_master`
--

DROP TABLE IF EXISTS `quality_range_master`;
/*!40101 SET @saved_cs_client     = @@character_set_client */;
/*!50503 SET character_set_client = utf8mb4 */;
CREATE TABLE `quality_range_master` (
  `quality_range_id` bigint NOT NULL AUTO_INCREMENT,
  `parameter_name` varchar(255) DEFAULT NULL,
  `range_from` double DEFAULT NULL,
  `range_to` double DEFAULT NULL,
  `supplier_address` varchar(255) DEFAULT NULL,
  `supplier_name` varchar(255) DEFAULT NULL,
  `material_id` bigint DEFAULT NULL,
  `product_id` bigint DEFAULT NULL,
  PRIMARY KEY (`quality_range_id`),
  KEY `FK824dgmd2ewklugnew24ivhbyu` (`material_id`),
  KEY `FK2uiqwrexf76gnpc1hwthp3j6t` (`product_id`),
  CONSTRAINT `FK2uiqwrexf76gnpc1hwthp3j6t` FOREIGN KEY (`product_id`) REFERENCES `product_master` (`product_id`),
  CONSTRAINT `FK824dgmd2ewklugnew24ivhbyu` FOREIGN KEY (`material_id`) REFERENCES `material_master` (`material_id`)
) ENGINE=InnoDB AUTO_INCREMENT=19 DEFAULT CHARSET=utf8mb4 COLLATE=utf8mb4_0900_ai_ci;
/*!40101 SET character_set_client = @saved_cs_client */;

--
-- Dumping data for table `quality_range_master`
--

LOCK TABLES `quality_range_master` WRITE;
/*!40000 ALTER TABLE `quality_range_master` DISABLE KEYS */;
INSERT INTO `quality_range_master` VALUES (1,'Size',2,20,NULL,NULL,NULL,1),(2,'%Fe(m)',79,81,NULL,NULL,NULL,1),(3,'%Fe(t)',91.8,92.3,NULL,NULL,NULL,1),(4,'%Mtz',86.1,87.8,NULL,NULL,NULL,1),(5,'%Carbon',0,0.15,NULL,NULL,NULL,1),(6,'%Sulphur',0,0.04,NULL,NULL,NULL,1),(7,'%Non-Mag',0,1,NULL,NULL,NULL,1),(8,'Moisture%',5,6,'MCL Bhubaneswar,Talcher','MCL',1,NULL),(9,'Ash%',27,31,'MCL Bhubaneswar,Talcher','MCL',1,NULL),(10,'Vm%',26,28,'MCL Bhubaneswar,Talcher','MCL',1,NULL),(11,'Fc%',42,43,'MCL Bhubaneswar,Talcher','MCL',1,NULL),(13,'Size(mm)',10,40,'Barsuan,Kurmitar,Pahar','OMC LTD',3,NULL),(14,'Fe(t)%',62,63,'Barsuan,Kurmitar,Pahar','OMC LTD',3,NULL),(15,'Lo(i)%',3,4,'Barsuan,Kurmitar,Pahar','OMC LTD',3,NULL),(16,'Size(-3mm)%',6,9,'Barsuan,Kurmitar,Pahar','OMC LTD',3,NULL),(18,'4',3,3,'MCL Bhubaneswar,Talcher','MCL',1,NULL);
/*!40000 ALTER TABLE `quality_range_master` ENABLE KEYS */;
UNLOCK TABLES;

--
-- Table structure for table `quality_transaction`
--

DROP TABLE IF EXISTS `quality_transaction`;
/*!40101 SET @saved_cs_client     = @@character_set_client */;
/*!50503 SET character_set_client = utf8mb4 */;
CREATE TABLE `quality_transaction` (
  `id` bigint NOT NULL AUTO_INCREMENT,
  `is_quality_good` bit(1) DEFAULT NULL,
  `quality_range_id` varchar(255) DEFAULT NULL,
  `quality_values` varchar(255) DEFAULT NULL,
  `ticket_no` int DEFAULT NULL,
  PRIMARY KEY (`id`),
  UNIQUE KEY `UK_bl3hqmhjfropblelfwwavb6oh` (`ticket_no`),
  CONSTRAINT `FKa088l9xceipoy5hbr5yr5lwjn` FOREIGN KEY (`ticket_no`) REFERENCES `gate_entry_transaction` (`ticket_no`)
) ENGINE=InnoDB DEFAULT CHARSET=utf8mb4 COLLATE=utf8mb4_0900_ai_ci;
/*!40101 SET character_set_client = @saved_cs_client */;

--
-- Dumping data for table `quality_transaction`
--

LOCK TABLES `quality_transaction` WRITE;
/*!40000 ALTER TABLE `quality_transaction` DISABLE KEYS */;
/*!40000 ALTER TABLE `quality_transaction` ENABLE KEYS */;
UNLOCK TABLES;

--
-- Table structure for table `role_master`
--

DROP TABLE IF EXISTS `role_master`;
/*!40101 SET @saved_cs_client     = @@character_set_client */;
/*!50503 SET character_set_client = utf8mb4 */;
CREATE TABLE `role_master` (
  `role_id` int NOT NULL AUTO_INCREMENT,
  `role_created_by` varchar(255) DEFAULT NULL,
  `role_created_date` datetime(6) DEFAULT NULL,
  `role_modified_by` varchar(255) DEFAULT NULL,
  `role_modified_date` datetime(6) DEFAULT NULL,
  `role_name` varchar(255) NOT NULL,
  `role_status` varchar(255) DEFAULT NULL,
  PRIMARY KEY (`role_id`)
) ENGINE=InnoDB AUTO_INCREMENT=14 DEFAULT CHARSET=utf8mb4 COLLATE=utf8mb4_0900_ai_ci;
/*!40101 SET character_set_client = @saved_cs_client */;

--
-- Dumping data for table `role_master`
--

LOCK TABLES `role_master` WRITE;
/*!40000 ALTER TABLE `role_master` DISABLE KEYS */;
INSERT INTO `role_master` VALUES (1,NULL,NULL,NULL,NULL,'ADMIN','ACTIVE'),(6,'admin','2024-06-18 12:21:02.080819',NULL,NULL,'GATE_USER','ACTIVE'),(7,'admin','2024-06-18 12:21:15.870580',NULL,NULL,'WEIGHBRIDGE_OPERATOR','ACTIVE'),(8,'admin','2024-06-18 12:21:28.143350',NULL,NULL,'QUALITY_USER','ACTIVE'),(9,'admin','2024-06-18 12:21:40.788967',NULL,NULL,'SALE_USER','ACTIVE'),(10,'admin','2024-06-18 12:25:25.175877',NULL,NULL,'MANAGEMENT','ACTIVE'),(11,'admin','2024-06-20 12:02:01.994359','string','2024-06-20 06:31:54.356000','string','ACTIVE'),(12,'admin','2024-06-20 12:04:59.285444',NULL,NULL,'SECURITY','ACTIVE'),(13,'admin','2024-06-20 12:06:39.286925',NULL,NULL,'WASTE_MANAGEMENT','ACTIVE');
/*!40000 ALTER TABLE `role_master` ENABLE KEYS */;
UNLOCK TABLES;

--
-- Table structure for table `sales_order`
--

DROP TABLE IF EXISTS `sales_order`;
/*!40101 SET @saved_cs_client     = @@character_set_client */;
/*!50503 SET character_set_client = utf8mb4 */;
CREATE TABLE `sales_order` (
  `sale_order_no` varchar(255) NOT NULL,
  `balance_quantity` double NOT NULL,
  `broker_address` varchar(255) DEFAULT NULL,
  `broker_name` varchar(255) DEFAULT NULL,
  `company_id` varchar(255) NOT NULL,
  `customer_id` bigint NOT NULL,
  `ordered_quantity` double NOT NULL,
  `product_name` varchar(255) NOT NULL,
  `progressive_quantity` double NOT NULL,
  `purchase_order_no` varchar(255) NOT NULL,
  `purchase_ordered_date` date NOT NULL,
  `site_id` varchar(255) NOT NULL,
  `status` bit(1) NOT NULL,
  `comment` varchar(255) DEFAULT NULL,
  `sale_pass_of_deducted_quantity` varchar(255) DEFAULT NULL,
  PRIMARY KEY (`sale_order_no`)
) ENGINE=InnoDB DEFAULT CHARSET=utf8mb4 COLLATE=utf8mb4_0900_ai_ci;
/*!40101 SET character_set_client = @saved_cs_client */;

--
-- Dumping data for table `sales_order`
--

LOCK TABLES `sales_order` WRITE;
/*!40000 ALTER TABLE `sales_order` DISABLE KEYS */;
INSERT INTO `sales_order` VALUES ('06/01(A)',823.3299999999999,'NA','DIRECT','VK01',7,930.4,'Low Mag',107.07000000000001,'ZVPL/PO/24-25/001','2024-06-11','SUN01',_binary '',NULL,NULL),('07/01',43.460000000000036,'Muzaffarnagar','Shailendra Sharma','VK01',8,250,'Sponge Iron',206.53999999999996,'CPIL/24-25/011','2024-07-02','SUN01',_binary '',NULL,NULL),('07/02',183.48000000000002,'Muzaffarnagar','Shailendra Sharma','VK01',3,268.1,'Sponge Iron',84.62,'PO/02/2024-25','2024-07-03','SUN01',_binary '',NULL,NULL),('07/03',-6.670000000000016,'KOLKATA','R K MISHRA','VK01',5,244.76,'Sponge Iron',251.43,'KVS/2024-25/126','2024-07-10','SUN01',_binary '',NULL,NULL),('07/06',12.469999999999999,'Muzaffarnagar','Shailendra Sharma','VK01',10,54.66,'Sponge Iron',42.19,'PO/24-25/76','2024-07-11','SUN01',_binary '',NULL,NULL),('07/07',400,'Muzaffarnagar','Shailendra Sharma','VK01',3,400,'Sponge Iron',0,'PO/03/2024-25','2024-07-13','SUN01',_binary '',NULL,NULL),('07/08',65.00999999999999,'KOLKATA','R K MISHRA','VK01',4,102.99,'Sponge Iron',37.980000000000004,'U224Y-00129/00130','2024-07-13','SUN01',_binary '',NULL,NULL),('07/09',-5.679999999999996,'NA','DIRECT','VK01',9,19.53,'Sponge Iron',25.209999999999997,'RIPL/FY25/579','2024-07-15','SUN01',_binary '',NULL,NULL),('07/10',3.0400000000000205,'KOLKATA','R K MISHRA','VK01',4,200,'Sponge Iron',196.95999999999998,'U224Y-00135/00136','2024-07-17','SUN01',_binary '',NULL,NULL),('07/11',848.08,'KOLKATA','R K MISHRA','VK01',6,848.08,'Sponge Iron',0,'MSVL/2024-25/815','2024-07-19','SUN01',_binary '',NULL,NULL),('07/12',341.19,'KOLKATA','R K MISHRA','VK01',5,500,'Sponge Iron',158.81,'KVS/2024-25/158','2024-07-19','SUN01',_binary '',NULL,NULL),('07/13',5.109999999999957,'KOLKATA','R K MISHRA','VK01',4,300,'Sponge Iron',294.89000000000004,'U224Y-00146/00147','2024-07-30','SUN01',_binary '',NULL,NULL),('08/01',-2.8000000000000114,'KOLKATA','R K MISHRA','VK01',11,200,'Sponge Iron',202.8,'STL/PO/068/24-25','2024-08-09','SUN01',_binary '',NULL,NULL),('08/03',300,'KOLKATA','R K MISHRA','VK01',4,300,'Sponge Iron',0,'U224Y-00156','2024-08-10','SUN01',_binary '',NULL,NULL),('08/04',158.01,'KOLKATA','R K MISHRA','VK01',12,200,'Sponge Iron',41.99,'NIL','2024-08-11','SUN01',_binary '',NULL,NULL),('VPL/S/SO/2024-25/07/08',39.91,'KOLKATA','R K MISHRA','VK01',4,65.02,'Sponge Iron',25.110000000000003,'U224Y-00129/00130','2024-07-13','SUN01',_binary '',NULL,NULL);
/*!40000 ALTER TABLE `sales_order` ENABLE KEYS */;
UNLOCK TABLES;

--
-- Table structure for table `sales_process`
--

DROP TABLE IF EXISTS `sales_process`;
/*!40101 SET @saved_cs_client     = @@character_set_client */;
/*!50503 SET character_set_client = utf8mb4 */;
CREATE TABLE `sales_process` (
  `sale_pass_no` varchar(255) NOT NULL,
  `consignment_weight` double NOT NULL,
  `product_name` varchar(255) DEFAULT NULL,
  `product_type` varchar(255) DEFAULT NULL,
  `purchase_process_date` date DEFAULT NULL,
  `status` bit(1) NOT NULL,
  `transporter_name` varchar(255) DEFAULT NULL,
  `vehicle_no` varchar(255) DEFAULT NULL,
  `sale_order_no` varchar(255) DEFAULT NULL,
  `extra_sale_pass_no` varchar(255) DEFAULT NULL,
  PRIMARY KEY (`sale_pass_no`),
  KEY `FKc4noaj8jgfky4jd6mt7oj2frk` (`sale_order_no`),
  CONSTRAINT `FKc4noaj8jgfky4jd6mt7oj2frk` FOREIGN KEY (`sale_order_no`) REFERENCES `sales_order` (`sale_order_no`)
) ENGINE=InnoDB DEFAULT CHARSET=utf8mb4 COLLATE=utf8mb4_0900_ai_ci;
/*!40101 SET character_set_client = @saved_cs_client */;

--
-- Dumping data for table `sales_process`
--

LOCK TABLES `sales_process` WRITE;
/*!40000 ALTER TABLE `sales_process` DISABLE KEYS */;
INSERT INTO `sales_process` VALUES ('06/01(A)-01',0,'Low Mag','NA','2024-06-11',_binary '\0','ROURKELA FREIGHT CARRIER','CG04PK5412','06/01(A)',NULL),('06/01(A)-02',0,'Low Mag','NA','2024-06-11',_binary '\0','ROURKELA FREIGHT CARRIER','JH10CU4450','06/01(A)',NULL),('06/01(A)-03',0,'Low Mag','NA','2024-06-11',_binary '\0','ROURKELA FREIGHT CARRIER','CG04NZ2389','06/01(A)',NULL),('07/01-01',0,'Sponge Iron','-1mm','2024-07-02',_binary '\0','MAA SHERAWALI TRANSPORT','HR58C6933','07/01',NULL),('07/01-02',0,'Sponge Iron','-1mm','2024-07-02',_binary '\0','MAA SHERAWALI TRANSPORT','HR58C6805','07/01',NULL),('07/01-03',0,'Sponge Iron','-1mm','2024-07-02',_binary '\0','MAA SHERAWALI TRANSPORT','HR58C9972','07/01',NULL),('07/01-04',0,'Sponge Iron','-1mm','2024-07-02',_binary '\0','MAA SHERAWALI TRANSPORT','HR58C1403','07/01',NULL),('07/01-05',0,'Sponge Iron','-1mm','2024-07-02',_binary '\0','MAA SHERAWALI TRANSPORT','HR38AB4893','07/01',NULL),('07/02-01',0,'Sponge Iron','Lumps','2024-07-03',_binary '\0','MAA SHERAWALI TRANSPORT','HR58C6768','07/02',NULL),('07/02-02',0,'Sponge Iron','Fines','2024-07-03',_binary '\0','MAA SHERAWALI TRANSPORT','HR58C8264','07/02',NULL),('07/03-01',0,'Sponge Iron','Lumps','2024-07-10',_binary '\0','GOBIND TRANSPORT COMPANY','UP26T9397','07/03',NULL),('07/03-02',0,'Sponge Iron','Fines','2024-07-10',_binary '\0','GOBIND TRANSPORT COMPANY','UP21DT2906','07/03',NULL),('07/03-03',0,'Sponge Iron','Lumps','2024-07-10',_binary '\0','GOBIND TRANSPORT COMPANY','NL01N6359','07/03',NULL),('07/03-04',0,'Sponge Iron','Lumps','2024-07-10',_binary '\0','GOBIND TRANSPORT COMPANY','NL01AA0207','07/03',NULL),('07/03-05',0,'Sponge Iron','Lumps','2024-07-10',_binary '\0','GOBIND TRANSPORT COMPANY','UP42AT0777','07/03',NULL),('07/03-06',0,'Sponge Iron','Lumps','2024-07-10',_binary '\0','GOBIND TRANSPORT COMPANY','UK06CA8136','07/03',NULL),('07/03-07',0,'Sponge Iron','Fines','2024-07-10',_binary '\0','GOBIND TRANSPORT COMPANY','UP25BT8453','07/03',NULL),('07/03-08',0,'Sponge Iron','Lumps','2024-07-10',_binary '\0','GOBIND TRANSPORT COMPANY','UP25BT5811','07/03',NULL),('07/06-01',0,'Sponge Iron','Fines','2024-07-11',_binary '\0','MAA SHERAWALI TRANSPORT','HR58D6235','07/06',NULL),('07/08-01',0,'Sponge Iron','Lumps','2024-07-13',_binary '\0','GOBIND TRANSPORT COMPANY','UK04CC0308','07/08',NULL),('07/08-02',0,'Sponge Iron','Lumps','2024-07-13',_binary '\0','GOBIND TRANSPORT COMPANY','UP25CT6295','07/08',NULL),('07/08-03',0,'Sponge Iron','Lumps','2024-07-13',_binary '\0','GOBIND TRANSPORT COMPANY','UP25CT6295','07/08',NULL),('07/09-01',0,'Sponge Iron','-1mm','2024-07-15',_binary '\0','FREIGHT CENTRE OF INDIA','OD14M7336','07/09',NULL),('07/10-01',0,'Sponge Iron','Lumps','2024-07-17',_binary '\0','GOBIND TRANSPORT COMPANY','UP22T3096','07/10',NULL),('07/10-02',0,'Sponge Iron','Lumps','2024-07-17',_binary '\0','GOBIND TRANSPORT COMPANY','UK06CB6553','07/10',NULL),('07/10-03',0,'Sponge Iron','Lumps','2024-07-17',_binary '\0','GOBIND TRANSPORT COMPANY','NL01Q4227','07/10',NULL),('07/10-04',0,'Sponge Iron','Fines','2024-07-17',_binary '\0','GOBIND TRANSPORT COMPANY','NL01N6357','07/10',NULL),('07/10-05',0,'Sponge Iron','Fines','2024-07-17',_binary '\0','GOBIND TRANSPORT COMPANY','HR58D9773','07/10',NULL),('07/10-06',0,'Sponge Iron','Fines','2024-07-17',_binary '\0','GOBIND TRANSPORT COMPANY','UP22AT7044','07/10',NULL),('07/12-01',0,'Sponge Iron','Lumps','2024-07-19',_binary '\0','GOBIND TRANSPORT COMPANY','UP34BT7994','07/12',NULL),('07/12-02',0,'Sponge Iron','Fines','2024-07-19',_binary '\0','GOBIND TRANSPORT COMPANY','HR38AF5103','07/12',NULL),('07/12-03',0,'Sponge Iron','Fines','2024-07-19',_binary '\0','GOBIND TRANSPORT COMPANY','UP25DT0186','07/12',NULL),('07/12-04',0,'Sponge Iron','Fines','2024-07-19',_binary '\0','GOBIND TRANSPORT COMPANY','UK06CB9142','07/12',NULL),('07/13-01',0,'Sponge Iron','Lumps','2024-07-30',_binary '\0','GOBIND TRANSPORT COMPANY','NL01AA0209','07/13',NULL),('07/13-02',0,'Sponge Iron','Lumps','2024-07-30',_binary '\0','GOBIND TRANSPORT COMPANY','UK06CB6553','07/13',NULL),('07/13-03',0,'Sponge Iron','Fines','2024-07-30',_binary '\0','GOBIND TRANSPORT COMPANY','HR58D2379','07/13',NULL),('07/13-04',0,'Sponge Iron','Fines','2024-07-30',_binary '\0','GOBIND TRANSPORT COMPANY','UP26AT0640','07/13',NULL),('07/13-05',0,'Sponge Iron','Fines','2024-07-30',_binary '\0','GOBIND TRANSPORT COMPANY','UP22BT1079','07/13',NULL),('07/13-06',0,'Sponge Iron','Fines','2024-07-30',_binary '\0','GOBIND TRANSPORT COMPANY','NL01N6357','07/13',NULL),('07/13-07',0,'Sponge Iron','Lumps','2024-07-30',_binary '\0','GOBIND TRANSPORT COMPANY','UK06CB2352','07/13',NULL),('07/13-08',0,'Sponge Iron','Lumps','2024-07-30',_binary '\0','GOBIND TRANSPORT COMPANY','UP51AT4407','07/13',NULL),('07/13-09',0,'Sponge Iron','Lumps','2024-07-30',_binary '\0','GOBIND TRANSPORT COMPANY','UP25CT8160','07/13',NULL),('07/13-10',0,'Sponge Iron','Lumps','2024-07-30',_binary '\0','GOBIND TRANSPORT COMPANY','UP25CT2940','07/13',NULL),('08/01-01',0,'Sponge Iron','Lumps','2024-08-09',_binary '\0','NEPAL LOGISTICS','BR28GB1482','08/01',NULL),('08/01-02',0,'Sponge Iron','Lumps','2024-08-09',_binary '\0','NEPAL LOGISTICS','UP53HT5989','08/01',NULL),('08/01-03',0,'Sponge Iron','Lumps','2024-08-09',_binary '\0','NEPAL LOGISTICS','UP53ET1740','08/01',NULL),('08/01-04',0,'Sponge Iron','Lumps','2024-08-09',_binary '\0','NEPAL LOGISTICS','UP53HT6878','08/01',NULL),('08/01-05',0,'Sponge Iron','Lumps','2024-08-09',_binary '\0','NEPAL LOGISTICS','UP53HT8262','08/01',NULL),('08/03-01',0,'Sponge Iron','Lumps','2024-08-10',_binary '\0','GOBIND TRANSPORT COMPANY','UP42AT0777','08/03',NULL),('08/04-01',0,'Sponge Iron','Fines','2024-08-11',_binary '\0','GOBIND TRANSPORT COMPANY','JH02BP7349','08/04',NULL),('08/04-02',0,'Sponge Iron','Lumps','2024-08-11',_binary '\0','GOBIND TRANSPORT COMPANY','UP25BT6009','08/04',NULL),('VPL/S/SO/2024-25/07/08-01',0,'Sponge Iron','Lumps','2024-07-13',_binary '\0','GOBIND TRANSPORT COMPANY','UP25CT6295','VPL/S/SO/2024-25/07/08',NULL);
/*!40000 ALTER TABLE `sales_process` ENABLE KEYS */;
UNLOCK TABLES;

--
-- Table structure for table `site_master`
--

DROP TABLE IF EXISTS `site_master`;
/*!40101 SET @saved_cs_client     = @@character_set_client */;
/*!50503 SET character_set_client = utf8mb4 */;
CREATE TABLE `site_master` (
  `site_id` varchar(255) NOT NULL,
  `site_address` varchar(255) DEFAULT NULL,
  `site_created_by` varchar(255) DEFAULT NULL,
  `site_created_date` datetime(6) DEFAULT NULL,
  `site_modified_by` varchar(255) DEFAULT NULL,
  `site_modified_date` datetime(6) DEFAULT NULL,
  `site_name` varchar(255) NOT NULL,
  `site_status` varchar(255) DEFAULT NULL,
  `company_id` varchar(255) DEFAULT NULL,
  PRIMARY KEY (`site_id`),
  KEY `FKfqe1o6ca2rdy2hir11n45batb` (`company_id`),
  CONSTRAINT `FKfqe1o6ca2rdy2hir11n45batb` FOREIGN KEY (`company_id`) REFERENCES `company_master` (`company_id`)
) ENGINE=InnoDB DEFAULT CHARSET=utf8mb4 COLLATE=utf8mb4_0900_ai_ci;
/*!40101 SET character_set_client = @saved_cs_client */;

--
-- Dumping data for table `site_master`
--

LOCK TABLES `site_master` WRITE;
/*!40000 ALTER TABLE `site_master` DISABLE KEYS */;
INSERT INTO `site_master` VALUES ('all','ALL',NULL,NULL,NULL,NULL,'ALL','ACTIVE','VK01'),('SUN01','BAD TUMKELA','admin','2024-06-18 12:18:39.668847','admin','2024-06-18 12:18:39.668847','SUNDARGARH','ACTIVE','VK01');
/*!40000 ALTER TABLE `site_master` ENABLE KEYS */;
UNLOCK TABLES;

--
-- Table structure for table `status_code_master`
--

DROP TABLE IF EXISTS `status_code_master`;
/*!40101 SET @saved_cs_client     = @@character_set_client */;
/*!50503 SET character_set_client = utf8mb4 */;
CREATE TABLE `status_code_master` (
  `status_code` varchar(255) NOT NULL,
  `status_description` varchar(255) DEFAULT NULL,
  PRIMARY KEY (`status_code`)
) ENGINE=InnoDB DEFAULT CHARSET=utf8mb4 COLLATE=utf8mb4_0900_ai_ci;
/*!40101 SET character_set_client = @saved_cs_client */;

--
-- Dumping data for table `status_code_master`
--

LOCK TABLES `status_code_master` WRITE;
/*!40000 ALTER TABLE `status_code_master` DISABLE KEYS */;
INSERT INTO `status_code_master` VALUES ('ACTIVE','Active status'),('DELETED','Deleted status'),('INACTIVE','Inactive status'),('PENDING','Pending status');
/*!40000 ALTER TABLE `status_code_master` ENABLE KEYS */;
UNLOCK TABLES;

--
-- Table structure for table `supplier_master`
--

DROP TABLE IF EXISTS `supplier_master`;
/*!40101 SET @saved_cs_client     = @@character_set_client */;
/*!50503 SET character_set_client = utf8mb4 */;
CREATE TABLE `supplier_master` (
  `supplier_id` bigint NOT NULL AUTO_INCREMENT,
  `city` varchar(255) DEFAULT NULL,
  `country` varchar(255) DEFAULT NULL,
  `state` varchar(255) DEFAULT NULL,
  `supplier_address_line1` varchar(255) NOT NULL,
  `supplier_address_line2` varchar(255) DEFAULT NULL,
  `supplier_contact_no` varchar(255) DEFAULT NULL,
  `supplier_created_by` varchar(255) DEFAULT NULL,
  `supplier_created_date` datetime(6) DEFAULT NULL,
  `supplier_email_id` varchar(255) DEFAULT NULL,
  `supplier_modified_by` varchar(255) DEFAULT NULL,
  `supplier_modified_date` datetime(6) DEFAULT NULL,
  `supplier_name` varchar(255) NOT NULL,
  `supplier_status` varchar(255) DEFAULT NULL,
  `zip` varchar(255) DEFAULT NULL,
  PRIMARY KEY (`supplier_id`),
  UNIQUE KEY `UK_oyrojv08fny6g2rpgivamc7l5` (`supplier_contact_no`),
  UNIQUE KEY `UK_e9ms9ry9plt57x4xymhu1p0r1` (`supplier_email_id`),
  KEY `idx_supplier_master1` (`supplier_id`),
  KEY `idx_supplier_master2` (`supplier_id`,`supplier_name`,`supplier_address_line1`,`supplier_address_line2`)
) ENGINE=InnoDB AUTO_INCREMENT=8 DEFAULT CHARSET=utf8mb4 COLLATE=utf8mb4_0900_ai_ci;
/*!40101 SET character_set_client = @saved_cs_client */;

--
-- Dumping data for table `supplier_master`
--

LOCK TABLES `supplier_master` WRITE;
/*!40000 ALTER TABLE `supplier_master` DISABLE KEYS */;
INSERT INTO `supplier_master` VALUES (1,'Talcher','IN','OR','MCL Bhubaneswar','Talcher','9867543227','admin','2024-06-18 12:45:05.091037','mcl@gmail.com','admin','2024-06-18 12:45:05.091037','MCL','ACTIVE','769015'),(2,'Bhubaneshwar','IN','OR','street apt','456 streeet apt','9876543211','admin','2024-06-18 12:55:40.746493','hitesh@gmail.com','admin','2024-06-18 12:55:40.746493','Hitesh Jen','ACTIVE','751024'),(3,'Bhubaneshwar','IN','OR','Barsuan','Kurmitar,Pahar','9876545654','admin','2024-06-18 12:59:35.915744','omcl@gmail.com','admin','2024-06-18 12:59:35.915744','OMC LTD','ACTIVE','751024'),(4,'Balangir','IN','OR','Lanjigarh','Near to vedant','8997463372','VK01@01','2024-07-04 12:44:27.007334','highlander@gmail.com','VK01@01','2024-07-04 12:44:27.007334','Highlander Private Limited','ACTIVE','7661001'),(5,'Sundargarh','IN','OR','GARJANBAHAL','SUNDARGARH','8456989878','admin','2024-07-05 08:35:28.248377','mclgarjanbahal@gmail.com','admin','2024-07-05 08:35:28.248377','MCL','ACTIVE','770076');
/*!40000 ALTER TABLE `supplier_master` ENABLE KEYS */;
UNLOCK TABLES;

--
-- Table structure for table `transaction_log`
--

DROP TABLE IF EXISTS `transaction_log`;
/*!40101 SET @saved_cs_client     = @@character_set_client */;
/*!50503 SET character_set_client = utf8mb4 */;
CREATE TABLE `transaction_log` (
  `id` bigint NOT NULL AUTO_INCREMENT,
  `status_code` varchar(255) DEFAULT NULL,
  `ticket_no` int DEFAULT NULL,
  `timestamp` datetime(6) DEFAULT NULL,
  `user_id` varchar(255) DEFAULT NULL,
  PRIMARY KEY (`id`),
  KEY `idx_transaction_log` (`ticket_no`,`status_code`)
) ENGINE=InnoDB AUTO_INCREMENT=852 DEFAULT CHARSET=utf8mb4 COLLATE=utf8mb4_0900_ai_ci;
/*!40101 SET character_set_client = @saved_cs_client */;

--
-- Dumping data for table `transaction_log`
--

LOCK TABLES `transaction_log` WRITE;
/*!40000 ALTER TABLE `transaction_log` DISABLE KEYS */;
INSERT INTO `transaction_log` VALUES (1,'GNT',1,'2024-07-26 11:53:00.000000','VK01@01'),(2,'GWT',1,'2024-07-26 11:58:37.309526','VK01@02'),(3,'GNT',2,'2024-07-26 11:58:00.000000','VK01@01'),(4,'GWT',2,'2024-07-26 12:01:55.726298','VK01@02'),(5,'GNT',3,'2024-07-26 12:03:00.000000','VK01@01'),(6,'GWT',3,'2024-07-26 12:08:50.390355','VK01@02'),(7,'GNT',4,'2024-07-26 12:09:00.000000','VK01@01'),(8,'GNT',5,'2024-07-26 12:13:00.000000','VK01@01'),(9,'GWT',4,'2024-07-26 12:13:49.724358','VK01@02'),(10,'GWT',5,'2024-07-26 12:19:38.920755','VK01@02'),(11,'TWT',2,'2024-07-26 12:25:26.302934','VK01@02'),(12,'TWT',1,'2024-07-26 12:30:26.797221','VK01@02'),(13,'TWT',3,'2024-07-26 12:34:17.035859','VK01@02'),(14,'TWT',4,'2024-07-26 12:37:18.170537','VK01@02'),(15,'TWT',5,'2024-07-26 12:43:27.145280','VK01@02'),(16,'GXT',1,'2024-07-26 13:20:00.000000','VK01@01'),(17,'GXT',2,'2024-07-26 13:21:00.000000','VK01@01'),(18,'GXT',3,'2024-07-26 13:21:00.000000','VK01@01'),(19,'GXT',4,'2024-07-26 13:22:00.000000','VK01@01'),(20,'GXT',5,'2024-07-26 13:22:00.000000','VK01@01'),(21,'GNT',6,'2024-07-26 13:48:00.000000','VK01@01'),(22,'GNT',7,'2024-07-26 14:28:00.000000','VK01@01'),(23,'TWT',7,'2024-07-26 14:40:32.852114','VK01@02'),(24,'GNT',8,'2024-07-26 17:27:00.000000','VK01@01'),(25,'GWT',8,'2024-07-26 17:30:37.868707','VK01@02'),(26,'GNT',9,'2024-07-26 17:32:00.000000','VK01@01'),(27,'GWT',9,'2024-07-26 17:34:40.430271','VK01@02'),(28,'GNT',10,'2024-07-26 17:37:00.000000','VK01@01'),(29,'TWT',10,'2024-07-26 17:41:09.168789','VK01@02'),(30,'GWT',7,'2024-07-26 17:46:29.320647','VK01@02'),(31,'TWT',8,'2024-07-26 17:49:46.874189','VK01@02'),(32,'TWT',9,'2024-07-26 17:50:43.928539','VK01@02'),(33,'GXT',8,'2024-07-26 17:52:00.000000','VK01@01'),(34,'GXT',9,'2024-07-26 17:53:00.000000','VK01@01'),(35,'GNT',11,'2024-07-26 18:51:00.000000','VK01@01'),(36,'GWT',11,'2024-07-26 18:55:28.720620','VK01@02'),(37,'GNT',12,'2024-07-26 18:55:00.000000','VK01@01'),(38,'GWT',12,'2024-07-26 18:59:05.729835','VK01@02'),(39,'GNT',13,'2024-07-26 19:02:00.000000','VK01@01'),(40,'TWT',11,'2024-07-26 19:13:09.637057','VK01@02'),(41,'GWT',13,'2024-07-26 19:15:50.623892','VK01@02'),(42,'GXT',11,'2024-07-26 19:16:00.000000','VK01@01'),(43,'GNT',14,'2024-07-26 19:31:00.000000','VK01@01'),(44,'GWT',14,'2024-07-26 19:37:44.745470','VK01@02'),(45,'TWT',14,'2024-07-26 19:52:06.079712','VK01@02'),(46,'GXT',14,'2024-07-26 19:53:00.000000','VK01@01'),(47,'GNT',15,'2024-07-26 20:39:00.000000','VK01@01'),(48,'GWT',15,'2024-07-26 20:45:45.114234','VK01@02'),(49,'TWT',15,'2024-07-26 21:15:49.584191','VK01@02'),(50,'GXT',15,'2024-07-26 21:17:00.000000','VK01@01'),(51,'GNT',16,'2024-07-26 21:39:00.000000','VK01@01'),(52,'GWT',16,'2024-07-26 21:43:08.911048','VK01@02'),(53,'GNT',17,'2024-07-26 21:46:00.000000','VK01@01'),(54,'GWT',17,'2024-07-26 21:48:55.976050','VK01@02'),(55,'TWT',16,'2024-07-26 22:02:46.239265','VK01@02'),(56,'GXT',16,'2024-07-26 22:14:00.000000','VK01@01'),(57,'TWT',17,'2024-07-26 22:15:22.023198','VK01@02'),(58,'GXT',7,'2024-07-26 22:16:00.000000','VK01@01'),(59,'GXT',17,'2024-07-26 22:17:00.000000','VK01@01'),(60,'GNT',18,'2024-07-26 22:25:00.000000','VK01@01'),(61,'GNT',19,'2024-07-27 08:58:00.000000','VK01@01'),(62,'GWT',19,'2024-07-27 09:02:36.005974','VK01@02'),(63,'TWT',19,'2024-07-27 09:20:44.359719','VK01@02'),(64,'GXT',19,'2024-07-27 09:22:00.000000','VK01@01'),(65,'GNT',20,'2024-07-27 09:25:00.000000','VK01@01'),(66,'GWT',20,'2024-07-27 09:34:05.921929','VK01@02'),(67,'TWT',20,'2024-07-27 09:53:47.387364','VK01@02'),(68,'GXT',20,'2024-07-27 09:54:00.000000','VK01@01'),(69,'GNT',41,'2024-07-27 11:34:00.000000','VK01@01'),(70,'TWT',41,'2024-07-27 11:37:11.100382','VK01@02'),(71,'GWT',41,'2024-07-27 14:29:06.314006','VK01@02'),(72,'GWT',10,'2024-07-27 16:12:14.126886','VK01@02'),(73,'GNT',42,'2024-07-27 19:30:00.000000','VK01@01'),(74,'GWT',42,'2024-07-27 19:35:08.344018','VK01@02'),(75,'GNT',43,'2024-07-27 19:36:00.000000','VK01@01'),(76,'GXT',41,'2024-07-27 19:38:00.000000','VK01@01'),(77,'GWT',43,'2024-07-27 19:40:29.778257','VK01@02'),(78,'TWT',42,'2024-07-27 19:47:59.132615','VK01@02'),(79,'GNT',44,'2024-07-27 19:49:00.000000','VK01@01'),(80,'GXT',42,'2024-07-27 19:52:00.000000','VK01@01'),(81,'GWT',44,'2024-07-27 19:53:57.131588','VK01@02'),(82,'TWT',43,'2024-07-27 19:56:56.107202','VK01@02'),(83,'GXT',43,'2024-07-27 19:57:00.000000','VK01@01'),(84,'GNT',45,'2024-07-27 20:02:00.000000','VK01@01'),(85,'GWT',45,'2024-07-27 20:06:33.526781','VK01@02'),(86,'TWT',44,'2024-07-27 20:15:26.333035','VK01@02'),(87,'GXT',44,'2024-07-27 20:18:00.000000','VK01@01'),(88,'TWT',45,'2024-07-27 20:20:51.665215','VK01@02'),(89,'GXT',45,'2024-07-27 20:21:00.000000','VK01@01'),(90,'GNT',52,'2024-07-27 20:33:00.000000','VK01@01'),(91,'GWT',52,'2024-07-27 20:37:38.420326','VK01@02'),(92,'GNT',53,'2024-07-27 20:38:00.000000','VK01@01'),(93,'GWT',53,'2024-07-27 20:42:53.475485','VK01@02'),(94,'TWT',52,'2024-07-27 20:54:55.013423','VK01@02'),(95,'TWT',53,'2024-07-27 20:57:36.505676','VK01@02'),(96,'GXT',53,'2024-07-27 21:00:00.000000','VK01@01'),(97,'GNT',54,'2024-07-28 07:41:00.000000','VK01@01'),(98,'GWT',54,'2024-07-28 07:45:03.235474','VK01@02'),(99,'GNT',55,'2024-07-28 07:45:00.000000','VK01@01'),(100,'GWT',55,'2024-07-28 07:48:46.916020','VK01@02'),(101,'TWT',55,'2024-07-28 08:20:33.734588','VK01@02'),(102,'GXT',55,'2024-07-28 08:22:00.000000','VK01@01'),(103,'GXT',52,'2024-07-28 08:22:00.000000','VK01@01'),(104,'GXT',10,'2024-07-28 08:25:00.000000','VK01@01'),(105,'GNT',56,'2024-07-28 10:08:00.000000','VK01@01'),(106,'GNT',57,'2024-07-28 10:17:00.000000','VK01@01'),(107,'GWT',56,'2024-07-28 10:17:31.685739','VK01@02'),(108,'GWT',57,'2024-07-28 10:20:20.375215','VK01@02'),(109,'GNT',58,'2024-07-28 10:22:00.000000','VK01@01'),(110,'GWT',58,'2024-07-28 10:27:40.494948','VK01@02'),(111,'GNT',59,'2024-07-28 10:27:00.000000','VK01@01'),(112,'GWT',59,'2024-07-28 10:29:54.654765','VK01@02'),(113,'TWT',56,'2024-07-28 10:33:57.436699','VK01@02'),(114,'TWT',59,'2024-07-28 10:42:49.589582','VK01@02'),(115,'GXT',59,'2024-07-28 11:05:00.000000','VK01@01'),(116,'GXT',56,'2024-07-28 11:08:00.000000','VK01@01'),(117,'GNT',60,'2024-07-29 10:19:00.000000','VK01@01'),(118,'GNT',61,'2024-07-29 10:20:00.000000','VK01@01'),(119,'GNT',62,'2024-07-29 10:31:00.000000','VK01@01'),(120,'TWT',62,'2024-07-29 10:39:36.833395','VK01@02'),(121,'GNT',63,'2024-07-29 10:55:00.000000','VK01@01'),(122,'TWT',63,'2024-07-29 10:59:44.371334','VK01@02'),(123,'GNT',74,'2024-07-29 12:13:00.000000','VK01@01'),(124,'TWT',74,'2024-07-29 12:25:00.835397','VK01@02'),(125,'GWT',63,'2024-07-29 13:02:16.871130','VK01@02'),(126,'GWT',62,'2024-07-29 13:51:42.919563','VK01@02'),(127,'GNT',75,'2024-07-29 15:38:00.000000','VK01@01'),(128,'GNT',76,'2024-07-29 15:41:00.000000','VK01@01'),(129,'TWT',75,'2024-07-29 15:47:26.452200','VK01@02'),(130,'TWT',76,'2024-07-29 15:54:19.995092','VK01@02'),(131,'GWT',74,'2024-07-29 16:53:05.958009','VK01@02'),(132,'GWT',76,'2024-07-29 17:24:10.475765','VK01@02'),(133,'GWT',75,'2024-07-29 18:10:59.899038','VK01@02'),(134,'GNT',77,'2024-07-29 23:51:00.000000','VK01@01'),(135,'GWT',77,'2024-07-29 23:56:30.358731','VK01@02'),(136,'TWT',77,'2024-07-30 00:17:53.949915','VK01@02'),(137,'GNT',78,'2024-07-30 06:44:00.000000','VK01@01'),(138,'GWT',78,'2024-07-30 06:47:52.981188','VK01@02'),(139,'TWT',78,'2024-07-30 07:01:49.714715','VK01@02'),(140,'GXT',77,'2024-07-30 10:08:00.000000','VK01@01'),(141,'GXT',78,'2024-07-30 10:09:00.000000','VK01@01'),(142,'GNT',79,'2024-07-30 11:31:00.000000','VK01@01'),(143,'GNT',80,'2024-07-30 11:35:00.000000','VK01@01'),(144,'TWT',79,'2024-07-30 11:37:20.628516','VK01@02'),(145,'GXT',74,'2024-07-30 11:40:00.000000','VK01@01'),(146,'GNT',81,'2024-07-30 11:42:00.000000','VK01@01'),(147,'TWT',80,'2024-07-30 11:44:13.400690','VK01@02'),(148,'TWT',81,'2024-07-30 11:49:40.540220','VK01@02'),(149,'GNT',82,'2024-07-30 13:12:00.000000','VK01@01'),(150,'GWT',82,'2024-07-30 13:15:53.665266','VK01@02'),(151,'GNT',83,'2024-07-30 13:16:00.000000','VK01@01'),(152,'GWT',83,'2024-07-30 13:19:02.015839','VK01@02'),(153,'GNT',84,'2024-07-30 13:20:00.000000','VK01@01'),(154,'GWT',84,'2024-07-30 13:23:50.025755','VK01@02'),(155,'TWT',82,'2024-07-30 13:26:13.000250','VK01@02'),(156,'GNT',85,'2024-07-30 13:26:00.000000','VK01@01'),(157,'GWT',85,'2024-07-30 13:29:18.819857','VK01@02'),(158,'GNT',86,'2024-07-30 13:29:00.000000','VK01@01'),(159,'GXT',82,'2024-07-30 13:31:00.000000','VK01@01'),(160,'GWT',86,'2024-07-30 13:32:29.925451','VK01@02'),(161,'TWT',83,'2024-07-30 13:35:27.792110','VK01@02'),(162,'GXT',83,'2024-07-30 13:36:00.000000','VK01@01'),(163,'TWT',84,'2024-07-30 13:37:20.551314','VK01@02'),(164,'GXT',84,'2024-07-30 13:38:00.000000','VK01@01'),(165,'TWT',85,'2024-07-30 13:39:47.309269','VK01@02'),(166,'GXT',85,'2024-07-30 13:40:00.000000','VK01@01'),(167,'GWT',79,'2024-07-30 13:42:27.443700','VK01@02'),(168,'TWT',86,'2024-07-30 13:45:25.737702','VK01@02'),(169,'GXT',86,'2024-07-30 13:46:00.000000','VK01@01'),(170,'GNT',87,'2024-07-30 14:47:00.000000','VK01@01'),(171,'GWT',87,'2024-07-30 14:51:55.006133','VK01@02'),(172,'GNT',88,'2024-07-30 14:52:00.000000','VK01@01'),(173,'GWT',88,'2024-07-30 14:55:39.563832','VK01@02'),(174,'GNT',89,'2024-07-30 14:56:00.000000','VK01@01'),(175,'GWT',89,'2024-07-30 14:59:17.803006','VK01@02'),(176,'TWT',88,'2024-07-30 15:04:58.562643','VK01@02'),(177,'TWT',87,'2024-07-30 15:06:58.251711','VK01@02'),(178,'GXT',88,'2024-07-30 15:07:00.000000','VK01@01'),(179,'GXT',87,'2024-07-30 15:09:00.000000','VK01@01'),(180,'TWT',89,'2024-07-30 15:12:47.032738','VK01@02'),(181,'GXT',89,'2024-07-30 15:14:00.000000','VK01@01'),(182,'GWT',80,'2024-07-30 15:20:16.754425','VK01@02'),(183,'GNT',90,'2024-07-30 15:21:00.000000','VK01@01'),(184,'GWT',90,'2024-07-30 15:23:54.343005','VK01@02'),(185,'TWT',90,'2024-07-30 15:43:01.671063','VK01@02'),(186,'GXT',90,'2024-07-30 15:44:00.000000','VK01@01'),(187,'GWT',81,'2024-07-30 16:09:22.218449','VK01@02'),(188,'GNT',91,'2024-07-30 17:12:00.000000','VK01@01'),(189,'GWT',91,'2024-07-30 17:15:47.195358','VK01@02'),(190,'TWT',91,'2024-07-30 17:29:02.969476','VK01@02'),(191,'GXT',91,'2024-07-30 17:31:00.000000','VK01@01'),(192,'GNT',92,'2024-07-30 19:41:00.000000','VK01@01'),(193,'GWT',92,'2024-07-30 19:44:11.172117','VK01@02'),(194,'TWT',92,'2024-07-30 20:02:47.795597','VK01@02'),(195,'GXT',92,'2024-07-31 07:24:00.000000','VK01@01'),(196,'GXT',81,'2024-07-31 07:29:00.000000','VK01@01'),(197,'GXT',80,'2024-07-31 07:30:00.000000','VK01@01'),(198,'GXT',79,'2024-07-31 07:30:00.000000','VK01@01'),(199,'GXT',63,'2024-07-31 07:34:00.000000','VK01@01'),(200,'GNT',93,'2024-07-31 10:03:00.000000','VK01@01'),(201,'GWT',93,'2024-07-31 10:07:07.102953','VK01@02'),(202,'TWT',93,'2024-07-31 10:21:49.200966','VK01@02'),(203,'GXT',93,'2024-07-31 10:33:00.000000','VK01@01'),(204,'GNT',94,'2024-07-31 19:34:00.000000','VK01@01'),(205,'GWT',94,'2024-07-31 19:39:55.063357','VK01@02'),(206,'GNT',95,'2024-07-31 19:52:00.000000','VK01@01'),(207,'GWT',95,'2024-07-31 19:56:48.234249','VK01@02'),(208,'TWT',94,'2024-07-31 19:59:45.491361','VK01@02'),(209,'GNT',96,'2024-07-31 21:08:00.000000','VK01@01'),(210,'GWT',96,'2024-07-31 21:11:20.349991','VK01@02'),(211,'TWT',96,'2024-07-31 21:37:41.065129','VK01@02'),(212,'GNT',97,'2024-08-01 06:31:00.000000','VK01@01'),(213,'GWT',97,'2024-08-01 06:34:54.527498','VK01@02'),(214,'GNT',98,'2024-08-01 06:37:00.000000','VK01@01'),(215,'GWT',98,'2024-08-01 06:40:37.381797','VK01@02'),(216,'GNT',99,'2024-08-01 06:42:00.000000','VK01@01'),(217,'GWT',99,'2024-08-01 06:44:54.487975','VK01@02'),(218,'TWT',99,'2024-08-01 06:59:49.434637','VK01@02'),(219,'TWT',98,'2024-08-01 07:01:50.956709','VK01@02'),(220,'TWT',97,'2024-08-01 07:29:23.058414','VK01@02'),(221,'GXT',97,'2024-08-01 07:31:00.000000','VK01@01'),(222,'GXT',99,'2024-08-01 07:38:00.000000','VK01@01'),(223,'GXT',98,'2024-08-01 07:39:00.000000','VK01@01'),(224,'GXT',96,'2024-08-01 07:39:00.000000','VK01@01'),(225,'GXT',94,'2024-08-01 07:40:00.000000','VK01@01'),(226,'GXT',76,'2024-08-01 07:43:00.000000','VK01@01'),(227,'GXT',75,'2024-08-01 07:43:00.000000','VK01@01'),(228,'GXT',62,'2024-08-01 07:44:00.000000','VK01@01'),(229,'GNT',100,'2024-08-01 12:52:00.000000','VK01@01'),(230,'GNT',101,'2024-08-01 12:54:00.000000','VK01@01'),(231,'TWT',100,'2024-08-01 12:58:37.931619','VK01@02'),(232,'GNT',102,'2024-08-01 13:04:00.000000','VK01@01'),(233,'TWT',101,'2024-08-01 13:06:40.404420','VK01@02'),(234,'TWT',102,'2024-08-01 13:24:30.404742','VK01@02'),(235,'GWT',101,'2024-08-01 16:29:36.822583','VK01@02'),(236,'GWT',100,'2024-08-01 17:09:06.696721','VK01@02'),(237,'GWT',102,'2024-08-01 17:42:11.885307','VK01@02'),(238,'GXT',102,'2024-08-02 10:56:00.000000','VK01@01'),(239,'GXT',101,'2024-08-02 10:56:00.000000','VK01@01'),(240,'GXT',100,'2024-08-02 10:56:00.000000','VK01@01'),(241,'GNT',103,'2024-08-02 11:21:00.000000','VK01@01'),(242,'GNT',104,'2024-08-02 11:24:00.000000','VK01@01'),(243,'TWT',103,'2024-08-02 11:32:29.804164','VK01@02'),(244,'TWT',104,'2024-08-02 11:39:13.651607','VK01@02'),(245,'GWT',103,'2024-08-02 12:57:09.119574','VK01@02'),(246,'GWT',104,'2024-08-02 17:06:24.896537','VK01@02'),(247,'GXT',104,'2024-08-03 07:43:00.000000','VK01@01'),(248,'GXT',103,'2024-08-03 07:44:00.000000','VK01@01'),(249,'GNT',105,'2024-08-03 12:07:00.000000','VK01@01'),(250,'TWT',105,'2024-08-03 12:24:21.399526','VK01@02'),(251,'GNT',106,'2024-08-03 12:59:00.000000','VK01@01'),(252,'TWT',106,'2024-08-03 13:09:01.805327','VK01@02'),(253,'GWT',106,'2024-08-03 16:48:37.510743','VK01@02'),(254,'GWT',105,'2024-08-03 17:21:47.117150','VK01@02'),(255,'GXT',106,'2024-08-05 06:18:00.000000','VK01@01'),(256,'GXT',105,'2024-08-05 06:19:00.000000','VK01@01'),(257,'TWT',12,'2024-08-05 18:02:23.810272','VK01@02'),(258,'GWT',6,'2024-08-05 18:05:13.099882','VK01@02'),(259,'GNT',107,'2024-08-05 18:37:00.000000','VK01@01'),(260,'GWT',107,'2024-08-05 18:40:24.773496','VK01@02'),(261,'GNT',108,'2024-08-05 19:33:00.000000','VK01@01'),(262,'GWT',108,'2024-08-05 19:35:58.423491','VK01@02'),(263,'TWT',108,'2024-08-05 19:50:15.591470','VK01@02'),(264,'GXT',108,'2024-08-05 19:54:00.000000','VK01@01'),(265,'GNT',109,'2024-08-06 08:41:00.000000','VK01@01'),(266,'GWT',109,'2024-08-06 08:44:43.367590','VK01@02'),(267,'TWT',109,'2024-08-06 09:10:59.573393','VK01@02'),(268,'GNT',110,'2024-08-06 17:13:00.000000','VK01@01'),(269,'GNT',111,'2024-08-06 17:30:00.000000','VK01@01'),(270,'GXT',109,'2024-08-06 18:55:00.000000','VK01@01'),(271,'GNT',112,'2024-08-06 19:21:00.000000','VK01@01'),(272,'GWT',112,'2024-08-06 19:24:38.655847','VK01@02'),(273,'TWT',112,'2024-08-06 19:42:59.961994','VK01@02'),(274,'GXT',112,'2024-08-06 19:44:00.000000','VK01@01'),(275,'GNT',113,'2024-08-06 19:50:00.000000','VK01@01'),(276,'GNT',114,'2024-08-06 20:10:00.000000','VK01@01'),(277,'GWT',114,'2024-08-06 20:13:25.441620','VK01@02'),(278,'GNT',115,'2024-08-06 20:33:00.000000','VK01@01'),(279,'GWT',115,'2024-08-06 20:37:21.421174','VK01@02'),(280,'GNT',116,'2024-08-06 20:38:00.000000','VK01@01'),(281,'GWT',116,'2024-08-06 20:44:36.720554','VK01@02'),(282,'GNT',117,'2024-08-06 20:48:00.000000','VK01@01'),(283,'GWT',117,'2024-08-06 20:50:17.983179','VK01@02'),(284,'GNT',118,'2024-08-06 20:51:00.000000','VK01@01'),(285,'GWT',118,'2024-08-06 20:54:01.658974','VK01@02'),(286,'GNT',119,'2024-08-06 21:06:00.000000','VK01@01'),(287,'GNT',120,'2024-08-06 21:09:00.000000','VK01@01'),(288,'GWT',120,'2024-08-06 21:18:00.936948','VK01@02'),(289,'TWT',117,'2024-08-06 21:22:49.596525','VK01@02'),(290,'GXT',117,'2024-08-06 21:24:00.000000','VK01@01'),(291,'TWT',116,'2024-08-06 21:27:17.178433','VK01@02'),(292,'GXT',116,'2024-08-06 21:28:00.000000','VK01@01'),(293,'TWT',118,'2024-08-06 21:31:14.358668','VK01@02'),(294,'GXT',118,'2024-08-06 21:33:00.000000','VK01@01'),(295,'GNT',121,'2024-08-06 21:37:00.000000','VK01@01'),(296,'GNT',122,'2024-08-06 21:41:00.000000','VK01@01'),(297,'GNT',123,'2024-08-06 21:43:00.000000','VK01@01'),(298,'TWT',120,'2024-08-06 21:49:49.272252','VK01@02'),(299,'GNT',124,'2024-08-06 22:26:00.000000','VK01@01'),(300,'GNT',125,'2024-08-06 22:30:00.000000','VK01@01'),(301,'GWT',125,'2024-08-06 22:32:32.447954','VK01@02'),(302,'TWT',125,'2024-08-06 22:33:56.065171','VK01@02'),(303,'GNT',126,'2024-08-06 22:36:00.000000','VK01@01'),(304,'GWT',126,'2024-08-06 22:38:21.393473','VK01@02'),(305,'GWT',122,'2024-08-06 22:51:41.445143','VK01@02'),(306,'GWT',121,'2024-08-06 22:53:30.545587','VK01@02'),(307,'GWT',124,'2024-08-06 22:55:39.283191','VK01@02'),(308,'TWT',126,'2024-08-06 22:57:14.723108','VK01@02'),(309,'GWT',119,'2024-08-06 23:02:10.203822','VK01@02'),(310,'GNT',127,'2024-08-06 23:10:00.000000','VK01@01'),(311,'GNT',128,'2024-08-06 23:16:00.000000','VK01@01'),(312,'GXT',126,'2024-08-07 00:37:00.000000','VK01@01'),(313,'GXT',125,'2024-08-07 00:37:00.000000','VK01@01'),(314,'GXT',12,'2024-08-07 05:37:00.000000','VK01@01'),(315,'GXT',120,'2024-08-07 05:39:00.000000','VK01@01'),(316,'GNT',129,'2024-08-07 06:53:00.000000','VK01@01'),(317,'GNT',130,'2024-08-07 06:56:00.000000','VK01@01'),(318,'GWT',129,'2024-08-07 06:57:03.382070','VK01@02'),(319,'GWT',130,'2024-08-07 06:59:25.569379','VK01@02'),(320,'TWT',129,'2024-08-07 07:11:27.098780','VK01@02'),(321,'TWT',130,'2024-08-07 07:29:38.269056','VK01@02'),(322,'GNT',131,'2024-08-07 11:22:00.000000','VK01@01'),(323,'GWT',131,'2024-08-07 11:42:43.554746','VK01@02'),(324,'GNT',132,'2024-08-07 13:13:00.000000','VK01@01'),(325,'TWT',132,'2024-08-07 13:23:36.554689','VK01@02'),(326,'GNT',133,'2024-08-07 15:22:00.000000','VK01@01'),(327,'GWT',133,'2024-08-07 15:25:34.473188','VK01@02'),(328,'TWT',133,'2024-08-07 15:37:57.451368','VK01@02'),(329,'GNT',134,'2024-08-07 15:45:00.000000','VK01@01'),(330,'GWT',134,'2024-08-07 15:46:41.828758','VK01@02'),(331,'TWT',134,'2024-08-07 16:00:52.161984','VK01@02'),(332,'GWT',132,'2024-08-07 16:43:05.691063','VK01@02'),(333,'GNT',135,'2024-08-07 17:42:00.000000','VK01@01'),(334,'GWT',135,'2024-08-07 17:51:19.469212','VK01@02'),(335,'TWT',135,'2024-08-07 18:04:44.350805','VK01@02'),(336,'GNT',136,'2024-08-07 18:11:00.000000','VK01@01'),(337,'GWT',136,'2024-08-07 18:15:40.492429','VK01@02'),(338,'GNT',137,'2024-08-07 18:22:00.000000','VK01@01'),(339,'TWT',137,'2024-08-07 18:24:45.366610','VK01@02'),(340,'TWT',136,'2024-08-07 18:28:19.472132','VK01@02'),(341,'GNT',138,'2024-08-07 18:38:00.000000','VK01@01'),(342,'TWT',137,'2024-08-07 18:41:31.382083','VK01@02'),(343,'GWT',138,'2024-08-07 18:44:42.902149','VK01@02'),(344,'GNT',139,'2024-08-07 18:46:00.000000','VK01@01'),(345,'GWT',139,'2024-08-07 18:49:01.618020','VK01@02'),(346,'TWT',138,'2024-08-07 19:17:48.291497','VK01@02'),(347,'GXT',138,'2024-08-07 19:21:00.000000','VK01@01'),(348,'TWT',139,'2024-08-07 19:21:18.401369','VK01@02'),(349,'GNT',140,'2024-08-07 19:28:00.000000','VK01@01'),(350,'GWT',140,'2024-08-07 19:31:07.732823','VK01@02'),(351,'GXT',136,'2024-08-07 19:31:00.000000','VK01@01'),(352,'GXT',135,'2024-08-07 19:32:00.000000','VK01@01'),(353,'GXT',134,'2024-08-07 19:33:00.000000','VK01@01'),(354,'GXT',133,'2024-08-07 19:34:00.000000','VK01@01'),(355,'GXT',130,'2024-08-07 19:38:00.000000','VK01@01'),(356,'GXT',129,'2024-08-07 19:39:00.000000','VK01@01'),(357,'TWT',140,'2024-08-07 19:41:32.639955','VK01@02'),(358,'GXT',140,'2024-08-07 19:42:00.000000','VK01@01'),(359,'GNT',141,'2024-08-07 20:56:00.000000','VK01@01'),(360,'GWT',141,'2024-08-07 20:59:27.339842','VK01@02'),(361,'TWT',141,'2024-08-07 20:59:42.793960','VK01@02'),(362,'GNT',142,'2024-08-07 21:01:00.000000','VK01@01'),(363,'GWT',142,'2024-08-07 21:04:13.592514','VK01@02'),(364,'GNT',143,'2024-08-07 21:05:00.000000','VK01@01'),(365,'GNT',144,'2024-08-07 21:09:00.000000','VK01@01'),(366,'GWT',143,'2024-08-07 21:09:51.601074','VK01@02'),(367,'TWT',143,'2024-08-07 21:10:04.390763','VK01@02'),(368,'GWT',144,'2024-08-07 21:12:05.118547','VK01@02'),(369,'GNT',146,'2024-08-07 21:19:00.000000','VK01@01'),(370,'GWT',146,'2024-08-07 21:22:11.435449','VK01@02'),(371,'TWT',142,'2024-08-07 21:24:46.647834','VK01@02'),(372,'GXT',142,'2024-08-07 21:26:00.000000','VK01@01'),(373,'GXT',143,'2024-08-07 21:28:00.000000','VK01@01'),(374,'TWT',144,'2024-08-07 21:28:34.798908','VK01@02'),(375,'GWT',128,'2024-08-07 21:30:06.319429','VK01@02'),(376,'GXT',144,'2024-08-07 21:30:00.000000','VK01@01'),(377,'GXT',141,'2024-08-07 21:31:00.000000','VK01@01'),(378,'GXT',139,'2024-08-07 21:31:00.000000','VK01@01'),(379,'GXT',132,'2024-08-07 21:32:00.000000','VK01@01'),(380,'TWT',146,'2024-08-07 21:48:59.749345','VK01@02'),(381,'GXT',146,'2024-08-07 21:51:00.000000','VK01@01'),(382,'GNT',147,'2024-08-07 22:18:00.000000','VK01@01'),(383,'GWT',147,'2024-08-07 22:21:20.518420','VK01@02'),(384,'GNT',148,'2024-08-07 22:23:00.000000','VK01@01'),(385,'GWT',148,'2024-08-07 22:24:58.601295','VK01@02'),(386,'GNT',149,'2024-08-07 22:33:00.000000','VK01@01'),(387,'GWT',149,'2024-08-07 22:35:49.939146','VK01@02'),(388,'TWT',148,'2024-08-07 22:57:32.128312','VK01@02'),(389,'TWT',149,'2024-08-07 23:00:36.192483','VK01@02'),(390,'GNT',150,'2024-08-07 23:05:00.000000','VK01@01'),(391,'GWT',150,'2024-08-07 23:08:03.449804','VK01@02'),(392,'TWT',147,'2024-08-07 23:10:20.833241','VK01@02'),(393,'GXT',147,'2024-08-07 23:12:00.000000','VK01@01'),(394,'GNT',151,'2024-08-07 23:18:00.000000','VK01@01'),(395,'GWT',151,'2024-08-07 23:20:23.628069','VK01@02'),(396,'TWT',150,'2024-08-07 23:32:55.142924','VK01@02'),(397,'GXT',150,'2024-08-07 23:34:00.000000','VK01@01'),(398,'TWT',151,'2024-08-07 23:39:47.204557','VK01@02'),(399,'GNT',152,'2024-08-07 23:45:00.000000','VK01@01'),(400,'GWT',152,'2024-08-07 23:47:52.872815','VK01@02'),(401,'TWT',152,'2024-08-08 00:03:43.332949','VK01@02'),(402,'GXT',152,'2024-08-08 00:18:00.000000','VK01@01'),(403,'GXT',151,'2024-08-08 00:18:00.000000','VK01@01'),(404,'GXT',149,'2024-08-08 00:19:00.000000','VK01@01'),(405,'GXT',148,'2024-08-08 00:19:00.000000','VK01@01'),(406,'GNT',153,'2024-08-08 09:20:00.000000','VK01@01'),(407,'TWT',153,'2024-08-08 09:23:16.793813','VK01@02'),(408,'GNT',154,'2024-08-08 09:25:00.000000','VK01@01'),(409,'GWT',154,'2024-08-08 09:27:02.182802','VK01@02'),(410,'TWT',154,'2024-08-08 09:38:59.639745','VK01@02'),(411,'TWT',153,'2024-08-08 09:51:00.905183','VK01@02'),(412,'GNT',155,'2024-08-08 10:50:00.000000','VK01@01'),(413,'TWT',155,'2024-08-08 10:57:14.551216','VK01@02'),(414,'GWT',155,'2024-08-08 13:34:44.931785','VK01@02'),(415,'GNT',156,'2024-08-08 17:07:00.000000','VK01@01'),(416,'GWT',156,'2024-08-08 17:10:36.568645','VK01@02'),(417,'GNT',157,'2024-08-08 17:11:00.000000','VK01@01'),(418,'GWT',157,'2024-08-08 17:13:52.793192','VK01@02'),(419,'TWT',157,'2024-08-08 17:23:56.520294','VK01@02'),(420,'TWT',156,'2024-08-08 17:33:24.488542','VK01@02'),(421,'GNT',158,'2024-08-08 18:55:00.000000','VK01@01'),(422,'GWT',158,'2024-08-08 18:59:51.517783','VK01@02'),(423,'GXT',154,'2024-08-08 19:19:00.000000','VK01@01'),(424,'GXT',156,'2024-08-08 19:20:00.000000','VK01@01'),(425,'GXT',155,'2024-08-08 19:20:00.000000','VK01@01'),(426,'GXT',157,'2024-08-08 19:20:00.000000','VK01@01'),(427,'TWT',158,'2024-08-08 19:24:16.858652','VK01@02'),(428,'GXT',158,'2024-08-08 19:25:00.000000','VK01@01'),(429,'GNT',159,'2024-08-08 20:15:00.000000','VK01@01'),(430,'GWT',159,'2024-08-08 20:17:59.561686','VK01@02'),(431,'TWT',159,'2024-08-08 21:01:20.085571','VK01@02'),(432,'GXT',159,'2024-08-08 21:03:00.000000','VK01@01'),(433,'GNT',160,'2024-08-08 22:40:00.000000','VK01@01'),(434,'GWT',160,'2024-08-08 22:44:28.631260','VK01@02'),(435,'TWT',160,'2024-08-08 23:18:54.747721','VK01@02'),(436,'GXT',160,'2024-08-08 23:21:00.000000','VK01@01'),(437,'GNT',161,'2024-08-08 23:23:00.000000','VK01@01'),(438,'GWT',161,'2024-08-08 23:28:27.262349','VK01@02'),(439,'TWT',161,'2024-08-08 23:45:47.429927','VK01@02'),(440,'GXT',161,'2024-08-08 23:47:00.000000','VK01@01'),(441,'GNT',162,'2024-08-09 07:06:00.000000','VK01@01'),(442,'GWT',162,'2024-08-09 07:09:06.013539','VK01@02'),(443,'GNT',163,'2024-08-09 07:11:00.000000','VK01@01'),(444,'GWT',163,'2024-08-09 07:14:34.238627','VK01@02'),(445,'TWT',162,'2024-08-09 07:27:12.997353','VK01@02'),(446,'TWT',163,'2024-08-09 07:32:26.141582','VK01@02'),(447,'GNT',164,'2024-08-09 10:34:00.000000','VK01@01'),(448,'TWT',164,'2024-08-09 10:54:15.960496','VK01@02'),(449,'GNT',165,'2024-08-09 11:19:00.000000','VK01@01'),(450,'GWT',165,'2024-08-09 11:23:21.584268','VK01@02'),(451,'TWT',165,'2024-08-09 11:40:47.682626','VK01@02'),(452,'GNT',166,'2024-08-09 11:53:00.000000','VK01@01'),(453,'GWT',166,'2024-08-09 11:56:27.375321','VK01@02'),(454,'TWT',166,'2024-08-09 12:09:28.164588','VK01@02'),(455,'GNT',167,'2024-08-09 12:21:00.000000','VK01@01'),(456,'GWT',167,'2024-08-09 12:25:23.421346','VK01@02'),(457,'GWT',164,'2024-08-09 12:37:22.175482','VK01@02'),(458,'TWT',167,'2024-08-09 12:48:16.241362','VK01@02'),(459,'GNT',168,'2024-08-09 13:24:00.000000','VK01@01'),(460,'TWT',168,'2024-08-09 13:29:41.397272','VK01@02'),(461,'GNT',169,'2024-08-09 14:35:00.000000','VK01@01'),(462,'GWT',169,'2024-08-09 14:38:12.422789','VK01@02'),(463,'GNT',170,'2024-08-09 14:42:00.000000','VK01@01'),(464,'GWT',170,'2024-08-09 14:44:34.134911','VK01@02'),(465,'TWT',169,'2024-08-09 14:49:20.193622','VK01@02'),(466,'TWT',170,'2024-08-09 15:01:56.401517','VK01@02'),(467,'GNT',171,'2024-08-09 15:03:00.000000','VK01@01'),(468,'GWT',171,'2024-08-09 15:06:17.656509','VK01@02'),(469,'GNT',172,'2024-08-09 15:09:00.000000','VK01@01'),(470,'GWT',172,'2024-08-09 15:12:17.102497','VK01@02'),(471,'GNT',173,'2024-08-09 15:14:00.000000','VK01@01'),(472,'GWT',173,'2024-08-09 15:17:59.247258','VK01@02'),(473,'GNT',174,'2024-08-09 15:20:00.000000','VK01@01'),(474,'GWT',174,'2024-08-09 15:26:41.201615','VK01@02'),(475,'GNT',175,'2024-08-09 15:33:00.000000','VK01@01'),(476,'GWT',175,'2024-08-09 15:38:15.755409','VK01@02'),(477,'GWT',168,'2024-08-09 16:07:37.605868','VK01@02'),(478,'TWT',173,'2024-08-09 16:10:22.727650','VK01@02'),(479,'TWT',172,'2024-08-09 16:13:37.072524','VK01@02'),(480,'TWT',174,'2024-08-09 16:15:52.503335','VK01@02'),(481,'TWT',171,'2024-08-09 16:17:42.904323','VK01@02'),(482,'TWT',175,'2024-08-09 16:19:04.871792','VK01@02'),(483,'GNT',176,'2024-08-09 17:19:00.000000','VK01@01'),(484,'GWT',176,'2024-08-09 17:23:02.399976','VK01@02'),(485,'GNT',177,'2024-08-09 17:30:00.000000','VK01@01'),(486,'GWT',177,'2024-08-09 17:34:46.933783','VK01@02'),(487,'GWT',18,'2024-08-09 18:04:33.000904','VK01@02'),(488,'TWT',176,'2024-08-09 18:20:28.771144','VK01@02'),(489,'TWT',177,'2024-08-09 18:24:17.930231','VK01@02'),(490,'GNT',178,'2024-08-09 19:08:00.000000','VK01@01'),(491,'GWT',178,'2024-08-09 19:11:57.234554','VK01@02'),(492,'GXT',168,'2024-08-09 19:30:00.000000','VK01@01'),(493,'TWT',178,'2024-08-09 19:34:07.206203','VK01@02'),(494,'GXT',178,'2024-08-09 19:37:00.000000','VK01@01'),(495,'GNT',179,'2024-08-09 21:04:00.000000','VK01@01'),(496,'GWT',179,'2024-08-09 21:08:00.714383','VK01@02'),(497,'TWT',179,'2024-08-09 21:18:44.718233','VK01@02'),(498,'GXT',179,'2024-08-09 21:19:00.000000','VK01@01'),(499,'GXT',177,'2024-08-10 06:24:00.000000','VK01@01'),(500,'GXT',176,'2024-08-10 06:25:00.000000','VK01@01'),(501,'GXT',175,'2024-08-10 06:25:00.000000','VK01@01'),(502,'GXT',174,'2024-08-10 06:25:00.000000','VK01@01'),(503,'GXT',173,'2024-08-10 06:26:00.000000','VK01@01'),(504,'GXT',172,'2024-08-10 06:26:00.000000','VK01@01'),(505,'GXT',171,'2024-08-10 06:26:00.000000','VK01@01'),(506,'GXT',170,'2024-08-10 06:27:00.000000','VK01@01'),(507,'GXT',169,'2024-08-10 06:27:00.000000','VK01@01'),(508,'GXT',167,'2024-08-10 06:27:00.000000','VK01@01'),(509,'GXT',166,'2024-08-10 06:28:00.000000','VK01@01'),(510,'GXT',165,'2024-08-10 06:28:00.000000','VK01@01'),(511,'GXT',163,'2024-08-10 06:28:00.000000','VK01@01'),(512,'GXT',162,'2024-08-10 06:29:00.000000','VK01@01'),(513,'GXT',164,'2024-08-10 06:29:00.000000','VK01@01'),(514,'GNT',180,'2024-08-10 08:22:00.000000','VK01@01'),(515,'GWT',180,'2024-08-10 08:27:21.405161','VK01@02'),(516,'TWT',180,'2024-08-10 09:06:37.200967','VK01@02'),(517,'GNT',181,'2024-08-10 14:38:00.000000','VK01@01'),(518,'GWT',181,'2024-08-10 14:41:41.855979','VK01@02'),(519,'TWT',181,'2024-08-10 15:27:06.020777','VK01@02'),(520,'GNT',182,'2024-08-10 17:10:00.000000','VK01@01'),(521,'GWT',182,'2024-08-10 17:14:29.006480','VK01@02'),(522,'TWT',182,'2024-08-10 17:33:20.273549','VK01@02'),(523,'GNT',183,'2024-08-10 20:03:00.000000','VK01@01'),(524,'GWT',183,'2024-08-10 20:06:51.624114','VK01@02'),(525,'TWT',183,'2024-08-10 20:23:56.681444','VK01@02'),(526,'GXT',183,'2024-08-10 20:37:00.000000','VK01@01'),(527,'GXT',182,'2024-08-10 20:37:00.000000','VK01@01'),(528,'GXT',181,'2024-08-10 20:38:00.000000','VK01@01'),(529,'GXT',180,'2024-08-10 20:38:00.000000','VK01@01'),(530,'GNT',184,'2024-08-10 20:42:00.000000','VK01@01'),(531,'GWT',184,'2024-08-10 20:44:46.045436','VK01@02'),(532,'GNT',185,'2024-08-10 20:45:00.000000','VK01@01'),(533,'GWT',185,'2024-08-10 20:47:13.296485','VK01@02'),(534,'TWT',184,'2024-08-10 20:54:01.546514','VK01@02'),(535,'TWT',185,'2024-08-10 20:56:08.476548','VK01@02'),(536,'GNT',186,'2024-08-10 21:31:00.000000','VK01@01'),(537,'GWT',186,'2024-08-10 21:34:22.005039','VK01@02'),(538,'TWT',186,'2024-08-10 21:44:35.853633','VK01@02'),(539,'GNT',187,'2024-08-10 22:29:00.000000','VK01@01'),(540,'GWT',187,'2024-08-10 22:31:59.493508','VK01@02'),(541,'GNT',188,'2024-08-10 22:32:00.000000','VK01@01'),(542,'GWT',188,'2024-08-10 22:36:09.120897','VK01@02'),(543,'GXT',185,'2024-08-10 22:40:00.000000','VK01@01'),(544,'GXT',186,'2024-08-10 22:42:00.000000','VK01@01'),(545,'GXT',184,'2024-08-10 22:43:00.000000','VK01@01'),(546,'TWT',187,'2024-08-10 22:44:41.001558','VK01@02'),(547,'GXT',187,'2024-08-10 22:53:00.000000','VK01@01'),(548,'TWT',188,'2024-08-10 23:01:34.702715','VK01@02'),(549,'GXT',188,'2024-08-10 23:03:00.000000','VK01@01'),(550,'GNT',189,'2024-08-11 00:34:00.000000','VK01@01'),(551,'GWT',189,'2024-08-11 00:37:56.318832','VK01@02'),(552,'TWT',189,'2024-08-11 00:54:40.901219','VK01@02'),(553,'GXT',189,'2024-08-11 00:56:00.000000','VK01@01'),(554,'GNT',190,'2024-08-11 05:19:00.000000','VK01@01'),(555,'GWT',190,'2024-08-11 05:21:36.793725','VK01@02'),(556,'TWT',190,'2024-08-11 05:35:50.141670','VK01@02'),(557,'GXT',190,'2024-08-11 05:40:00.000000','VK01@01'),(558,'GNT',191,'2024-08-11 06:33:00.000000','VK01@01'),(559,'GWT',191,'2024-08-11 06:36:11.227735','VK01@02'),(560,'TWT',191,'2024-08-11 06:59:00.578121','VK01@02'),(561,'GXT',191,'2024-08-11 07:01:00.000000','VK01@01'),(562,'GNT',192,'2024-08-11 07:08:00.000000','VK01@01'),(563,'GWT',192,'2024-08-11 07:10:21.871580','VK01@02'),(564,'GNT',193,'2024-08-11 07:16:00.000000','VK01@01'),(565,'GWT',193,'2024-08-11 07:18:34.242768','VK01@02'),(566,'TWT',192,'2024-08-11 07:23:20.445081','VK01@02'),(567,'GXT',192,'2024-08-11 07:24:00.000000','VK01@01'),(568,'TWT',193,'2024-08-11 08:01:08.883562','VK01@02'),(569,'GXT',193,'2024-08-11 08:02:00.000000','VK01@01'),(570,'GNT',194,'2024-08-11 12:29:00.000000','VK01@01'),(571,'GWT',194,'2024-08-11 12:32:11.806520','VK01@02'),(572,'TWT',194,'2024-08-11 12:55:27.931557','VK01@02'),(573,'GXT',194,'2024-08-11 12:57:00.000000','VK01@01'),(574,'GNT',195,'2024-08-11 21:45:00.000000','VK01@01'),(575,'GWT',195,'2024-08-11 21:48:12.832563','VK01@02'),(576,'TWT',195,'2024-08-11 22:00:15.428190','VK01@02'),(577,'GXT',195,'2024-08-12 09:12:00.000000','VK01@01'),(578,'GNT',196,'2024-08-12 10:32:00.000000','VK01@01'),(579,'GNT',197,'2024-08-12 10:38:00.000000','VK01@01'),(580,'TWT',196,'2024-08-12 10:38:54.367916','VK01@02'),(581,'TWT',197,'2024-08-12 10:45:14.191703','VK01@02'),(582,'GNT',198,'2024-08-12 10:46:00.000000','VK01@01'),(583,'GNT',199,'2024-08-12 10:53:00.000000','VK01@01'),(584,'TWT',198,'2024-08-12 10:54:02.726797','VK01@02'),(585,'GNT',200,'2024-08-12 11:04:00.000000','VK01@01'),(586,'TWT',199,'2024-08-12 11:04:49.356911','VK01@02'),(587,'TWT',200,'2024-08-12 11:15:40.985299','VK01@02'),(588,'GNT',201,'2024-08-12 11:20:00.000000','VK01@01'),(589,'TWT',201,'2024-08-12 11:24:21.308138','VK01@02'),(590,'GNT',202,'2024-08-12 11:24:00.000000','VK01@01'),(591,'TWT',202,'2024-08-12 11:48:09.343612','VK01@02'),(592,'GNT',203,'2024-08-12 12:01:00.000000','VK01@01'),(593,'GWT',203,'2024-08-12 12:09:52.036903','VK01@02'),(594,'TWT',203,'2024-08-12 12:24:07.047290','VK01@02'),(595,'GWT',197,'2024-08-12 12:59:34.348322','VK01@02'),(596,'GNT',204,'2024-08-12 13:17:00.000000','VK01@01'),(597,'GXT',203,'2024-08-12 13:18:00.000000','VK01@01'),(598,'GWT',204,'2024-08-12 13:21:48.886060','VK01@02'),(599,'TWT',204,'2024-08-12 13:42:45.628870','VK01@02'),(600,'GXT',204,'2024-08-12 14:25:00.000000','VK01@01'),(601,'GWT',198,'2024-08-12 15:05:09.964218','VK01@02'),(602,'GWT',199,'2024-08-12 15:14:49.003396','VK01@02'),(603,'GNT',205,'2024-08-12 15:15:00.000000','VK01@01'),(604,'GWT',196,'2024-08-12 15:19:33.473151','VK01@02'),(605,'GWT',205,'2024-08-12 15:24:06.277443','VK01@02'),(606,'GNT',206,'2024-08-12 15:24:00.000000','VK01@01'),(607,'GWT',206,'2024-08-12 15:27:31.769972','VK01@02'),(608,'TWT',205,'2024-08-12 15:47:13.308296','VK01@02'),(609,'TWT',206,'2024-08-12 15:49:20.633819','VK01@02'),(610,'GXT',205,'2024-08-12 15:51:00.000000','VK01@01'),(611,'GXT',206,'2024-08-12 15:51:00.000000','VK01@01'),(612,'GNT',207,'2024-08-12 15:56:00.000000','VK01@01'),(613,'GWT',207,'2024-08-12 15:58:20.748370','VK01@02'),(614,'TWT',207,'2024-08-12 16:09:11.594650','VK01@02'),(615,'GXT',207,'2024-08-12 16:10:00.000000','VK01@01'),(616,'GWT',202,'2024-08-12 16:16:03.475868','VK01@02'),(617,'GWT',200,'2024-08-12 17:06:57.714941','VK01@02'),(618,'GWT',201,'2024-08-12 17:23:19.084736','VK01@02'),(619,'GNT',208,'2024-08-12 17:23:00.000000','VK01@01'),(620,'GNT',209,'2024-08-12 17:26:00.000000','VK01@01'),(621,'GWT',208,'2024-08-12 17:34:14.101096','VK01@02'),(622,'GNT',210,'2024-08-12 17:34:00.000000','VK01@01'),(623,'GWT',209,'2024-08-12 17:36:26.609236','VK01@02'),(624,'GWT',210,'2024-08-12 17:39:07.714530','VK01@02'),(625,'GNT',211,'2024-08-12 17:39:00.000000','VK01@01'),(626,'GWT',211,'2024-08-12 17:42:09.849777','VK01@02'),(627,'GXT',197,'2024-08-12 17:47:00.000000','VK01@01'),(628,'TWT',209,'2024-08-12 17:51:23.169203','VK01@02'),(629,'GXT',209,'2024-08-12 17:56:00.000000','VK01@01'),(630,'TWT',210,'2024-08-12 17:57:23.654640','VK01@02'),(631,'GXT',210,'2024-08-12 17:58:00.000000','VK01@01'),(632,'TWT',208,'2024-08-12 17:59:59.622903','VK01@02'),(633,'GXT',208,'2024-08-12 18:01:00.000000','VK01@01'),(634,'TWT',211,'2024-08-12 18:01:43.569588','VK01@02'),(635,'GXT',211,'2024-08-12 18:02:00.000000','VK01@01'),(636,'GNT',212,'2024-08-12 19:13:00.000000','VK01@01'),(637,'GWT',212,'2024-08-12 19:16:57.037354','VK01@02'),(638,'TWT',212,'2024-08-12 19:36:55.857195','VK01@02'),(639,'GNT',213,'2024-08-12 21:03:00.000000','VK01@01'),(640,'GWT',213,'2024-08-12 21:07:26.627688','VK01@02'),(641,'TWT',213,'2024-08-12 21:24:14.809479','VK01@02'),(642,'GNT',214,'2024-08-13 00:51:00.000000','VK01@01'),(643,'GWT',214,'2024-08-13 00:55:54.404858','VK01@02'),(644,'GNT',215,'2024-08-13 00:56:00.000000','VK01@01'),(645,'GWT',215,'2024-08-13 00:59:58.893662','VK01@02'),(646,'GNT',216,'2024-08-13 01:02:00.000000','VK01@01'),(647,'GWT',216,'2024-08-13 01:07:12.732635','VK01@02'),(648,'TWT',214,'2024-08-13 01:13:39.833956','VK01@02'),(649,'TWT',215,'2024-08-13 01:16:28.775658','VK01@02'),(650,'TWT',216,'2024-08-13 01:31:41.963126','VK01@02'),(651,'GNT',217,'2024-08-13 06:52:00.000000','VK01@01'),(652,'GWT',217,'2024-08-13 06:55:30.316794','VK01@02'),(653,'TWT',217,'2024-08-13 07:11:39.700591','VK01@02'),(654,'GXT',213,'2024-08-13 07:31:00.000000','VK01@01'),(655,'GXT',212,'2024-08-13 07:31:00.000000','VK01@01'),(656,'GXT',214,'2024-08-13 07:32:00.000000','VK01@01'),(657,'GXT',215,'2024-08-13 07:32:00.000000','VK01@01'),(658,'GXT',216,'2024-08-13 07:32:00.000000','VK01@01'),(659,'GXT',199,'2024-08-13 07:33:00.000000','VK01@01'),(660,'GXT',202,'2024-08-13 07:33:00.000000','VK01@01'),(661,'GXT',201,'2024-08-13 07:34:00.000000','VK01@01'),(662,'GXT',200,'2024-08-13 07:34:00.000000','VK01@01'),(663,'GXT',198,'2024-08-13 07:34:00.000000','VK01@01'),(664,'GXT',196,'2024-08-13 07:35:00.000000','VK01@01'),(665,'GNT',218,'2024-08-13 09:16:00.000000','VK01@01'),(666,'GWT',218,'2024-08-13 09:19:57.364829','VK01@02'),(667,'GNT',219,'2024-08-13 09:20:00.000000','VK01@01'),(668,'GXT',217,'2024-08-13 09:21:00.000000','VK01@01'),(669,'GWT',219,'2024-08-13 09:24:02.704237','VK01@02'),(670,'TWT',218,'2024-08-13 09:33:17.626772','VK01@02'),(671,'GXT',218,'2024-08-13 09:34:00.000000','VK01@01'),(672,'TWT',219,'2024-08-13 09:55:39.723613','VK01@02'),(673,'GXT',219,'2024-08-13 10:46:00.000000','VK01@01'),(674,'GNT',220,'2024-08-13 11:17:00.000000','VK01@01'),(675,'TWT',220,'2024-08-13 11:24:13.393515','VK01@02'),(676,'GNT',221,'2024-08-13 11:24:00.000000','VK01@01'),(677,'TWT',221,'2024-08-13 11:33:29.542727','VK01@02'),(678,'GNT',222,'2024-08-13 11:40:00.000000','VK01@01'),(679,'GWT',222,'2024-08-13 11:43:43.958315','VK01@02'),(680,'TWT',222,'2024-08-13 12:06:48.674039','VK01@02'),(681,'GXT',222,'2024-08-13 12:09:00.000000','VK01@01'),(682,'GNT',223,'2024-08-13 12:49:00.000000','VK01@01'),(683,'GWT',221,'2024-08-13 12:50:20.485189','VK01@02'),(684,'GNT',224,'2024-08-13 12:54:00.000000','VK01@01'),(685,'GWT',223,'2024-08-13 12:54:46.260053','VK01@02'),(686,'GWT',224,'2024-08-13 12:57:13.725008','VK01@02'),(687,'TWT',223,'2024-08-13 13:06:33.037026','VK01@02'),(688,'GXT',223,'2024-08-13 13:08:00.000000','VK01@01'),(689,'GWT',220,'2024-08-13 13:14:37.225585','VK01@02'),(690,'TWT',224,'2024-08-13 13:18:54.883952','VK01@02'),(691,'GXT',224,'2024-08-13 14:20:00.000000','VK01@01'),(692,'GNT',225,'2024-08-13 14:29:00.000000','VK01@01'),(693,'GWT',225,'2024-08-13 14:31:57.129150','VK01@02'),(694,'TWT',225,'2024-08-13 14:48:27.199489','VK01@02'),(695,'GXT',225,'2024-08-13 14:50:00.000000','VK01@01'),(696,'GNT',226,'2024-08-13 16:29:00.000000','VK01@01'),(697,'GWT',226,'2024-08-13 16:35:56.275406','VK01@02'),(698,'TWT',226,'2024-08-13 16:48:24.539390','VK01@02'),(699,'GXT',226,'2024-08-13 17:30:00.000000','VK01@01'),(700,'GXT',226,'2024-08-13 17:30:00.000000','VK01@01'),(701,'GNT',227,'2024-08-13 17:36:00.000000','VK01@01'),(702,'GWT',227,'2024-08-13 17:41:49.802009','VK01@02'),(703,'TWT',227,'2024-08-13 17:52:56.319596','VK01@02'),(704,'GNT',228,'2024-08-13 20:22:00.000000','VK01@01'),(705,'GWT',228,'2024-08-13 20:26:04.009342','VK01@02'),(706,'GNT',229,'2024-08-13 20:28:00.000000','VK01@01'),(707,'GWT',229,'2024-08-13 20:35:27.572199','VK01@02'),(708,'TWT',228,'2024-08-13 20:47:35.789674','VK01@02'),(709,'TWT',229,'2024-08-13 20:55:22.032771','VK01@02'),(710,'GNT',230,'2024-08-13 22:19:00.000000','VK01@01'),(711,'GWT',230,'2024-08-13 22:23:32.822526','VK01@02'),(712,'GNT',231,'2024-08-13 22:24:00.000000','VK01@01'),(713,'GWT',231,'2024-08-13 22:28:53.739871','VK01@02'),(714,'TWT',230,'2024-08-13 22:38:50.128785','VK01@02'),(715,'TWT',231,'2024-08-13 22:43:51.640941','VK01@02'),(716,'GNT',232,'2024-08-13 23:18:00.000000','VK01@01'),(717,'GWT',232,'2024-08-13 23:22:19.040032','VK01@02'),(718,'TWT',232,'2024-08-13 23:38:31.515179','VK01@02'),(719,'GXT',221,'2024-08-14 10:41:00.000000','VK01@01'),(720,'GXT',220,'2024-08-14 10:42:00.000000','VK01@01'),(721,'GXT',232,'2024-08-14 10:42:00.000000','VK01@01'),(722,'GXT',231,'2024-08-14 10:42:00.000000','VK01@01'),(723,'GXT',230,'2024-08-14 10:43:00.000000','VK01@01'),(724,'GXT',229,'2024-08-14 10:43:00.000000','VK01@01'),(725,'GXT',228,'2024-08-14 10:43:00.000000','VK01@01'),(726,'GXT',227,'2024-08-14 10:44:00.000000','VK01@01'),(727,'GNT',233,'2024-08-14 11:32:00.000000','VK01@01'),(728,'TWT',233,'2024-08-14 11:43:27.282805','VK01@02'),(729,'GNT',234,'2024-08-14 11:59:00.000000','VK01@01'),(730,'TWT',234,'2024-08-14 12:08:45.546337','VK01@02'),(731,'GNT',235,'2024-08-14 13:00:00.000000','VK01@01'),(732,'TWT',235,'2024-08-14 13:06:10.136389','VK01@02'),(733,'GWT',233,'2024-08-14 13:42:17.332902','VK01@02'),(734,'GWT',234,'2024-08-14 14:14:37.359573','VK01@02'),(735,'GWT',235,'2024-08-14 15:48:54.219110','VK01@02'),(736,'GNT',236,'2024-08-14 16:18:00.000000','VK01@01'),(737,'TWT',236,'2024-08-14 16:28:19.489087','VK01@02'),(738,'GWT',236,'2024-08-14 17:55:40.399270','VK01@02'),(739,'GNT',237,'2024-08-14 18:39:00.000000','VK01@01'),(740,'GNT',238,'2024-08-14 18:40:00.000000','VK01@01'),(741,'TWT',238,'2024-08-14 18:46:33.643993','VK01@02'),(742,'GNT',239,'2024-08-14 18:53:00.000000','VK01@01'),(743,'GWT',239,'2024-08-14 18:57:28.295859','VK01@02'),(744,'GWT',237,'2024-08-14 19:05:53.921065','VK01@02'),(745,'GXT',235,'2024-08-14 19:07:00.000000','VK01@01'),(746,'TWT',239,'2024-08-14 19:27:53.056528','VK01@02'),(747,'GNT',240,'2024-08-15 07:46:00.000000','VK01@01'),(748,'GNT',241,'2024-08-15 07:50:00.000000','VK01@01'),(749,'GWT',240,'2024-08-15 07:52:08.238240','VK01@02'),(750,'GNT',242,'2024-08-15 07:53:00.000000','VK01@01'),(751,'GWT',241,'2024-08-15 08:01:05.999947','VK01@02'),(752,'GWT',242,'2024-08-15 08:06:00.617582','VK01@02'),(753,'TWT',240,'2024-08-15 08:11:05.274347','VK01@02'),(754,'TWT',241,'2024-08-15 08:13:11.830688','VK01@02'),(755,'TWT',242,'2024-08-15 08:21:25.330667','VK01@02'),(756,'GXT',242,'2024-08-15 09:55:00.000000','VK01@01'),(757,'GXT',241,'2024-08-15 09:55:00.000000','VK01@01'),(758,'GXT',240,'2024-08-15 09:55:00.000000','VK01@01'),(759,'GXT',239,'2024-08-15 09:55:00.000000','VK01@01'),(760,'GXT',236,'2024-08-15 09:56:00.000000','VK01@01'),(761,'GXT',234,'2024-08-15 09:56:00.000000','VK01@01'),(762,'GNT',243,'2024-08-15 09:59:00.000000','VK01@01'),(763,'GXT',233,'2024-08-15 10:00:00.000000','VK01@01'),(764,'GWT',243,'2024-08-15 10:03:32.429248','VK01@02'),(765,'GNT',244,'2024-08-15 10:03:00.000000','VK01@01'),(766,'GWT',244,'2024-08-15 10:07:12.838064','VK01@02'),(767,'GNT',245,'2024-08-15 10:08:00.000000','VK01@01'),(768,'GWT',245,'2024-08-15 10:11:47.019045','VK01@02'),(769,'GNT',246,'2024-08-15 10:12:00.000000','VK01@01'),(770,'GWT',246,'2024-08-15 10:14:56.173871','VK01@02'),(771,'GNT',247,'2024-08-15 10:18:00.000000','VK01@01'),(772,'TWT',243,'2024-08-15 10:20:57.185829','VK01@02'),(773,'GXT',243,'2024-08-15 10:22:00.000000','VK01@01'),(774,'TWT',247,'2024-08-15 10:29:10.730059','VK01@02'),(775,'TWT',245,'2024-08-15 10:35:54.523829','VK01@02'),(776,'TWT',244,'2024-08-15 10:37:54.156996','VK01@02'),(777,'TWT',246,'2024-08-15 10:39:38.539761','VK01@02'),(778,'GNT',248,'2024-08-15 10:44:00.000000','VK01@01'),(779,'GNT',249,'2024-08-15 10:48:00.000000','VK01@01'),(780,'GNT',250,'2024-08-15 10:51:00.000000','VK01@01'),(781,'TWT',248,'2024-08-15 10:53:23.831557','VK01@02'),(782,'GXT',246,'2024-08-15 10:58:00.000000','VK01@01'),(783,'TWT',249,'2024-08-15 10:59:35.295624','VK01@02'),(784,'TWT',250,'2024-08-15 11:08:43.468541','VK01@02'),(785,'GNT',251,'2024-08-15 11:11:00.000000','VK01@01'),(786,'GWT',251,'2024-08-15 11:14:33.560308','VK01@02'),(787,'GNT',252,'2024-08-15 11:28:00.000000','VK01@01'),(788,'TWT',252,'2024-08-15 11:34:39.326575','VK01@02'),(789,'GNT',253,'2024-08-15 11:45:00.000000','VK01@01'),(790,'GWT',247,'2024-08-15 12:04:19.568997','VK01@02'),(791,'TWT',251,'2024-08-15 12:09:53.964053','VK01@02'),(792,'GXT',251,'2024-08-15 12:17:00.000000','VK01@01'),(793,'GXT',245,'2024-08-15 12:18:00.000000','VK01@01'),(794,'GXT',244,'2024-08-15 12:18:00.000000','VK01@01'),(795,'GNT',254,'2024-08-15 12:21:00.000000','VK01@01'),(796,'TWT',254,'2024-08-15 12:25:50.690353','VK01@02'),(797,'GNT',255,'2024-08-15 12:31:00.000000','VK01@01'),(798,'TWT',255,'2024-08-15 12:36:07.022457','VK01@02'),(799,'GWT',248,'2024-08-15 12:53:59.799280','VK01@02'),(800,'GWT',252,'2024-08-15 14:23:58.762096','VK01@02'),(801,'GWT',254,'2024-08-15 14:54:24.696884','VK01@02'),(802,'GWT',249,'2024-08-15 15:08:01.897106','VK01@02'),(803,'GWT',250,'2024-08-15 15:11:28.357660','VK01@02'),(804,'GWT',255,'2024-08-15 16:47:03.380079','VK01@02'),(805,'GNT',256,'2024-08-15 17:18:00.000000','VK01@01'),(806,'GWT',256,'2024-08-15 17:21:18.512528','VK01@02'),(807,'TWT',256,'2024-08-15 17:41:54.542304','VK01@02'),(808,'GNT',257,'2024-08-16 12:29:00.000000','VK01@01'),(809,'GNT',258,'2024-08-16 12:31:00.000000','VK01@01'),(810,'TWT',257,'2024-08-16 12:41:05.537120','VK01@02'),(811,'TWT',258,'2024-08-16 12:47:42.631372','VK01@02'),(812,'GNT',259,'2024-08-16 14:43:00.000000','VK01@01'),(813,'GNT',260,'2024-08-16 14:50:00.000000','VK01@01'),(814,'TWT',259,'2024-08-16 14:50:17.305880','VK01@02'),(815,'TWT',260,'2024-08-16 14:57:51.840579','VK01@02'),(816,'GWT',258,'2024-08-16 16:33:18.650911','VK01@02'),(817,'GWT',257,'2024-08-16 16:37:58.597128','VK01@02'),(818,'GWT',259,'2024-08-16 17:20:57.341132','VK01@02'),(819,'GWT',260,'2024-08-16 17:23:29.924056','VK01@02'),(820,'GXT',256,'2024-08-16 19:32:00.000000','VK01@01'),(821,'GXT',255,'2024-08-16 21:08:00.000000','VK01@01'),(822,'GXT',254,'2024-08-16 21:08:00.000000','VK01@01'),(823,'GXT',247,'2024-08-16 21:09:00.000000','VK01@01'),(824,'GXT',248,'2024-08-16 21:10:00.000000','VK01@01'),(825,'GXT',249,'2024-08-16 21:11:00.000000','VK01@01'),(826,'GXT',250,'2024-08-16 21:11:00.000000','VK01@01'),(827,'GXT',252,'2024-08-16 21:12:00.000000','VK01@01'),(828,'GXT',258,'2024-08-16 22:38:00.000000','VK01@01'),(829,'GXT',260,'2024-08-17 06:33:00.000000','VK01@01'),(830,'GXT',259,'2024-08-17 06:33:00.000000','VK01@01'),(831,'GXT',257,'2024-08-17 08:47:00.000000','VK01@01'),(832,'GNT',261,'2024-08-17 10:37:00.000000','VK01@01'),(833,'GWT',261,'2024-08-17 10:42:12.909604','VK01@02'),(834,'GNT',262,'2024-08-17 10:43:00.000000','VK01@01'),(835,'TWT',262,'2024-08-17 10:50:15.497171','VK01@02'),(836,'GNT',263,'2024-08-17 11:26:00.000000','VK01@01'),(837,'GNT',264,'2024-08-17 11:29:00.000000','VK01@01'),(838,'TWT',263,'2024-08-17 11:32:05.832167','VK01@02'),(839,'GNT',265,'2024-08-17 11:35:00.000000','VK01@01'),(840,'TWT',264,'2024-08-17 11:36:52.795548','VK01@02'),(841,'TWT',265,'2024-08-17 11:45:37.993215','VK01@02'),(842,'TWT',261,'2024-08-17 11:56:28.009326','VK01@02'),(843,'GNT',266,'2024-08-17 12:03:00.000000','VK01@01'),(844,'GNT',267,'2024-08-17 12:06:00.000000','VK01@01'),(845,'GWT',266,'2024-08-17 12:07:17.849390','VK01@02'),(846,'GXT',261,'2024-08-17 12:08:00.000000','VK01@01'),(847,'GWT',267,'2024-08-17 12:10:31.773641','VK01@02'),(848,'TWT',266,'2024-08-17 12:33:20.765171','VK01@02'),(849,'GXT',266,'2024-08-17 12:35:00.000000','VK01@01'),(850,'TWT',267,'2024-08-17 12:36:05.094075','VK01@02'),(851,'GXT',267,'2024-08-17 12:36:00.000000','VK01@01');
/*!40000 ALTER TABLE `transaction_log` ENABLE KEYS */;
UNLOCK TABLES;

--
-- Table structure for table `transporter_master`
--

DROP TABLE IF EXISTS `transporter_master`;
/*!40101 SET @saved_cs_client     = @@character_set_client */;
/*!50503 SET character_set_client = utf8mb4 */;
CREATE TABLE `transporter_master` (
  `id` bigint NOT NULL AUTO_INCREMENT,
  `status` varchar(255) DEFAULT NULL,
  `transporter_address` varchar(255) DEFAULT NULL,
  `transporter_contact_no` varchar(255) DEFAULT NULL,
  `transporter_created_by` varchar(255) DEFAULT NULL,
  `transporter_created_date` datetime(6) DEFAULT NULL,
  `transporter_email_id` varchar(255) DEFAULT NULL,
  `transporter_modified_by` varchar(255) DEFAULT NULL,
  `transporter_modified_date` datetime(6) DEFAULT NULL,
  `transporter_name` varchar(255) NOT NULL,
  PRIMARY KEY (`id`),
  UNIQUE KEY `UK_transporter_name` (`transporter_name`)
) ENGINE=InnoDB AUTO_INCREMENT=13 DEFAULT CHARSET=utf8mb4 COLLATE=utf8mb4_0900_ai_ci;
/*!40101 SET character_set_client = @saved_cs_client */;

--
-- Dumping data for table `transporter_master`
--

LOCK TABLES `transporter_master` WRITE;
/*!40000 ALTER TABLE `transporter_master` DISABLE KEYS */;
INSERT INTO `transporter_master` VALUES (1,'ACTIVE','456 Oak Avenue, Somewhere City, Canada','9876543222','admin','2024-06-18 13:04:07.288851','info@swifttransportsolutions.com','admin','2024-06-18 13:04:07.288851','Swift Transport Solutions'),(2,'ACTIVE','Irrigation colony near','9123456781','admin','2024-06-18 13:04:53.746662','maharani@example.com','admin','2024-06-18 13:04:53.746662','Mahanrani Inc.'),(3,'ACTIVE','Barsuan, Sundargarh','7656033120','admin','2024-07-02 16:40:27.896629','akhalandai@example.com','admin','2024-07-02 16:40:27.896629','Sri Akhandalamani Roadways'),(4,'ACTIVE','Katabanji, 756432','7856857585','VK01@04','2024-07-04 12:15:07.482383','mikhali@gmail.com','VK01@04','2024-07-04 12:15:07.482383','Mikhali Transporter Co.'),(5,'ACTIVE','ROURKELA','1233333333','VK01@04','2024-07-04 14:15:38.312925','','VK01@04','2024-07-04 14:15:38.312925','JAI BHAGWAN TRANSPORT'),(6,'ACTIVE','BARSUAN','4476522312','VK01@01','2024-07-04 18:40:57.973049','','VK01@01','2024-07-04 18:40:57.973049','AKHANDALAMANI'),(7,'ACTIVE','MCL Garjannbahal OCP ROURKELA','7787809387','VK01@01','2024-07-05 07:39:08.117345','','VK01@01','2024-07-05 07:39:08.117345','NIKHIL ENTERPRISE'),(8,'ACTIVE','ROURKELA','9040381968','VK01@09','2024-07-06 10:32:57.177395','','VK01@09','2024-07-06 10:32:57.177395','MAA SHERAWALI TRANSPORT'),(9,'ACTIVE','VEDVYAS ROURKELA','','VK01@09','2024-07-26 13:01:08.666280','','VK01@09','2024-07-26 13:01:08.666280','GOBIND TRANSPORT COMPANY'),(10,'ACTIVE','ROURKELA','','VK01@09','2024-07-26 17:21:51.826607','','VK01@09','2024-07-26 17:21:51.826607','ROURKELA FREIGHT CARRIER'),(11,'ACTIVE','ROURKELA','','VK01@09','2024-07-29 15:25:38.199999','','VK01@09','2024-07-29 15:25:38.199999','FREIGHT CENTRE OF INDIA'),(12,'ACTIVE','','','VK01@09','2024-08-12 10:37:06.824756','','VK01@09','2024-08-12 10:37:06.824756','NEPAL LOGISTICS');
/*!40000 ALTER TABLE `transporter_master` ENABLE KEYS */;
UNLOCK TABLES;

--
-- Table structure for table `transporter_vehicle`
--

DROP TABLE IF EXISTS `transporter_vehicle`;
/*!40101 SET @saved_cs_client     = @@character_set_client */;
/*!50503 SET character_set_client = utf8mb4 */;
CREATE TABLE `transporter_vehicle` (
  `transporter_id` bigint NOT NULL,
  `vehicle_id` bigint NOT NULL,
  PRIMARY KEY (`transporter_id`,`vehicle_id`),
  KEY `FK_vehicle_id` (`vehicle_id`),
  CONSTRAINT `FK_transporter_id` FOREIGN KEY (`transporter_id`) REFERENCES `transporter_master` (`id`),
  CONSTRAINT `FK_vehicle_id` FOREIGN KEY (`vehicle_id`) REFERENCES `vehicle_master` (`id`)
) ENGINE=InnoDB DEFAULT CHARSET=utf8mb4 COLLATE=utf8mb4_0900_ai_ci;
/*!40101 SET character_set_client = @saved_cs_client */;

--
-- Dumping data for table `transporter_vehicle`
--

LOCK TABLES `transporter_vehicle` WRITE;
/*!40000 ALTER TABLE `transporter_vehicle` DISABLE KEYS */;
INSERT INTO `transporter_vehicle` VALUES (1,1),(1,2),(3,3),(3,4),(4,5),(4,6),(5,7),(2,8),(1,9),(2,9),(3,9),(7,10),(4,11),(4,12),(5,13),(7,14),(7,15),(8,16),(8,17),(8,18),(5,19),(5,20),(7,21),(7,22),(7,23),(7,24),(3,25),(3,26),(3,27),(3,28),(3,29),(3,30),(3,31),(3,32),(3,33),(3,34),(3,35),(3,36),(9,37),(3,38),(10,39),(3,40),(3,41),(3,42),(3,43),(3,44),(3,45),(3,46),(3,47),(3,48),(3,49),(3,50),(9,51),(3,52),(3,53),(3,54),(3,55),(3,56),(3,57),(3,58),(3,59),(3,60),(3,61),(3,62),(3,63),(3,64),(3,65),(3,66),(9,67),(9,68),(9,69),(9,70),(11,71),(3,72),(3,73),(9,74),(9,75),(8,76),(3,77),(3,78),(3,79),(3,80),(3,81),(3,82),(3,83),(3,84),(3,85),(3,86),(3,87),(3,88),(3,89),(3,90),(3,91),(9,92),(9,93),(8,94),(9,95),(9,96),(9,97),(10,98),(3,99),(3,100),(3,101),(3,102),(3,103),(3,104),(3,105),(3,106),(3,107),(3,108),(2,109),(3,110),(9,111),(3,112),(3,113),(3,114),(3,115),(3,116),(3,117),(3,118),(3,119),(3,120),(3,121),(3,122),(3,123),(8,124),(3,125),(3,126),(3,127),(3,128),(3,129),(9,130),(3,131),(3,132),(3,133),(3,134),(3,135),(3,136),(3,137),(3,138),(3,139),(3,140),(3,141),(9,142),(9,143),(10,144),(10,145),(12,145),(12,146),(9,147),(8,148),(3,149),(3,150),(3,151),(3,152),(3,153),(3,154),(3,155),(3,156),(3,157),(3,158),(9,159),(9,160),(3,161),(3,162),(3,163),(9,164),(9,165),(9,166),(8,167),(3,168),(8,169),(8,170),(8,171),(12,172),(3,173),(3,174),(3,175),(9,176),(9,177),(12,178),(12,179),(9,180),(9,181),(9,182),(9,183),(9,184),(7,185),(7,186),(7,187);
/*!40000 ALTER TABLE `transporter_vehicle` ENABLE KEYS */;
UNLOCK TABLES;

--
-- Table structure for table `user_authentication`
--

DROP TABLE IF EXISTS `user_authentication`;
/*!40101 SET @saved_cs_client     = @@character_set_client */;
/*!50503 SET character_set_client = utf8mb4 */;
CREATE TABLE `user_authentication` (
  `id` bigint NOT NULL AUTO_INCREMENT,
  `defaultpassword` varchar(255) DEFAULT NULL,
  `otp` varchar(255) DEFAULT NULL,
  `user_id` varchar(15) DEFAULT NULL,
  `password` varchar(255) DEFAULT NULL,
  PRIMARY KEY (`id`),
  UNIQUE KEY `UK_fr1f2tttqooe3goomjhebhb5a` (`user_id`)
) ENGINE=InnoDB AUTO_INCREMENT=11 DEFAULT CHARSET=utf8mb4 COLLATE=utf8mb4_0900_ai_ci;
/*!40101 SET character_set_client = @saved_cs_client */;

--
-- Dumping data for table `user_authentication`
--

LOCK TABLES `user_authentication` WRITE;
/*!40000 ALTER TABLE `user_authentication` DISABLE KEYS */;
INSERT INTO `user_authentication` VALUES (1,NULL,NULL,'admin','$2a$12$yxdjPSbaldSe9G0qrpSCw.FaUoUroSHvpfk7KEbzgXADFNENIGyZe'),(2,NULL,NULL,'VK01@01','$2a$12$Ew2imLHc14wE.zLUvGg7lujlLfJ3ZuQANsce9VABRyMifXc3kGQqO'),(3,NULL,NULL,'VK01@02','$2a$12$Ew2imLHc14wE.zLUvGg7lujlLfJ3ZuQANsce9VABRyMifXc3kGQqO'),(4,NULL,NULL,'VK01@03','$2a$12$Ew2imLHc14wE.zLUvGg7lujlLfJ3ZuQANsce9VABRyMifXc3kGQqO'),(5,NULL,NULL,'VK01@04','$2a$12$Ew2imLHc14wE.zLUvGg7lujlLfJ3ZuQANsce9VABRyMifXc3kGQqO'),(6,NULL,NULL,'VK01@05','$2a$12$Ew2imLHc14wE.zLUvGg7lujlLfJ3ZuQANsce9VABRyMifXc3kGQqO'),(7,'$2a$10$mFwYa27fwq2wtzrE6HemSueHd2tEioYJAq45/CEh24Fa.qIOpj816',NULL,'VK01@06',NULL),(8,'$2a$10$aXV6/WdfqQyW2G85Rz8wSOwLR4zlNYRJ0SodHqjvoLRTHwDc7.F8y',NULL,'VK01@07',NULL),(9,'$2a$10$2jZuC5W/XLgNpnMeWrvQYeeIZoWxJRlhPRChmFpNoEq.qgNTh6852',NULL,'VK01@08',NULL),(10,'$2a$10$/.QMJCjbAU09.J40r2qareihh.hgMXz/iDGOVZVSdyUCjZmm/E7cS',NULL,'VK01@09','$2a$10$Obp0zfboREPAZPyOZyK44uojng9owchN8xUAfDwFjRQyCTqBSHNom');
/*!40000 ALTER TABLE `user_authentication` ENABLE KEYS */;
UNLOCK TABLES;

--
-- Table structure for table `user_history`
--

DROP TABLE IF EXISTS `user_history`;
/*!40101 SET @saved_cs_client     = @@character_set_client */;
/*!50503 SET character_set_client = utf8mb4 */;
CREATE TABLE `user_history` (
  `id` bigint NOT NULL AUTO_INCREMENT,
  `company` varchar(255) DEFAULT NULL,
  `roles` varchar(255) DEFAULT NULL,
  `site` varchar(255) DEFAULT NULL,
  `user_created_by` varchar(255) DEFAULT NULL,
  `user_created_date` datetime(6) DEFAULT NULL,
  `user_id` varchar(255) DEFAULT NULL,
  `user_modified_by` varchar(255) DEFAULT NULL,
  `user_modified_date` datetime(6) DEFAULT NULL,
  PRIMARY KEY (`id`)
) ENGINE=InnoDB DEFAULT CHARSET=utf8mb4 COLLATE=utf8mb4_0900_ai_ci;
/*!40101 SET character_set_client = @saved_cs_client */;

--
-- Dumping data for table `user_history`
--

LOCK TABLES `user_history` WRITE;
/*!40000 ALTER TABLE `user_history` DISABLE KEYS */;
/*!40000 ALTER TABLE `user_history` ENABLE KEYS */;
UNLOCK TABLES;

--
-- Table structure for table `user_master`
--

DROP TABLE IF EXISTS `user_master`;
/*!40101 SET @saved_cs_client     = @@character_set_client */;
/*!50503 SET character_set_client = utf8mb4 */;
CREATE TABLE `user_master` (
  `user_id` varchar(15) NOT NULL,
  `user_contact_no` varchar(255) DEFAULT NULL,
  `user_created_by` varchar(255) DEFAULT NULL,
  `user_created_date` datetime(6) DEFAULT NULL,
  `user_email_id` varchar(255) DEFAULT NULL,
  `user_first_name` varchar(50) NOT NULL,
  `user_last_name` varchar(50) NOT NULL,
  `user_middle_name` varchar(255) DEFAULT NULL,
  `user_modified_by` varchar(255) DEFAULT NULL,
  `user_modified_date` datetime(6) DEFAULT NULL,
  `user_status` varchar(255) DEFAULT NULL,
  `company_id` varchar(255) DEFAULT NULL,
  `site_id` varchar(255) DEFAULT NULL,
  PRIMARY KEY (`user_id`),
  UNIQUE KEY `UK_1mtgjo1ps2njx18m3lj8s1hoh` (`user_email_id`),
  KEY `FKgijux393gqxtkb1ct3ksiqlf5` (`company_id`),
  KEY `FKs7948pt00opcqkyrlw8mrtlqs` (`site_id`),
  CONSTRAINT `FKgijux393gqxtkb1ct3ksiqlf5` FOREIGN KEY (`company_id`) REFERENCES `company_master` (`company_id`),
  CONSTRAINT `FKs7948pt00opcqkyrlw8mrtlqs` FOREIGN KEY (`site_id`) REFERENCES `site_master` (`site_id`)
) ENGINE=InnoDB DEFAULT CHARSET=utf8mb4 COLLATE=utf8mb4_0900_ai_ci;
/*!40101 SET character_set_client = @saved_cs_client */;

--
-- Dumping data for table `user_master`
--

LOCK TABLES `user_master` WRITE;
/*!40000 ALTER TABLE `user_master` DISABLE KEYS */;
INSERT INTO `user_master` VALUES ('admin',NULL,NULL,NULL,NULL,'Admin','User','',NULL,NULL,'ACTIVE','all','all'),('VK01@01','8249866798','admin','2024-06-18 12:22:55.867861','rohit234@gmail.com','Rohit','Shrama','','admin','2024-06-18 12:22:55.867861','ACTIVE','VK01','SUN01'),('VK01@02','8249866791','admin','2024-06-18 12:24:05.976320','arjun123@gmail.com','Arjun','Mehta','','admin','2024-06-18 12:24:05.976320','ACTIVE','VK01','SUN01'),('VK01@03','9987654321','admin','2024-06-18 12:25:03.129284','suvendu67@gmail.com','Suvendu','Jena','Sekhar','admin','2024-06-18 12:25:03.129284','ACTIVE','VK01','SUN01'),('VK01@04','9876543212','admin','2024-06-18 12:26:21.341717','narendra45@gmail.com','Narendra','sahoo','','admin','2024-06-18 12:26:21.341717','ACTIVE','VK01','SUN01'),('VK01@05','9876543212','admin','2024-06-18 12:27:05.120271','manas45@gmail.com','Manas','Hota','Ranjan','admin','2024-06-18 12:27:05.120271','ACTIVE','VK01','SUN01'),('VK01@06','7381152985','admin','2024-06-20 11:49:22.002444','adder2407@gmail.com','Ch','Patro','Kesari Nandan','admin','2024-06-20 11:49:22.002444','ACTIVE','VK01','SUN01'),('VK01@07','7381152985','admin','2024-06-20 11:51:49.873741','keshav12@gmail.com','Ch','Patro','Kesari Nandan','admin','2024-06-20 11:51:49.873741','ACTIVE','VK01','SUN01'),('VK01@08','7381152956','admin','2024-06-20 11:55:02.620323','tilak12@gmail.com','Ch','Patro','Kesari','admin','2024-06-20 11:55:02.620323','ACTIVE','VK01','SUN01'),('VK01@09','9040381968','admin','2024-07-04 17:23:03.045974','sahukarttik@gmail.com','Karttik','Sahu','','admin','2024-07-04 17:23:03.045974','ACTIVE','VK01','SUN01');
/*!40000 ALTER TABLE `user_master` ENABLE KEYS */;
UNLOCK TABLES;

--
-- Table structure for table `user_roles`
--

DROP TABLE IF EXISTS `user_roles`;
/*!40101 SET @saved_cs_client     = @@character_set_client */;
/*!50503 SET character_set_client = utf8mb4 */;
CREATE TABLE `user_roles` (
  `user_id` varchar(255) NOT NULL,
  `role_id` int NOT NULL,
  PRIMARY KEY (`user_id`,`role_id`),
  KEY `FK2ptgru2sianmji5yk32p4kdfj` (`role_id`),
  CONSTRAINT `FK2ptgru2sianmji5yk32p4kdfj` FOREIGN KEY (`role_id`) REFERENCES `role_master` (`role_id`)
) ENGINE=InnoDB DEFAULT CHARSET=utf8mb4 COLLATE=utf8mb4_0900_ai_ci;
/*!40101 SET character_set_client = @saved_cs_client */;

--
-- Dumping data for table `user_roles`
--

LOCK TABLES `user_roles` WRITE;
/*!40000 ALTER TABLE `user_roles` DISABLE KEYS */;
INSERT INTO `user_roles` VALUES ('admin',1),('VK01@06',1),('VK01@01',6),('VK01@07',6),('VK01@08',6),('VK01@02',7),('VK01@03',8),('VK01@04',9),('VK01@09',9),('VK01@05',10);
/*!40000 ALTER TABLE `user_roles` ENABLE KEYS */;
UNLOCK TABLES;

--
-- Table structure for table `vehicle_master`
--

DROP TABLE IF EXISTS `vehicle_master`;
/*!40101 SET @saved_cs_client     = @@character_set_client */;
/*!50503 SET character_set_client = utf8mb4 */;
CREATE TABLE `vehicle_master` (
  `id` bigint NOT NULL AUTO_INCREMENT,
  `vehicle_created_by` varchar(255) DEFAULT NULL,
  `vehicle_created_date` datetime(6) DEFAULT NULL,
  `vehicle_fitness_up_to` date DEFAULT NULL,
  `vehicle_load_capacity` double DEFAULT NULL,
  `vehicle_manufacturer` varchar(255) DEFAULT NULL,
  `vehicle_modified_by` varchar(255) DEFAULT NULL,
  `vehicle_modified_date` datetime(6) DEFAULT NULL,
  `vehicle_no` varchar(255) NOT NULL,
  `vehicle_status` varchar(255) DEFAULT NULL,
  `vehicle_tare_weight` double DEFAULT NULL,
  `vehicle_type` varchar(255) DEFAULT NULL,
  `vehicle_wheels_no` int DEFAULT NULL,
  PRIMARY KEY (`id`),
  UNIQUE KEY `UK_ll8x9tlece06o4aod7jqeph08` (`vehicle_no`)
) ENGINE=InnoDB AUTO_INCREMENT=188 DEFAULT CHARSET=utf8mb4 COLLATE=utf8mb4_0900_ai_ci;
/*!40101 SET character_set_client = @saved_cs_client */;

--
-- Dumping data for table `vehicle_master`
--

LOCK TABLES `vehicle_master` WRITE;
/*!40000 ALTER TABLE `vehicle_master` DISABLE KEYS */;
INSERT INTO `vehicle_master` VALUES (1,'admin','2024-06-18 13:06:15.305631','2028-10-18',85000,'Tata Motors','admin','2024-06-18 13:06:15.305631','OD35F3948','ACTIVE',NULL,'large-truck',8),(2,'VK01@01','2024-06-18 14:53:15.138307','2029-09-18',7800,'Tata Motors','VK01@01','2024-06-18 14:53:15.138307','OD35F3941','ACTIVE',NULL,'large-truck',NULL),(3,'admin','2024-07-02 16:42:48.374877','2032-07-19',0,'Tata Motors','admin','2024-07-02 16:42:48.374877','OD14AE3601','ACTIVE',NULL,'others',12),(4,'VK01@04','2024-07-04 12:13:59.842691','2024-08-23',16,'Tata Motors','VK01@04','2024-07-04 12:13:59.842691','OD08RS7686','ACTIVE',NULL,'large-truck',NULL),(5,'VK01@04','2024-07-04 12:15:37.296361','2030-10-23',10,'Mahindra & Mahindra Limited','VK01@04','2024-07-04 12:15:37.296361','OD08S7816','ACTIVE',NULL,'mini-truck',NULL),(6,'VK01@01','2024-07-04 12:43:05.712756','2027-11-04',18,'VE Commercial Vehicles Limited','VK01@01','2024-07-04 12:43:05.712756','OD08027856','ACTIVE',NULL,'large-truck',10),(7,'VK01@04','2024-07-04 14:17:25.281509',NULL,0,'','VK01@04','2024-07-04 14:17:25.281509','UP25DT1416','ACTIVE',NULL,'large-truck',NULL),(8,'VK01@04','2024-07-04 14:21:33.647262','2024-07-31',16,'Ashok Leyland Limited','VK01@04','2024-07-04 14:21:33.647262','OD08087654','ACTIVE',NULL,'large-truck',10),(9,'VK01@01','2024-07-04 16:39:35.406085',NULL,NULL,'Tata Motors','VK01@01','2024-07-04 16:39:35.406085','OD02CN9037','ACTIVE',NULL,'mini-truck',NULL),(10,'VK01@01','2024-07-05 07:41:01.812308',NULL,NULL,'Tata Motors','VK01@01','2024-07-05 07:41:01.812308','OD16L9746','ACTIVE',NULL,'others',18),(11,'VK01@01','2024-07-05 10:35:04.959907',NULL,20,'Tata Motors','VK01@01','2024-07-05 10:35:04.959907','OD16K6559','ACTIVE',NULL,'others',18),(12,'VK01@01','2024-07-05 10:40:12.842360',NULL,54,'Tata Motors','VK01@01','2024-07-05 10:40:12.842360','OD16K9463','ACTIVE',NULL,'others',18),(13,'VK01@04','2024-07-05 11:32:20.875125','2025-03-11',45500,'Tata Motors','VK01@04','2024-07-05 11:32:20.875125','UP12AT1001','ACTIVE',NULL,'large-truck',18),(14,'VK01@01','2024-07-06 09:37:01.024237',NULL,NULL,'','VK01@01','2024-07-06 09:37:01.024237','OD16K9664','ACTIVE',NULL,'others',18),(15,'VK01@01','2024-07-06 09:46:40.426383',NULL,NULL,'','VK01@01','2024-07-06 09:46:40.426383','OD16K9491','ACTIVE',NULL,'others',18),(16,'VK01@09','2024-07-06 10:33:40.005214',NULL,0,'','VK01@09','2024-07-06 10:33:40.005214','HR58D4413','ACTIVE',NULL,'large-truck',18),(17,'VK01@09','2024-07-06 10:34:14.753020',NULL,0,'','VK01@09','2024-07-06 10:34:14.753020','UP22AT7713','ACTIVE',NULL,'large-truck',18),(18,'VK01@09','2024-07-06 10:34:55.785529',NULL,0,'','VK01@09','2024-07-06 10:34:55.785529','UK18CA7792','ACTIVE',NULL,'large-truck',18),(19,'VK01@09','2024-07-06 12:27:09.142374',NULL,0,'','VK01@09','2024-07-06 12:27:09.142374','PB11CB6509','ACTIVE',NULL,'large-truck',18),(20,'VK01@09','2024-07-06 12:27:38.379615',NULL,0,'','VK01@09','2024-07-06 12:27:38.379615','UP34BT9727','ACTIVE',NULL,'large-truck',18),(21,'VK01@01','2024-07-07 06:26:36.027611',NULL,NULL,'','VK01@01','2024-07-07 06:26:36.027611','OD14AA4994','ACTIVE',NULL,'others',12),(22,'VK01@01','2024-07-07 13:15:18.729692',NULL,NULL,'','VK01@01','2024-07-07 13:15:18.729692','OD16D7525','ACTIVE',NULL,'others',18),(23,'VK01@01','2024-07-07 16:05:21.540866',NULL,NULL,'','VK01@01','2024-07-07 16:05:21.540866','OD16F4215','ACTIVE',NULL,'others',18),(24,'VK01@01','2024-07-08 17:32:30.219217',NULL,NULL,'','VK01@01','2024-07-08 17:32:30.219217','OD16L9753','ACTIVE',NULL,'others',18),(25,'VK01@01','2024-07-25 16:04:29.675775',NULL,NULL,'Tata Motors','VK01@01','2024-07-25 16:04:29.675775','OD14Q3533','ACTIVE',NULL,'others',14),(26,'VK01@01','2024-07-25 16:10:19.836463',NULL,NULL,'','VK01@01','2024-07-25 16:10:19.836463','OD14AC6190','ACTIVE',NULL,'others',14),(27,'VK01@01','2024-07-25 17:19:35.578894',NULL,NULL,'','VK01@01','2024-07-25 17:19:35.578894','OD14Q8763','ACTIVE',NULL,'others',12),(28,'VK01@01','2024-07-25 17:25:49.928710',NULL,NULL,'','VK01@01','2024-07-25 17:25:49.928710','OD14AA7199','ACTIVE',NULL,'others',14),(29,'VK01@01','2024-07-25 17:30:35.979730',NULL,NULL,'','VK01@01','2024-07-25 17:30:35.979730','OD14U7199','ACTIVE',NULL,'others',12),(30,'VK01@01','2024-07-25 17:53:01.257679',NULL,NULL,'','VK01@01','2024-07-25 17:53:01.257679','OD14AC4966','ACTIVE',NULL,'others',14),(31,'VK01@01','2024-07-25 18:01:31.489118',NULL,NULL,'','VK01@01','2024-07-25 18:01:31.489118','OD14Q6041','ACTIVE',NULL,'others',NULL),(32,'null','2024-07-26 11:44:02.807983',NULL,NULL,'','null','2024-07-26 11:44:02.807983','OD14AF4966','ACTIVE',NULL,'others',16),(33,'VK01@01','2024-07-26 11:56:41.238990',NULL,NULL,'','VK01@01','2024-07-26 11:56:41.238990','OD14AF3413','ACTIVE',NULL,'others',16),(34,'VK01@01','2024-07-26 12:02:01.777826',NULL,NULL,'','VK01@01','2024-07-26 12:02:01.777826','OD14AF5066','ACTIVE',NULL,'others',16),(35,'VK01@01','2024-07-26 12:08:10.332869',NULL,NULL,'','VK01@01','2024-07-26 12:08:10.332869','OD14AB9617','ACTIVE',NULL,'others',16),(36,'VK01@01','2024-07-26 12:11:44.924500',NULL,NULL,'','VK01@01','2024-07-26 12:11:44.924500','OD14AB9653','ACTIVE',NULL,'others',16),(37,'VK01@09','2024-07-26 13:01:39.025093',NULL,0,'','VK01@09','2024-07-26 13:01:39.025093','UK04CC0308','ACTIVE',NULL,'large-truck',18),(38,'null','2024-07-26 17:21:04.671796',NULL,NULL,'','null','2024-07-26 17:21:04.671796','OD14Q3201','ACTIVE',NULL,'others',14),(39,'VK01@09','2024-07-26 17:22:25.635944',NULL,0,'','VK01@09','2024-07-26 17:22:25.635944','CG04PK5412','ACTIVE',NULL,'large-truck',18),(40,'VK01@01','2024-07-26 17:30:50.356815',NULL,NULL,'','VK01@01','2024-07-26 17:30:50.356815','OD14C9424','ACTIVE',NULL,'mini-truck',6),(41,'VK01@01','2024-07-26 18:50:11.851738',NULL,NULL,'','VK01@01','2024-07-26 18:50:11.851738','OD14AF3624','ACTIVE',NULL,'others',16),(42,'VK01@01','2024-07-26 18:54:07.107642',NULL,NULL,'','VK01@01','2024-07-26 18:54:07.107642','OD14AF2147','ACTIVE',NULL,'others',16),(43,'VK01@01','2024-07-26 19:01:09.112800',NULL,NULL,'Tata Motors','VK01@01','2024-07-26 19:01:09.112800','OR14M8701','ACTIVE',NULL,'mini-truck',6),(44,'VK01@01','2024-07-26 19:30:26.114536',NULL,NULL,'Tata Motors','VK01@01','2024-07-26 19:30:26.114536','OR14P9180','ACTIVE',NULL,'mini-truck',6),(45,'VK01@01','2024-07-26 20:38:22.793197',NULL,NULL,'Ashok Leyland Limited','VK01@01','2024-07-26 20:38:22.793197','OD14AF1872','ACTIVE',NULL,'others',16),(46,'VK01@01','2024-07-26 21:38:43.167519',NULL,NULL,'Tata Motors','VK01@01','2024-07-26 21:38:43.167519','OR14Q6041','ACTIVE',NULL,'mini-truck',6),(47,'VK01@01','2024-07-26 21:44:53.870470',NULL,NULL,'Tata Motors','VK01@01','2024-07-26 21:44:53.870470','OD14T9314','ACTIVE',NULL,'others',14),(48,'VK01@01','2024-07-26 22:24:43.558671',NULL,NULL,'Ashok Leyland Limited','VK01@01','2024-07-26 22:24:43.558671','OD14AG4966','ACTIVE',NULL,'others',16),(49,'VK01@01','2024-07-27 08:57:15.480911',NULL,NULL,'Tata Motors','VK01@01','2024-07-27 08:57:15.480911','OD09K8897','ACTIVE',NULL,'others',12),(50,'VK01@01','2024-07-27 09:24:40.226692',NULL,NULL,'Tata Motors','VK01@01','2024-07-27 09:24:40.226692','OD14N7712','ACTIVE',NULL,'others',12),(51,'VK01@09','2024-07-27 10:21:58.572881',NULL,0,'','VK01@09','2024-07-27 10:21:58.572881','UP25CT6295','ACTIVE',NULL,'mini-truck',12),(52,'VK01@01','2024-07-27 19:27:39.436296',NULL,NULL,'Tata Motors','VK01@01','2024-07-27 19:27:39.436296','OD14V2550','ACTIVE',NULL,'others',12),(53,'VK01@01','2024-07-27 19:34:56.269877',NULL,NULL,'Ashok Leyland Limited','VK01@01','2024-07-27 19:34:56.269877','OD14X3624','ACTIVE',NULL,'others',12),(54,'VK01@01','2024-07-27 19:47:37.911342',NULL,NULL,'Tata Motors','VK01@01','2024-07-27 19:47:37.911342','OD14P8933','ACTIVE',NULL,'others',12),(55,'VK01@01','2024-07-27 20:01:10.697798',NULL,NULL,'Ashok Leyland Limited','VK01@01','2024-07-27 20:01:10.697798','OD14T8141','ACTIVE',NULL,'others',12),(56,'VK01@01','2024-07-27 20:04:37.065578',NULL,NULL,'Tata Motors','VK01@01','2024-07-27 20:04:37.065578','OD14Q9197','ACTIVE',NULL,'others',12),(57,'VK01@01','2024-07-27 20:07:06.847108',NULL,NULL,'Tata Motors','VK01@01','2024-07-27 20:07:06.847108','OD19Q9197','ACTIVE',NULL,'others',12),(58,'VK01@01','2024-07-27 20:31:59.749206',NULL,NULL,'Bharat Benz','VK01@01','2024-07-27 20:31:59.749206','OD14AE0874','ACTIVE',NULL,'others',16),(59,'VK01@01','2024-07-27 20:36:36.337545',NULL,NULL,'Ashok Leyland Limited','VK01@01','2024-07-27 20:36:36.337545','OD14AA2006','ACTIVE',NULL,'others',14),(60,'VK01@01','2024-07-28 06:41:24.093425',NULL,NULL,'Tata Motors','VK01@01','2024-07-28 06:41:24.093425','OD14U3403','ACTIVE',NULL,'others',12),(61,'VK01@01','2024-07-28 06:52:10.468808',NULL,NULL,'Tata Motors','VK01@01','2024-07-28 06:52:10.468808','OD24U3403','ACTIVE',NULL,'others',12),(62,'VK01@01','2024-07-28 07:20:06.673100',NULL,NULL,'Tata Motors','VK01@01','2024-07-28 07:20:06.673100','OR14L2971','ACTIVE',NULL,'mini-truck',6),(63,'VK01@01','2024-07-28 10:06:46.638379',NULL,NULL,'Tata Motors','VK01@01','2024-07-28 10:06:46.638379','OD14T2529','ACTIVE',NULL,'others',14),(64,'VK01@01','2024-07-28 10:11:53.072687',NULL,NULL,'Tata Motors','VK01@01','2024-07-28 10:11:53.072687','OD14Q3501','ACTIVE',NULL,'others',14),(65,'VK01@01','2024-07-28 10:20:57.934668',NULL,NULL,'Ashok Leyland Limited','VK01@01','2024-07-28 10:20:57.934668','OD14W6807','ACTIVE',NULL,'others',12),(66,'VK01@01','2024-07-28 10:26:23.337000',NULL,NULL,'Ashok Leyland Limited','VK01@01','2024-07-28 10:26:23.337000','OD14AE5462','ACTIVE',NULL,'others',16),(67,'VK01@09','2024-07-29 10:12:20.923916',NULL,0,'','VK01@09','2024-07-29 10:12:20.923916','UP22T3096','ACTIVE',NULL,'large-truck',18),(68,'VK01@09','2024-07-29 10:38:13.064542',NULL,0,'','VK01@09','2024-07-29 10:38:13.064542','UP26T9397','ACTIVE',NULL,'large-truck',18),(69,'VK01@09','2024-07-29 10:39:17.810303',NULL,0,'','VK01@09','2024-07-29 10:39:17.810303','UP21DT2906','ACTIVE',NULL,'large-truck',14),(70,'VK01@09','2024-07-29 15:23:54.159392',NULL,0,'','VK01@09','2024-07-29 15:23:54.159392','UK06CB6553','ACTIVE',NULL,'large-truck',18),(71,'VK01@09','2024-07-29 15:25:56.497132',NULL,0,'','VK01@09','2024-07-29 15:25:56.497132','OD14M7336','ACTIVE',NULL,'mini-truck',12),(72,'VK01@01','2024-07-29 23:33:44.203820',NULL,NULL,'','VK01@01','2024-07-29 23:33:44.203820','OR09L1411','ACTIVE',NULL,'others',6),(73,'VK01@01','2024-07-30 06:43:06.653196',NULL,NULL,'','VK01@01','2024-07-30 06:43:06.653196','OR14R0290','ACTIVE',NULL,'others',6),(74,'VK01@09','2024-07-30 11:13:53.328508',NULL,0,'','VK01@09','2024-07-30 11:13:53.328508','NL01Q4227','ACTIVE',NULL,'large-truck',18),(75,'VK01@09','2024-07-30 11:14:28.581380',NULL,0,'','VK01@09','2024-07-30 11:14:28.581380','NL01N6357','ACTIVE',NULL,'large-truck',18),(76,'VK01@09','2024-07-30 11:16:03.744235',NULL,0,'','VK01@09','2024-07-30 11:16:03.744235','HR58C6933','ACTIVE',NULL,'large-truck',18),(77,'VK01@01','2024-07-30 13:11:50.313099',NULL,NULL,'Tata Motors','VK01@01','2024-07-30 13:11:50.313099','OD14Q1951','ACTIVE',NULL,'others',12),(78,'VK01@01','2024-07-30 13:15:25.369850',NULL,NULL,'Tata Motors','VK01@01','2024-07-30 13:15:25.369850','OD19Q2251','ACTIVE',NULL,'others',12),(79,'VK01@01','2024-07-30 13:18:57.871984',NULL,NULL,'Ashok Leyland Limited','VK01@01','2024-07-30 13:18:57.871984','OD14X2051','ACTIVE',NULL,'others',12),(80,'VK01@01','2024-07-30 13:25:50.626360',NULL,NULL,'Tata Motors','VK01@01','2024-07-30 13:25:50.626360','OD14Q2162','ACTIVE',NULL,'others',12),(81,'VK01@01','2024-07-30 13:29:06.376512',NULL,NULL,'Ashok Leyland Limited','VK01@01','2024-07-30 13:29:06.376512','OD14X4311','ACTIVE',NULL,'others',12),(82,'VK01@01','2024-07-30 14:46:51.662146',NULL,NULL,'Ashok Leyland Limited','VK01@01','2024-07-30 14:46:51.662146','OD14S2704','ACTIVE',NULL,'others',12),(83,'VK01@01','2024-07-30 14:51:55.127137',NULL,NULL,'Tata Motors','VK01@01','2024-07-30 14:51:55.127137','OD14U8826','ACTIVE',NULL,'others',12),(84,'VK01@01','2024-07-30 14:55:08.484018',NULL,NULL,'Tata Motors','VK01@01','2024-07-30 14:55:08.484018','OD14T0529','ACTIVE',NULL,'others',14),(85,'VK01@01','2024-07-30 15:20:10.197544',NULL,NULL,'Tata Motors','VK01@01','2024-07-30 15:20:10.197544','od14Q9072','ACTIVE',NULL,'others',12),(86,'VK01@01','2024-07-30 17:11:26.885132',NULL,NULL,'Tata Motors','VK01@01','2024-07-30 17:11:26.885132','OD16H5851','ACTIVE',NULL,'others',14),(87,'VK01@01','2024-07-30 19:40:31.999204',NULL,NULL,'Tata Motors','VK01@01','2024-07-30 19:40:31.999204','OD14X4330','ACTIVE',NULL,'others',12),(88,'VK01@01','2024-07-31 10:02:21.643018',NULL,NULL,'Tata Motors','VK01@01','2024-07-31 10:02:21.643018','OD14S5217','ACTIVE',NULL,'others',14),(89,'VK01@01','2024-07-31 19:49:03.809099','2024-07-31',NULL,'Ashok Leyland Limited','VK01@01','2024-07-31 19:49:03.809099','OD14X0731','ACTIVE',NULL,'others',12),(90,'VK01@01','2024-08-01 06:35:28.331891',NULL,NULL,'Ashok Leyland Limited','VK01@01','2024-08-01 06:35:28.331891','OD14X5798','ACTIVE',NULL,'others',12),(91,'VK01@01','2024-08-01 06:40:31.378966',NULL,NULL,'Ashok Leyland Limited','VK01@01','2024-08-01 06:40:31.378966','OD14X5825','ACTIVE',NULL,'others',14),(92,'VK01@09','2024-08-01 12:37:53.190281',NULL,0,'','VK01@09','2024-08-01 12:37:53.190281','NL01N6359','ACTIVE',NULL,'large-truck',18),(93,'VK01@09','2024-08-01 12:39:42.333279',NULL,0,'','VK01@09','2024-08-01 12:39:42.333279','NL01AA0207','ACTIVE',NULL,'large-truck',18),(94,'VK01@09','2024-08-01 12:41:03.076884',NULL,0,'','VK01@09','2024-08-01 12:41:03.076884','HR58C6805','ACTIVE',NULL,'large-truck',18),(95,'VK01@09','2024-08-02 11:10:02.137560',NULL,0,'','VK01@09','2024-08-02 11:10:02.137560','NL01AA0209','ACTIVE',NULL,'large-truck',18),(96,'VK01@09','2024-08-02 11:11:07.630589',NULL,0,'','VK01@09','2024-08-02 11:11:07.630589','HR58D9773','ACTIVE',NULL,'large-truck',16),(97,'VK01@09','2024-08-03 11:53:58.844911',NULL,0,'','VK01@09','2024-08-03 11:53:58.844911','UP42AT0777','ACTIVE',NULL,'large-truck',14),(98,'VK01@09','2024-08-03 12:15:48.204186',NULL,0,'','VK01@09','2024-08-03 12:15:48.204186','JH10CU4450','ACTIVE',NULL,'large-truck',16),(99,'VK01@01','2024-08-05 18:35:41.677152',NULL,1,'Tata Motors','VK01@01','2024-08-05 18:35:41.677152','OR14R2201','ACTIVE',NULL,'mini-truck',6),(100,'VK01@01','2024-08-06 17:11:08.774729',NULL,NULL,'Ashok Leyland Limited','VK01@01','2024-08-06 17:11:08.774729','OD14AE3485','ACTIVE',NULL,'others',16),(101,'VK01@01','2024-08-06 17:29:39.454915',NULL,NULL,'Ashok Leyland Limited','VK01@01','2024-08-06 17:29:39.454915','OD14X6035','ACTIVE',NULL,'others',12),(102,'VK01@01','2024-08-06 19:20:14.851922',NULL,NULL,'Ashok Leyland Limited','VK01@01','2024-08-06 19:20:14.851922','OD14AE9583','ACTIVE',NULL,'others',14),(103,'VK01@01','2024-08-06 20:47:02.903043',NULL,NULL,'Ashok Leyland Limited','VK01@01','2024-08-06 20:47:02.903043','OD14AF8754','ACTIVE',NULL,'others',16),(104,'VK01@01','2024-08-06 20:50:19.377326',NULL,NULL,'Tata Motors','VK01@01','2024-08-06 20:50:19.377326','OD14AE5895','ACTIVE',NULL,'others',16),(105,'VK01@01','2024-08-06 21:36:54.677724',NULL,NULL,'Tata Motors','VK01@01','2024-08-06 21:36:54.677724','OD19Q9196','ACTIVE',NULL,'others',12),(106,'VK01@01','2024-08-06 21:40:15.847251',NULL,NULL,'Tata Motors','VK01@01','2024-08-06 21:40:15.847251','0D14U7207','ACTIVE',NULL,'others',12),(107,'VK01@01','2024-08-06 22:35:33.321686',NULL,NULL,'Tata Motors','VK01@01','2024-08-06 22:35:33.321686','OD14U3648','ACTIVE',NULL,'others',12),(108,'VK01@01','2024-08-06 23:08:44.087681',NULL,NULL,'Ashok Leyland Limited','VK01@01','2024-08-06 23:08:44.087681','OD14AC5895','ACTIVE',NULL,'others',14),(109,'VK01@01','2024-08-07 06:52:25.617692',NULL,NULL,'Tata Motors','VK01@01','2024-08-07 06:52:25.617692','OD14Q9572','ACTIVE',NULL,'others',12),(110,'VK01@01','2024-08-07 11:20:25.402724',NULL,NULL,'Tata Motors','VK01@01','2024-08-07 11:20:25.402724','OD14S5481','ACTIVE',NULL,'others',12),(111,'VK01@09','2024-08-07 13:03:40.117342',NULL,0,'','VK01@09','2024-08-07 13:03:40.117342','UP22AT7044','ACTIVE',NULL,'mini-truck',12),(112,'VK01@01','2024-08-07 17:41:09.554263',NULL,NULL,'Tata Motors','VK01@01','2024-08-07 17:41:09.554263','OD14S4729','ACTIVE',NULL,'others',14),(113,'VK01@01','2024-08-07 18:07:44.995310','2024-08-07',NULL,'Tata Motors','VK01@01','2024-08-07 18:07:44.995310','OD14AF4229','ACTIVE',NULL,'others',16),(114,'VK01@01','2024-08-07 18:17:25.483538',NULL,NULL,'Ashok Leyland Limited','VK01@01','2024-08-07 18:17:25.483538','OD14AF5401','ACTIVE',NULL,'others',16),(115,'VK01@01','2024-08-07 21:00:16.476482',NULL,NULL,'Ashok Leyland Limited','VK01@01','2024-08-07 21:00:16.476482','OD14AF5787','ACTIVE',NULL,'others',16),(116,'VK01@01','2024-08-07 21:08:24.861655',NULL,NULL,'Tata Motors','VK01@01','2024-08-07 21:08:24.861655','OD14U7207','ACTIVE',NULL,'others',12),(117,'VK01@01','2024-08-07 21:18:01.090968',NULL,NULL,'Tata Motors','VK01@01','2024-08-07 21:18:01.090968','OD14T3608','ACTIVE',NULL,'others',14),(118,'VK01@01','2024-08-07 22:22:29.826547',NULL,NULL,'Tata Motors','VK01@01','2024-08-07 22:22:29.826547','OD14S4833','ACTIVE',NULL,'others',12),(119,'VK01@01','2024-08-07 23:03:55.796632',NULL,NULL,'Ashok Leyland Limited','VK01@01','2024-08-07 23:03:55.796632','OD14X8701','ACTIVE',NULL,'others',14),(120,'VK01@01','2024-08-07 23:17:53.128444',NULL,NULL,'Tata Motors','VK01@01','2024-08-07 23:17:53.128444','OD14P8930','ACTIVE',NULL,'others',12),(121,'VK01@01','2024-08-07 23:44:39.234328',NULL,NULL,'Ashok Leyland Limited','VK01@01','2024-08-07 23:44:39.234328','OD14AE9221','ACTIVE',NULL,'others',16),(122,'VK01@01','2024-08-08 09:03:44.899587',NULL,NULL,'Ashok Leyland Limited','VK01@01','2024-08-08 09:03:44.899587','OD14AE2801','ACTIVE',NULL,'others',16),(123,'VK01@01','2024-08-08 09:24:14.000248',NULL,NULL,'Tata Motors','VK01@01','2024-08-08 09:24:14.000248','OD14Q0360','ACTIVE',NULL,'others',12),(124,'VK01@09','2024-08-08 10:38:41.864547',NULL,0,'','VK01@09','2024-08-08 10:38:41.864547','HR58D6235','ACTIVE',NULL,'large-truck',18),(125,'VK01@01','2024-08-08 17:06:05.106577',NULL,NULL,'Tata Motors','VK01@01','2024-08-08 17:06:05.106577','OD14S2801','ACTIVE',NULL,'others',14),(126,'VK01@01','2024-08-08 18:51:04.741979',NULL,NULL,'Tata Motors','VK01@01','2024-08-08 18:51:04.741979','OD14S7522','ACTIVE',NULL,'others',14),(127,'VK01@01','2024-08-09 07:04:12.708016',NULL,NULL,'','VK01@01','2024-08-09 07:04:12.708016','OR14R2971','ACTIVE',NULL,'mini-truck',6),(128,'VK01@01','2024-08-09 11:18:13.648975',NULL,NULL,'Ashok Leyland Limited','VK01@01','2024-08-09 11:18:13.648975','OD14X3009','ACTIVE',NULL,'others',14),(129,'VK01@01','2024-08-09 12:16:26.096037',NULL,NULL,'','VK01@01','2024-08-09 12:16:26.096037','OD14T8111','ACTIVE',NULL,'others',NULL),(130,'VK01@09','2024-08-09 13:08:09.994336',NULL,0,'','VK01@09','2024-08-09 13:08:09.994336','HR58D2379','ACTIVE',NULL,'large-truck',18),(131,'VK01@01','2024-08-09 15:07:54.161830',NULL,NULL,'Ashok Leyland Limited','VK01@01','2024-08-09 15:07:54.161830','OD14W4898','ACTIVE',NULL,'others',12),(132,'VK01@01','2024-08-09 15:18:32.712667',NULL,NULL,'Tata Motors','VK01@01','2024-08-09 15:18:32.712667','OD14Y2550','ACTIVE',NULL,'others',14),(133,'VK01@01','2024-08-09 15:23:37.573109',NULL,NULL,'Tata Motors','VK01@01','2024-08-09 15:23:37.573109','OD14Q9221','ACTIVE',NULL,'',12),(134,'VK01@01','2024-08-09 17:16:12.086370',NULL,NULL,'Tata Motors','VK01@01','2024-08-09 17:16:12.086370','OR14M6543','ACTIVE',NULL,'mini-truck',6),(135,'VK01@01','2024-08-09 17:24:16.130373',NULL,NULL,'Ashok Leyland Limited','VK01@01','2024-08-09 17:24:16.130373','OD14AB9031','ACTIVE',NULL,'others',14),(136,'VK01@01','2024-08-09 21:03:54.120647',NULL,NULL,'Tata Motors','VK01@01','2024-08-09 21:03:54.120647','OD14U6794','ACTIVE',NULL,'others',12),(137,'VK01@01','2024-08-10 13:30:40.367427',NULL,NULL,'Ashok Leyland Limited','VK01@01','2024-08-10 13:30:40.367427','OD14X2001','ACTIVE',NULL,'others',NULL),(138,'VK01@01','2024-08-10 20:44:18.929311',NULL,NULL,'Tata Motors','VK01@01','2024-08-10 20:44:18.929311','OD14S3930','ACTIVE',NULL,'others',12),(139,'VK01@01','2024-08-10 21:38:37.995301',NULL,NULL,'Tata Motors','VK01@01','2024-08-10 21:38:37.995301','OD14S3367','ACTIVE',NULL,'others',14),(140,'VK01@01','2024-08-11 06:32:22.172294',NULL,NULL,'','VK01@01','2024-08-11 06:32:22.172294','OD14W7569','ACTIVE',NULL,'others',12),(141,'VK01@01','2024-08-11 12:27:18.293513',NULL,NULL,'Tata Motors','VK01@01','2024-08-11 12:27:18.293513','OD14S3928','ACTIVE',NULL,'others',12),(142,'VK01@09','2024-08-12 10:19:31.557620',NULL,0,'','VK01@09','2024-08-12 10:19:31.557620','UP26AT0640','ACTIVE',NULL,'large-truck',18),(143,'VK01@09','2024-08-12 10:20:28.935701',NULL,0,'','VK01@09','2024-08-12 10:20:28.935701','UK06CA8136','ACTIVE',NULL,'large-truck',18),(144,'VK01@09','2024-08-12 10:21:55.050434',NULL,0,'','VK01@09','2024-08-12 10:21:55.050434','CG04NZ2389','ACTIVE',NULL,'large-truck',16),(145,'VK01@09','2024-08-12 10:37:16.219557',NULL,0,'','VK01@09','2024-08-12 10:37:16.219557','BR28GB1482','ACTIVE',NULL,'large-truck',16),(146,'VK01@09','2024-08-12 10:39:40.791127',NULL,0,'','VK01@09','2024-08-12 10:39:40.791127','UP53HT5989','ACTIVE',NULL,'large-truck',18),(147,'VK01@09','2024-08-12 10:43:50.956491',NULL,0,'','VK01@09','2024-08-12 10:43:50.956491','UP25BT8453','ACTIVE',NULL,'large-truck',14),(148,'VK01@09','2024-08-12 10:45:11.166485',NULL,0,'','VK01@09','2024-08-12 10:45:11.166485','HR58C9972','ACTIVE',NULL,'large-truck',18),(149,'VK01@01','2024-08-12 11:38:31.739948',NULL,NULL,'Tata Motors','VK01@01','2024-08-12 11:38:31.739948','OD14M2731','ACTIVE',NULL,'others',12),(150,'VK01@01','2024-08-12 12:22:04.687153',NULL,NULL,'Ashok Leyland Limited','VK01@01','2024-08-12 12:22:04.687153','OD14S4668','ACTIVE',NULL,'others',12),(151,'VK01@01','2024-08-12 14:49:09.360209',NULL,NULL,'Ashok Leyland Limited','VK01@01','2024-08-12 14:49:09.360209','OD14S4665','ACTIVE',NULL,'others',12),(152,'VK01@01','2024-08-12 15:23:22.092561',NULL,NULL,'Tata Motors','VK01@01','2024-08-12 15:23:22.092561','OD14AC4242','ACTIVE',NULL,'others',12),(153,'VK01@01','2024-08-12 17:22:12.791678',NULL,NULL,'Ashok Leyland Limited','VK01@01','2024-08-12 17:22:12.791678','OD14AF1008','ACTIVE',NULL,'others',16),(154,'VK01@01','2024-08-12 20:32:20.860897',NULL,NULL,'Ashok Leyland Limited','VK01@01','2024-08-12 20:32:20.860897','OD14AE2971','ACTIVE',NULL,'others',16),(155,'VK01@01','2024-08-13 00:50:08.814634',NULL,NULL,'Ashok Leyland Limited','VK01@01','2024-08-13 00:50:08.814634','OD14AD4338','ACTIVE',NULL,'others',14),(156,'VK01@01','2024-08-13 00:55:09.934123',NULL,NULL,'Ashok Leyland Limited','VK01@01','2024-08-13 00:55:09.934123','OD14AE4338','ACTIVE',NULL,'others',16),(157,'VK01@01','2024-08-13 01:00:47.020468',NULL,NULL,'Ashok Leyland Limited','VK01@01','2024-08-13 01:00:47.020468','OD14AB4338','ACTIVE',NULL,'others',14),(158,'VK01@01','2024-08-13 09:16:01.679360',NULL,NULL,'Ashok Leyland Limited','VK01@01','2024-08-13 09:16:01.679360','OD14AE9901','ACTIVE',NULL,'others',16),(159,'VK01@09','2024-08-13 11:06:28.197703',NULL,0,'','VK01@09','2024-08-13 11:06:28.197703','UP22BT1079','ACTIVE',NULL,'large-truck',18),(160,'VK01@09','2024-08-13 11:08:31.914253',NULL,0,'','VK01@09','2024-08-13 11:08:31.914253','UP25BT5811','ACTIVE',NULL,'mini-truck',12),(161,'VK01@01','2024-08-13 11:39:48.903886',NULL,NULL,'Tata Motors','VK01@01','2024-08-13 11:39:48.903886','OD14T3601','ACTIVE',NULL,'others',14),(162,'VK01@01','2024-08-13 20:21:22.763210',NULL,NULL,'Ashok Leyland Limited','VK01@01','2024-08-13 20:21:22.763210','OD14S2811','ACTIVE',NULL,'others',14),(163,'VK01@01','2024-08-13 20:26:19.969091',NULL,NULL,'Ashok Leyland Limited','VK01@01','2024-08-13 20:26:19.969091','OD14W9101','ACTIVE',NULL,'others',14),(164,'VK01@09','2024-08-14 11:07:37.079544',NULL,0,'','VK01@09','2024-08-14 11:07:37.079544','UP34BT7994','ACTIVE',NULL,'large-truck',18),(165,'VK01@09','2024-08-14 11:50:20.292223',NULL,0,'','VK01@09','2024-08-14 11:50:20.292223','HR38AF5103','ACTIVE',NULL,'large-truck',18),(166,'VK01@09','2024-08-14 12:53:51.609858',NULL,0,'','VK01@09','2024-08-14 12:53:51.609858','UP25DT0186','ACTIVE',NULL,'large-truck',22),(167,'VK01@09','2024-08-14 16:06:06.302631',NULL,0,'','VK01@09','2024-08-14 16:06:06.302631','HR58C1403','ACTIVE',NULL,'large-truck',18),(168,'VK01@01','2024-08-14 18:35:48.443160',NULL,NULL,'Tata Motors','VK01@01','2024-08-14 18:35:48.443160','OD14N1008','ACTIVE',NULL,'others',12),(169,'VK01@09','2024-08-15 09:57:49.000963',NULL,0,'','VK01@09','2024-08-15 09:57:49.000963','HR38AB4893','ACTIVE',NULL,'large-truck',18),(170,'VK01@09','2024-08-15 09:59:03.673643',NULL,0,'','VK01@09','2024-08-15 09:59:03.673643','HR58C6768','ACTIVE',NULL,'large-truck',18),(171,'VK01@09','2024-08-15 09:59:51.484044',NULL,0,'','VK01@09','2024-08-15 09:59:51.484044','HR58C8264','ACTIVE',NULL,'large-truck',18),(172,'VK01@09','2024-08-15 10:01:18.404933',NULL,0,'','VK01@09','2024-08-15 10:01:18.404933','UP53ET1740','ACTIVE',NULL,'large-truck',18),(173,'VK01@01','2024-08-15 10:02:47.786720',NULL,NULL,'Tata Motors','VK01@01','2024-08-15 10:02:47.786720','OD14U3751','ACTIVE',NULL,'others',12),(174,'VK01@01','2024-08-15 10:07:29.602442',NULL,NULL,'Ashok Leyland Limited','VK01@01','2024-08-15 10:07:29.602442','OD14AE6801','ACTIVE',NULL,'others',16),(175,'VK01@01','2024-08-15 10:10:56.205852',NULL,NULL,'Ashok Leyland Limited','VK01@01','2024-08-15 10:10:56.205852','OD14X1801','ACTIVE',NULL,'others',14),(176,'VK01@09','2024-08-15 11:50:48.376457',NULL,0,'','VK01@09','2024-08-15 11:50:48.376457','UK06CB2352','ACTIVE',NULL,'large-truck',18),(177,'VK01@09','2024-08-15 11:51:40.854979',NULL,0,'','VK01@09','2024-08-15 11:51:40.854979','UK06CB9142','ACTIVE',NULL,'large-truck',18),(178,'VK01@09','2024-08-16 10:48:44.533164',NULL,0,'','VK01@09','2024-08-16 10:48:44.533164','UP53HT6878','ACTIVE',NULL,'large-truck',18),(179,'VK01@09','2024-08-16 10:49:07.165307',NULL,0,'','VK01@09','2024-08-16 10:49:07.165307','UP53HT8262','ACTIVE',NULL,'large-truck',18),(180,'VK01@09','2024-08-16 13:16:56.111047',NULL,0,'','VK01@09','2024-08-16 13:16:56.111047','JH02BP7349','ACTIVE',NULL,'large-truck',18),(181,'VK01@09','2024-08-16 13:20:03.002940',NULL,0,'','VK01@09','2024-08-16 13:20:03.002940','UP51AT4407','ACTIVE',NULL,'large-truck',18),(182,'VK01@09','2024-08-17 10:35:09.953141',NULL,0,'','VK01@09','2024-08-17 10:35:09.953141','UP25BT6009','ACTIVE',NULL,'large-truck',18),(183,'VK01@09','2024-08-17 11:09:00.471293',NULL,0,'','VK01@09','2024-08-17 11:09:00.471293','UP25CT8160','ACTIVE',NULL,'mini-truck',12),(184,'VK01@09','2024-08-17 11:09:50.095294',NULL,0,'','VK01@09','2024-08-17 11:09:50.095294','UP25CT2940','ACTIVE',NULL,'mini-truck',12),(185,'VK01@01','2024-08-17 12:01:52.467103',NULL,NULL,'Tata Motors','VK01@01','2024-08-17 12:01:52.467103','OD16K6352','ACTIVE',NULL,'others',18),(186,'VK01@01','2024-08-17 12:05:40.834529',NULL,NULL,'Tata Motors','VK01@01','2024-08-17 12:05:40.834529','OD16J9058','ACTIVE',NULL,'others',16),(187,'VK01@01','2024-08-21 06:28:53.420323',NULL,NULL,'Tata Motors','VK01@01','2024-08-21 06:28:53.420323','OD16K8865','ACTIVE',NULL,'others',18);
/*!40000 ALTER TABLE `vehicle_master` ENABLE KEYS */;
UNLOCK TABLES;

--
-- Table structure for table `vehicle_transaction_status`
--

DROP TABLE IF EXISTS `vehicle_transaction_status`;
/*!40101 SET @saved_cs_client     = @@character_set_client */;
/*!50503 SET character_set_client = utf8mb4 */;
CREATE TABLE `vehicle_transaction_status` (
  `ticket_no` int NOT NULL,
  `status_code` varchar(255) DEFAULT NULL,
  PRIMARY KEY (`ticket_no`)
) ENGINE=InnoDB DEFAULT CHARSET=utf8mb4 COLLATE=utf8mb4_0900_ai_ci;
/*!40101 SET character_set_client = @saved_cs_client */;

--
-- Dumping data for table `vehicle_transaction_status`
--

LOCK TABLES `vehicle_transaction_status` WRITE;
/*!40000 ALTER TABLE `vehicle_transaction_status` DISABLE KEYS */;
INSERT INTO `vehicle_transaction_status` VALUES (1,'GXT'),(2,'GXT'),(3,'GXT'),(4,'GXT'),(5,'GXT'),(6,'GWT'),(7,'GXT'),(8,'GXT'),(9,'GXT'),(10,'GXT'),(11,'GXT'),(12,'GXT'),(13,'GWT'),(14,'GXT'),(15,'GXT'),(16,'GXT'),(17,'GXT'),(18,'GWT'),(19,'GXT'),(20,'GXT'),(41,'GXT'),(42,'GXT'),(43,'GXT'),(44,'GXT'),(45,'GXT'),(52,'GXT'),(53,'GXT'),(54,'GWT'),(55,'GXT'),(56,'GXT'),(57,'GWT'),(58,'GWT'),(59,'GXT'),(60,'GNT'),(61,'GNT'),(62,'GXT'),(63,'GXT'),(74,'GXT'),(75,'GXT'),(76,'GXT'),(77,'GXT'),(78,'GXT'),(79,'GXT'),(80,'GXT'),(81,'GXT'),(82,'GXT'),(83,'GXT'),(84,'GXT'),(85,'GXT'),(86,'GXT'),(87,'GXT'),(88,'GXT'),(89,'GXT'),(90,'GXT'),(91,'GXT'),(92,'GXT'),(93,'GXT'),(94,'GXT'),(95,'GWT'),(96,'GXT'),(97,'GXT'),(98,'GXT'),(99,'GXT'),(100,'GXT'),(101,'GXT'),(102,'GXT'),(103,'GXT'),(104,'GXT'),(105,'GXT'),(106,'GXT'),(107,'GWT'),(108,'GXT'),(109,'GXT'),(110,'GNT'),(111,'GNT'),(112,'GXT'),(113,'GNT'),(114,'GWT'),(115,'GWT'),(116,'GXT'),(117,'GXT'),(118,'GXT'),(119,'GWT'),(120,'GXT'),(121,'GWT'),(122,'GWT'),(123,'GNT'),(124,'GWT'),(125,'GXT'),(126,'GXT'),(127,'GNT'),(128,'GWT'),(129,'GXT'),(130,'GXT'),(131,'GWT'),(132,'GXT'),(133,'GXT'),(134,'GXT'),(135,'GXT'),(136,'GXT'),(137,'TWT'),(138,'GXT'),(139,'GXT'),(140,'GXT'),(141,'GXT'),(142,'GXT'),(143,'GXT'),(144,'GXT'),(146,'GXT'),(147,'GXT'),(148,'GXT'),(149,'GXT'),(150,'GXT'),(151,'GXT'),(152,'GXT'),(153,'TWT'),(154,'GXT'),(155,'GXT'),(156,'GXT'),(157,'GXT'),(158,'GXT'),(159,'GXT'),(160,'GXT'),(161,'GXT'),(162,'GXT'),(163,'GXT'),(164,'GXT'),(165,'GXT'),(166,'GXT'),(167,'GXT'),(168,'GXT'),(169,'GXT'),(170,'GXT'),(171,'GXT'),(172,'GXT'),(173,'GXT'),(174,'GXT'),(175,'GXT'),(176,'GXT'),(177,'GXT'),(178,'GXT'),(179,'GXT'),(180,'GXT'),(181,'GXT'),(182,'GXT'),(183,'GXT'),(184,'GXT'),(185,'GXT'),(186,'GXT'),(187,'GXT'),(188,'GXT'),(189,'GXT'),(190,'GXT'),(191,'GXT'),(192,'GXT'),(193,'GXT'),(194,'GXT'),(195,'GXT'),(196,'GXT'),(197,'GXT'),(198,'GXT'),(199,'GXT'),(200,'GXT'),(201,'GXT'),(202,'GXT'),(203,'GXT'),(204,'GXT'),(205,'GXT'),(206,'GXT'),(207,'GXT'),(208,'GXT'),(209,'GXT'),(210,'GXT'),(211,'GXT'),(212,'GXT'),(213,'GXT'),(214,'GXT'),(215,'GXT'),(216,'GXT'),(217,'GXT'),(218,'GXT'),(219,'GXT'),(220,'GXT'),(221,'GXT'),(222,'GXT'),(223,'GXT'),(224,'GXT'),(225,'GXT'),(226,'GXT'),(227,'GXT'),(228,'GXT'),(229,'GXT'),(230,'GXT'),(231,'GXT'),(232,'GXT'),(233,'GXT'),(234,'GXT'),(235,'GXT'),(236,'GXT'),(237,'GWT'),(238,'TWT'),(239,'GXT'),(240,'GXT'),(241,'GXT'),(242,'GXT'),(243,'GXT'),(244,'GXT'),(245,'GXT'),(246,'GXT'),(247,'GXT'),(248,'GXT'),(249,'GXT'),(250,'GXT'),(251,'GXT'),(252,'GXT'),(253,'GNT'),(254,'GXT'),(255,'GXT'),(256,'GXT'),(257,'GXT'),(258,'GXT'),(259,'GXT'),(260,'GXT'),(261,'GXT'),(262,'TWT'),(263,'TWT'),(264,'TWT'),(265,'TWT'),(266,'GXT'),(267,'GXT');
/*!40000 ALTER TABLE `vehicle_transaction_status` ENABLE KEYS */;
UNLOCK TABLES;

--
-- Table structure for table `weighment_transaction`
--

DROP TABLE IF EXISTS `weighment_transaction`;
/*!40101 SET @saved_cs_client     = @@character_set_client */;
/*!50503 SET character_set_client = utf8mb4 */;
CREATE TABLE `weighment_transaction` (
  `weighment_no` int NOT NULL AUTO_INCREMENT,
  `gross_weight` double NOT NULL,
  `machine_id` varchar(255) DEFAULT NULL,
  `net_weight` double NOT NULL,
  `tare_weight` double NOT NULL,
  `temporary_weight` double NOT NULL,
  `ticket_no` int DEFAULT NULL,
  PRIMARY KEY (`weighment_no`),
  UNIQUE KEY `UK_63v4fcwahr72jtg5q8wwjkass` (`ticket_no`),
  CONSTRAINT `FKksurplpa3y4v6mv9bigeqn3wj` FOREIGN KEY (`ticket_no`) REFERENCES `gate_entry_transaction` (`ticket_no`)
) ENGINE=InnoDB AUTO_INCREMENT=223 DEFAULT CHARSET=utf8mb4 COLLATE=utf8mb4_0900_ai_ci;
/*!40101 SET character_set_client = @saved_cs_client */;

--
-- Dumping data for table `weighment_transaction`
--

LOCK TABLES `weighment_transaction` WRITE;
/*!40000 ALTER TABLE `weighment_transaction` DISABLE KEYS */;
INSERT INTO `weighment_transaction` VALUES (1,48.03,'1',32.72,15.31,48.03,1),(2,48.03,'1',32.910000000000004,15.12,48.03,2),(3,47.64,'1',32.39,15.25,47.64,3),(4,47.93,'1',32.67,15.26,47.93,4),(5,47.76,'1',32.5,15.26,47.76,5),(6,56.36,'1',37.980000000000004,18.38,18.38,7),(7,42.06,'1',29.35,12.71,42.06,8),(8,18.49,'1',11.709999999999997,6.78,18.49,9),(9,54.02,'1',38.52,15.5,15.5,10),(10,47.68,'1',32.5,15.18,47.68,11),(11,47.74,'1',32.74,15,47.74,12),(12,0,'1',0,0,15.14,13),(13,18.46,'1',11.68,6.78,18.46,14),(14,47.9,'1',32.75,15.15,47.9,15),(15,18.44,'1',11.760000000000002,6.68,18.44,16),(16,42.17,'1',28.78,13.39,42.17,17),(17,35.09,'1',23.720000000000006,11.37,35.09,19),(18,35.07,'1',23.87,11.2,35.07,20),(19,36.81,'1',25.110000000000003,11.7,11.7,41),(20,35.04,'1',23.58,11.46,35.04,42),(21,35,'1',23.23,11.77,35,43),(22,34.89,'1',23.94,10.95,34.89,44),(23,35.04,'1',23.9,11.14,35.04,45),(24,47.75,'1',32.74,15.01,47.75,52),(25,42.13,'1',28.32,13.81,42.13,53),(26,0,'1',0,0,17.47,54),(27,35,'1',23.61,11.39,35,55),(28,42,'1',28.78,13.22,42,56),(29,0,'1',0,0,42.04,57),(30,0,'1',0,0,35,58),(31,47.62,'1',32.309999999999995,15.31,47.62,59),(32,47.31,'1',34.120000000000005,13.19,13.19,62),(33,47.47,'1',34.72,12.75,12.75,63),(34,43.3,'1',30.099999999999998,13.2,13.2,74),(35,47.91,'1',35.01,12.9,12.9,75),(36,36.16,'1',25.209999999999997,10.95,10.95,76),(37,18.42,'1',12.120000000000001,6.3,18.42,77),(38,18.46,'1',11.690000000000001,6.77,18.46,78),(39,47.34,'1',34.040000000000006,13.3,13.3,79),(40,46.93,'1',33.93,13,13,80),(41,56.6,'1',42.3,14.3,14.3,81),(42,35.04,'1',24.33,10.71,35.04,82),(43,35.03,'1',24.020000000000003,11.01,35.03,83),(44,35.06,'1',23.39,11.67,35.06,84),(45,35.01,'1',24.11,10.9,35.01,85),(46,35.11,'1',23.189999999999998,11.92,35.11,86),(47,35.1,'1',24.05,11.05,35.1,87),(48,35,'1',23.6,11.4,35,88),(49,42.61,'1',29.47,13.14,42.61,89),(50,34.99,'1',24.160000000000004,10.83,34.99,90),(51,42.62,'1',27.879999999999995,14.74,42.62,91),(52,35.04,'1',23.42,11.62,35.04,92),(53,42.26,'1',28.9,13.36,42.26,93),(54,42.04,'1',28.75,13.29,42.04,94),(55,0,'1',0,0,34.92,95),(56,18.4,'1',11.619999999999997,6.78,18.4,96),(57,18.32,'1',11.54,6.78,18.32,97),(58,35.11,'1',23.28,11.83,35.11,98),(59,42.16,'1',28.459999999999997,13.7,42.16,99),(60,47.32,'1',34.04,13.28,13.28,100),(61,46.76,'1',33.519999999999996,13.24,13.24,101),(62,56.42,'1',42.300000000000004,14.12,14.12,102),(63,46.68,'1',33.71,12.97,12.97,103),(64,49.52,'1',34.81,14.71,14.71,104),(65,44.03,'1',30.12,13.91,13.91,105),(66,49.1,'1',34.69,14.41,14.41,106),(67,0,'1',0,0,30,6),(68,0,'1',0,0,18.44,107),(69,18.49,'1',12.159999999999998,6.33,18.49,108),(70,18.44,'1',11.520000000000001,6.92,18.44,109),(71,42.17,'1',28.11,14.06,42.17,112),(72,0,'1',0,0,18.42,114),(73,0,'1',0,0,34.94,115),(74,42.37,'1',28.599999999999998,13.77,42.37,116),(75,47.74,'1',32.59,15.15,47.74,117),(76,48.64,'1',33.58,15.06,48.64,118),(77,35.08,'1',23.29,11.79,35.08,120),(78,42.54,'1',7.449999999999996,35.09,35.09,125),(79,35.1,'1',23.64,11.46,35.1,126),(80,0,'1',0,0,11.14,122),(81,0,'1',0,0,11.17,121),(82,0,'1',0,0,13.41,124),(83,0,'1',0,0,11.04,119),(84,35.16,'1',23.819999999999997,11.34,35.16,129),(85,18.38,'1',11.599999999999998,6.78,18.38,130),(86,0,'1',0,0,11.19,131),(87,36.4,'1',25.049999999999997,11.35,11.35,132),(88,18.49,'1',11.509999999999998,6.98,18.49,133),(89,35.17,'1',24.020000000000003,11.15,35.17,134),(90,42.08,'1',28.72,13.36,42.08,135),(91,48.47,'1',33.12,15.35,48.47,136),(92,47.96,'1',32.6,15.36,47.96,137),(93,41.94,'1',29.11,12.83,41.94,138),(94,18.49,'1',12.129999999999999,6.36,18.49,139),(95,34.99,'1',23.5,11.49,34.99,140),(96,18.46,'1',0,18.46,18.46,141),(97,48.61,'1',33.3,15.31,48.61,142),(98,35.07,'1',0,35.07,35.07,143),(99,35,'1',23.84,11.16,35,144),(100,42.33,'1',28.93,13.4,42.33,146),(101,0,'1',0,0,6.71,128),(102,35,'1',23.15,11.85,35,147),(103,35.01,'1',23.81,11.2,35.01,148),(104,34.99,'1',23.93,11.06,34.99,149),(105,41.99,'1',28.310000000000002,13.68,41.99,150),(106,35.03,'1',24.11,10.92,35.03,151),(107,48,'1',32.65,15.35,48,152),(108,48.22,'1',32.75,15.47,48.22,153),(109,35.09,'1',24.320000000000004,10.77,35.09,154),(110,56.61,'1',42.19,14.42,14.42,155),(111,42.5,'1',29.130000000000003,13.37,42.5,156),(112,42.36,'1',28.86,13.5,42.36,157),(113,41.8,'1',28.65,13.15,41.8,158),(114,18.43,'1',11.629999999999999,6.8,18.43,159),(115,48.08,'1',32.739999999999995,15.34,48.08,160),(116,48.06,'1',32.58,15.48,48.06,161),(117,18.44,'1',11.73,6.71,18.44,162),(118,18.52,'1',12.16,6.36,18.52,163),(119,47.88,'1',34.900000000000006,12.98,12.98,164),(120,41.98,'1',28.059999999999995,13.92,41.98,165),(121,48.39,'1',33.2,15.19,48.39,166),(122,35.16,'1',23.879999999999995,11.28,35.16,167),(123,56.49,'1',41.86,14.63,14.63,168),(124,34.95,'1',23.07,11.88,34.95,169),(125,18.44,'1',11.470000000000002,6.97,18.44,170),(126,42,'1',28.71,13.29,42,171),(127,35,'1',22.85,12.15,35,172),(128,35.08,'1',23.4,11.68,35.08,173),(129,35.06,'1',23.490000000000002,11.57,35.06,174),(130,41.97,'1',28.409999999999997,13.56,41.97,175),(131,18.43,'1',11.46,6.97,18.43,176),(132,41.89,'1',28.17,13.72,41.89,177),(133,0,'1',0,0,29.998,18),(134,18.45,'1',11.64,6.81,18.45,178),(135,35.02,'1',23.380000000000003,11.64,35.02,179),(136,35.04,'1',23.61,11.43,35.04,180),(137,34.9,'1',23.189999999999998,11.71,34.9,181),(138,34.99,'1',23.150000000000002,11.84,34.99,182),(139,18.48,'1',12.13,6.35,18.48,183),(140,18.4,'1',11.669999999999998,6.73,18.4,184),(141,35.05,'1',23.889999999999997,11.16,35.05,185),(142,34.97,'1',23.29,11.68,34.97,186),(143,41.96,'1',28.700000000000003,13.26,41.96,187),(144,41.9,'1',28.25,13.65,41.9,188),(145,18.45,'1',11.77,6.68,18.45,189),(146,18.48,'1',11.54,6.94,18.48,190),(147,35,'1',23.259999999999998,11.74,35,191),(148,34.92,'1',23.79,11.13,34.92,192),(149,18.4,'1',11.599999999999998,6.8,18.4,193),(150,34.91,'1',23.9,11.01,34.91,194),(151,18.43,'1',11.620000000000001,6.81,18.43,195),(152,54.28,'1',39.04,15.24,15.24,196),(153,48.24,'1',33.86,14.38,14.38,197),(154,56.48,'1',42.17999999999999,14.3,14.3,198),(155,56.5,'1',41.980000000000004,14.52,14.52,199),(156,46.84,'1',34.010000000000005,12.83,12.83,200),(157,42.96,'1',30.03,12.93,12.93,201),(158,56.64,'1',43.28,13.36,13.36,202),(159,35.15,'1',24.369999999999997,10.78,35.15,203),(160,35.05,'1',23.889999999999997,11.16,35.05,204),(161,35.47,'1',24.38,11.09,35.47,205),(162,42.11,'1',26.979999999999997,15.13,42.11,206),(163,18.49,'1',11.759999999999998,6.73,18.49,207),(164,47.74,'1',32.480000000000004,15.26,47.74,208),(165,18.44,'1',12.110000000000001,6.33,18.44,209),(166,18.47,'1',11.629999999999999,6.84,18.47,210),(167,48.13,'1',32.7,15.43,48.13,211),(168,34.97,'1',23.229999999999997,11.74,34.97,212),(169,47.66,'1',32.489999999999995,15.17,47.66,213),(170,41.94,'1',28.11,13.83,41.94,214),(171,47.64,'1',32.36,15.28,47.64,215),(172,42.05,'1',28.409999999999997,13.64,42.05,216),(173,35.05,'1',23.639999999999997,11.41,35.05,217),(174,48.94,'1',33.57,15.37,48.94,218),(175,42.06,'1',29.370000000000005,12.69,42.06,219),(176,56.44,'1',41.94,14.5,14.5,220),(177,36.31,'1',24.89,11.42,11.42,221),(178,42.1,'1',28.93,13.17,42.1,222),(179,42.05,'1',28.639999999999997,13.41,42.05,223),(180,35.06,'1',23.5,11.56,35.06,224),(181,34.96,'1',23.26,11.7,34.96,225),(182,18.49,'1',12.189999999999998,6.3,18.49,226),(183,47.56,'1',32.17,15.39,47.56,227),(184,41.95,'1',28.6,13.35,41.95,228),(185,42.05,'1',28.499999999999996,13.55,42.05,229),(186,18.42,'1',11.500000000000002,6.92,18.42,230),(187,18.42,'1',11.760000000000002,6.66,18.42,231),(188,18.53,'1',11.760000000000002,6.77,18.53,232),(189,56.64,'1',42.120000000000005,14.52,14.52,233),(190,56.51,'1',41.92,14.59,14.59,234),(191,56.61,'1',40.65,15.96,15.96,235),(192,56.57,'1',42.58,13.99,13.99,236),(193,0,'1',0,0,35.19,238),(194,48.71,'1',33.33,15.38,48.71,239),(195,0,'1',0,0,11.06,237),(196,42.3,'1',29.139999999999997,13.16,42.3,240),(197,18.47,'1',12.149999999999999,6.32,18.47,241),(198,35.14,'1',23.21,11.93,35.14,242),(199,18.47,'1',11.479999999999999,6.99,18.47,243),(200,35.19,'1',23.65,11.54,35.19,244),(201,47.84,'1',32.46,15.38,47.84,245),(202,42.27,'1',28.630000000000003,13.64,42.27,246),(203,49.58,'1',36.08,13.5,13.5,247),(204,47.3,'1',34.94,12.36,12.36,248),(205,56.28,'1',42.4,13.88,13.88,249),(206,56.47,'1',42.22,14.25,14.25,250),(207,34.98,'1',23.72,11.26,34.98,251),(208,47.11,'1',34.18,12.93,12.93,252),(209,47.04,'1',34.12,12.92,12.92,254),(210,46.88,'1',34.260000000000005,12.62,12.62,255),(211,42.25,'1',28.91,13.34,42.25,256),(212,56.44,'1',42.33,14.11,14.11,257),(213,55.04,'1',41.37,13.67,13.67,258),(214,47.43,'1',35,12.43,12.43,259),(215,56.5,'1',41.99,14.51,14.51,260),(216,41.91,'1',28.79,13.12,41.91,261),(217,0,'1',0,0,13.39,262),(218,0,'1',0,0,10.74,263),(219,0,'1',0,0,11.06,264),(220,0,'1',0,0,13.87,265),(221,53.4,'1',37.31,16.09,53.4,266),(222,52.51,'1',36.91,15.6,52.51,267);
/*!40000 ALTER TABLE `weighment_transaction` ENABLE KEYS */;
UNLOCK TABLES;
/*!40103 SET TIME_ZONE=@OLD_TIME_ZONE */;

/*!40101 SET SQL_MODE=@OLD_SQL_MODE */;
/*!40014 SET FOREIGN_KEY_CHECKS=@OLD_FOREIGN_KEY_CHECKS */;
/*!40014 SET UNIQUE_CHECKS=@OLD_UNIQUE_CHECKS */;
/*!40101 SET CHARACTER_SET_CLIENT=@OLD_CHARACTER_SET_CLIENT */;
/*!40101 SET CHARACTER_SET_RESULTS=@OLD_CHARACTER_SET_RESULTS */;
/*!40101 SET COLLATION_CONNECTION=@OLD_COLLATION_CONNECTION */;
/*!40111 SET SQL_NOTES=@OLD_SQL_NOTES */;

-- Dump completed on 2024-08-24  0:00:02
